/data/user7/wt/datasets/M3FD/M3FD/VOCdevkit/VOC2007/JPEGImages/00000.jpg 46,372,82,478,4 289,380,314,450,4 271,383,286,411,4 693,411,703,434,4 1,358,53,437,1 37,338,223,410,1 75,385,295,501,1 495,368,641,510,1 620,398,685,485,1 723,287,967,523,1 334,396,499,450,1
/data/user7/wt/datasets/M3FD/M3FD/VOCdevkit/VOC2007/JPEGImages/00001.jpg 1,357,91,474,1 68,353,281,486,1 1,329,108,379,1 270,382,351,459,1 355,392,483,439,1 481,379,569,462,1 559,390,615,452,1 623,374,802,496,1 785,376,893,468,1 857,349,1024,516,1 285,373,298,385,4
/data/user7/wt/datasets/M3FD/M3FD/VOCdevkit/VOC2007/JPEGImages/00004.jpg 1,339,155,532,1 145,387,193,470,1 169,380,319,489,1 67,346,172,391,1 301,401,355,468,1 356,407,475,449,1 473,399,551,473,1 544,408,591,460,1 593,402,689,481,1 686,360,988,554,1
/data/user7/wt/datasets/M3FD/M3FD/VOCdevkit/VOC2007/JPEGImages/00005.jpg 2,351,63,506,1 9,347,217,527,1 88,356,200,391,1 202,386,334,486,1 315,403,367,470,1 367,405,482,454,1 478,400,554,479,1 548,410,593,466,1 599,405,674,472,1 645,375,874,532,1 840,383,953,504,1
/data/user7/wt/datasets/M3FD/M3FD/VOCdevkit/VOC2007/JPEGImages/00008.jpg 1,346,70,505,1 23,341,227,506,1 134,355,314,491,1 277,383,371,469,1 363,402,396,464,1 395,409,495,447,1 495,403,563,467,1 558,411,600,457,1 607,391,721,481,1 720,397,772,434,1 708,378,1024,551,1
/data/user7/wt/datasets/M3FD/M3FD/VOCdevkit/VOC2007/JPEGImages/00009.jpg 1,239,94,502,1 74,360,135,486,1 90,348,263,508,1 175,360,330,489,1 305,393,386,458,1 399,410,497,451,1 498,403,563,467,1 562,412,601,461,1 597,406,615,431,1 609,400,696,476,1 667,390,947,532,1
/data/user7/wt/datasets/M3FD/M3FD/VOCdevkit/VOC2007/JPEGImages/00010.jpg 1,247,152,516,1 132,376,171,477,1 139,353,283,493,1 208,370,344,483,1 326,387,406,458,1 399,409,498,447,1 499,401,563,466,1 555,409,599,465,1 601,399,675,468,1 633,394,861,509,1 913,406,1024,618,1
/data/user7/wt/datasets/M3FD/M3FD/VOCdevkit/VOC2007/JPEGImages/00012.jpg 1,218,61,587,4 51,263,204,491,1 159,351,304,483,1 263,366,362,465,1 350,386,407,466,1 409,401,501,442,1 503,396,560,455,1 554,405,596,456,1 596,396,647,451,1 608,392,788,490,1 747,389,832,476,1 824,344,1024,624,1
/data/user7/wt/datasets/M3FD/M3FD/VOCdevkit/VOC2007/JPEGImages/00013.jpg 86,263,169,559,4 1,255,117,534,1 137,285,231,489,1 224,374,318,476,1 282,382,366,462,1 340,393,401,465,1 406,409,493,448,1 494,401,554,462,1 548,411,587,451,1 583,401,726,490,1 716,395,803,459,1 759,368,1024,574,1
/data/user7/wt/datasets/M3FD/M3FD/VOCdevkit/VOC2007/JPEGImages/00015.jpg 1,296,202,519,1 259,383,326,479,1 313,398,364,470,1 356,401,393,469,1 394,416,471,453,1 474,412,527,464,1 525,417,557,455,1 555,411,646,474,1 646,411,683,459,1 663,395,882,524,1 191,310,275,524,4
/data/user7/wt/datasets/M3FD/M3FD/VOCdevkit/VOC2007/JPEGImages/00016.jpg 1,309,224,506,1 283,397,318,460,1 319,399,374,463,1 381,415,454,449,1 455,409,510,460,1 507,413,538,452,1 534,407,610,470,1 617,394,796,512,1 233,319,296,513,4
/data/user7/wt/datasets/M3FD/M3FD/VOCdevkit/VOC2007/JPEGImages/00019.jpg 272,352,316,482,4 1,335,241,484,1 230,349,278,460,1 344,412,399,446,1 400,408,452,461,1 453,415,478,450,1 476,409,530,466,1 518,403,620,478,1 605,407,650,467,1
/data/user7/wt/datasets/M3FD/M3FD/VOCdevkit/VOC2007/JPEGImages/00022.jpg 113,378,149,468,4 303,380,334,448,4 292,387,302,400,4 682,413,689,436,4 696,411,706,437,4 1,360,86,570,1 5,359,114,435,1 81,345,248,410,1 128,390,324,495,1 350,401,506,456,1 504,375,636,497,1 621,395,684,482,1 714,328,867,495,1 937,362,1024,516,1
/data/user7/wt/datasets/M3FD/M3FD/VOCdevkit/VOC2007/JPEGImages/00023.jpg 295,370,335,475,4 912,374,957,476,4 959,392,984,479,4 980,387,1005,478,4 2,328,94,497,1 3,310,112,446,1 97,353,268,478,1 329,419,370,451,1 379,411,424,463,1 420,417,450,456,1 460,411,541,474,1 539,412,611,469,1
/data/user7/wt/datasets/M3FD/M3FD/VOCdevkit/VOC2007/JPEGImages/00024.jpg 1,387,70,517,1 1,334,155,503,1 145,370,297,489,1 386,426,432,474,1 428,429,453,470,1 464,424,534,482,1 542,425,609,480,1 347,430,380,466,1 898,389,920,487,4 920,409,950,489,4 941,403,966,484,4 314,387,357,482,4
/data/user7/wt/datasets/M3FD/M3FD/VOCdevkit/VOC2007/JPEGImages/00025.jpg 1,368,128,510,1 1,328,183,486,1 179,362,308,469,1 395,418,438,463,1 434,420,461,460,1 468,419,532,471,1 529,419,553,460,1 546,415,611,468,1 359,427,386,455,1 920,381,1024,557,1 874,380,902,474,4 897,396,917,473,4 913,387,938,466,4 332,382,368,472,4
/data/user7/wt/datasets/M3FD/M3FD/VOCdevkit/VOC2007/JPEGImages/00026.jpg 1,370,183,526,1 85,366,225,511,1 210,384,325,486,1 397,429,445,483,1 443,437,469,474,1 474,434,529,482,1 552,432,613,483,1 534,435,562,478,1 352,400,392,484,4 861,401,881,475,4 882,416,911,466,4 883,395,1024,542,1 890,378,1024,710,1
/data/user7/wt/datasets/M3FD/M3FD/VOCdevkit/VOC2007/JPEGImages/00027.jpg 1,370,227,516,1 110,369,262,476,1 246,389,341,480,1 411,431,454,476,1 447,433,474,474,1 478,432,532,477,1 552,428,615,479,1 537,436,564,468,1 740,298,1024,679,1 370,397,407,477,4
/data/user7/wt/datasets/M3FD/M3FD/VOCdevkit/VOC2007/JPEGImages/00028.jpg 381,393,412,473,4 1,361,124,511,1 41,370,252,493,1 110,358,280,486,1 258,379,354,476,1 414,426,456,469,1 686,328,1024,601,1 479,427,526,470,1 552,426,612,473,1 539,430,563,465,1 454,434,476,467,1
/data/user7/wt/datasets/M3FD/M3FD/VOCdevkit/VOC2007/JPEGImages/00029.jpg 1,274,97,529,1 78,362,170,504,1 97,373,273,487,1 134,362,297,472,1 278,380,355,466,1 414,417,454,466,1 474,420,520,464,1 548,418,609,466,1 534,424,560,459,1 451,428,477,459,1 639,353,936,551,1 905,379,1012,493,1 386,392,414,459,4
/data/user7/wt/datasets/M3FD/M3FD/VOCdevkit/VOC2007/JPEGImages/00030.jpg 388,401,416,468,4 1,272,175,532,1 155,378,209,500,1 176,399,279,480,1 191,371,297,473,1 293,390,352,473,1 411,426,450,472,1 446,432,469,467,1 471,431,515,468,1 546,427,594,472,1 529,429,549,466,1 600,380,813,527,1 808,384,948,516,1 909,385,1024,530,1
/data/user7/wt/datasets/M3FD/M3FD/VOCdevkit/VOC2007/JPEGImages/00031.jpg 1,289,227,519,1 207,390,300,479,1 227,371,312,462,1 298,387,365,467,1 404,423,438,466,1 435,429,459,462,1 462,427,502,463,1 515,429,538,463,1 535,423,580,467,1 569,384,738,503,1 737,399,892,499,1 859,377,1024,536,1 382,401,410,465,4
/data/user7/wt/datasets/M3FD/M3FD/VOCdevkit/VOC2007/JPEGImages/00032.jpg 375,394,396,455,4 544,383,686,489,1 704,393,855,486,1 814,378,1024,521,1 723,394,740,419,4 516,418,554,460,1 502,421,522,454,1 454,423,489,456,1 392,419,426,459,1 422,422,447,457,1 1,298,248,504,1 228,359,309,477,1 290,375,358,465,1
/data/user7/wt/datasets/M3FD/M3FD/VOCdevkit/VOC2007/JPEGImages/00033.jpg 159,383,185,438,4 316,386,340,433,4 300,386,309,397,4 683,415,692,439,4 698,412,707,440,4 1,332,149,559,1 156,396,338,492,1 98,347,262,424,1 360,398,513,455,1 509,380,634,501,1 616,398,681,482,1 711,346,838,492,1 914,365,1024,516,1
/data/user7/wt/datasets/M3FD/M3FD/VOCdevkit/VOC2007/JPEGImages/00036.jpg 372,407,394,455,4 680,405,692,426,4 1,292,167,488,1 88,344,319,492,1 323,388,367,468,1 392,426,423,464,1 423,428,436,461,1 438,433,453,460,1 453,429,477,461,1 490,429,511,464,1 513,406,602,474,1 664,406,766,484,1 742,398,912,501,1 805,218,1024,653,1 3,420,112,573,1
/data/user7/wt/datasets/M3FD/M3FD/VOCdevkit/VOC2007/JPEGImages/00039.jpg 632,334,860,514,1 812,319,1024,673,1 505,410,570,460,1 1,332,238,555,1 1,335,328,510,1 1,302,311,445,1 249,358,385,455,1 404,421,437,454,1 460,427,485,452,1 437,424,458,452,1
/data/user7/wt/datasets/M3FD/M3FD/VOCdevkit/VOC2007/JPEGImages/00040.jpg 501,409,564,460,1 608,348,795,498,1 736,341,1024,626,1 2,324,280,520,1 94,345,351,498,1 36,322,328,428,1 284,362,395,462,1 411,424,440,451,1 437,426,469,452,1 396,403,411,436,4 465,433,481,448,1
/data/user7/wt/datasets/M3FD/M3FD/VOCdevkit/VOC2007/JPEGImages/00041.jpg 1,337,327,505,1 169,361,374,488,1 103,326,350,424,1 312,374,405,461,1 394,409,411,448,4 494,412,553,459,1 582,364,727,482,1 674,364,1014,555,1 412,424,433,448,1 436,424,469,451,1
/data/user7/wt/datasets/M3FD/M3FD/VOCdevkit/VOC2007/JPEGImages/00042.jpg 1,348,347,505,1 137,343,358,426,1 640,378,872,528,1 913,351,1024,528,1 828,389,944,486,1 564,374,682,476,1 490,412,540,457,1 433,424,467,452,1 330,376,394,435,1 395,402,413,436,4
/data/user7/wt/datasets/M3FD/M3FD/VOCdevkit/VOC2007/JPEGImages/00043.jpg 1,357,369,487,1 612,386,804,515,1 786,390,895,478,1 868,351,1024,526,1 485,417,532,454,1 435,424,467,451,1 340,372,407,437,1 168,343,361,424,1
/data/user7/wt/datasets/M3FD/M3FD/VOCdevkit/VOC2007/JPEGImages/00044.jpg 1,332,190,545,1 128,353,274,406,1 190,394,349,489,1 367,402,515,455,1 514,382,628,489,1 617,402,676,478,1 706,361,818,479,1 894,371,1024,488,1 697,416,707,440,4 682,416,690,440,4 325,386,351,428,4 186,387,214,425,4 879,416,1024,689,1
/data/user7/wt/datasets/M3FD/M3FD/VOCdevkit/VOC2007/JPEGImages/00045.jpg 1,305,238,570,1 109,347,382,473,1 203,341,383,424,1 353,369,416,433,1 427,411,468,443,1 481,407,524,443,1 532,376,625,455,1 599,382,742,482,1 740,384,857,467,1 753,334,1024,657,1
/data/user7/wt/datasets/M3FD/M3FD/VOCdevkit/VOC2007/JPEGImages/00046.jpg 1,316,302,547,1 201,376,397,473,1 232,359,400,434,1 438,420,467,451,1 478,414,520,451,1 528,391,604,457,1 581,399,701,482,1 669,382,1024,581,1
/data/user7/wt/datasets/M3FD/M3FD/VOCdevkit/VOC2007/JPEGImages/00047.jpg 640,394,884,539,1 911,383,1024,547,1 798,382,955,476,1 568,402,670,477,1 520,397,590,461,1 478,420,517,455,1 436,424,466,451,1 1,339,340,562,1 244,377,408,478,1 255,369,398,430,1
/data/user7/wt/datasets/M3FD/M3FD/VOCdevkit/VOC2007/JPEGImages/00048.jpg 1,355,367,524,1 295,391,417,473,1 286,374,413,432,1 440,425,468,454,1 479,424,512,456,1 519,404,575,459,1 562,409,640,470,1 613,403,785,522,1 762,389,899,487,1 853,395,1024,539,1
/data/user7/wt/datasets/M3FD/M3FD/VOCdevkit/VOC2007/JPEGImages/00049.jpg 62,375,380,524,1 297,388,417,476,1 426,439,461,462,1 465,434,500,464,1 500,416,555,468,1 545,420,611,474,1 590,420,720,519,1 724,405,853,493,1 801,412,1024,533,1
/data/user7/wt/datasets/M3FD/M3FD/VOCdevkit/VOC2007/JPEGImages/00050.jpg 1,330,157,548,1 134,366,387,497,1 314,382,417,460,1 425,424,453,452,1 461,420,490,449,1 495,406,544,453,1 532,409,590,457,1 570,406,681,492,1 677,407,719,461,1 710,393,817,480,1 782,399,981,510,1 779,410,828,475,4
/data/user7/wt/datasets/M3FD/M3FD/VOCdevkit/VOC2007/JPEGImages/00051.jpg 965,365,999,485,4 744,397,781,490,4 711,400,919,503,1 648,405,702,461,1 686,394,738,460,1 551,408,651,487,1 513,411,570,456,1 485,408,532,447,1 447,417,486,448,1 422,423,438,445,1 322,377,417,454,1 186,373,394,485,1 1,342,228,553,1
/data/user7/wt/datasets/M3FD/M3FD/VOCdevkit/VOC2007/JPEGImages/00052.jpg 701,385,745,488,4 910,370,940,482,4 970,392,990,418,4 532,415,618,479,1 633,414,679,464,1 667,400,744,461,1 684,405,868,497,1 1,359,261,536,1 225,382,401,486,1 328,386,413,458,1 497,415,547,454,1 471,412,513,451,1 439,424,470,453,1
/data/user7/wt/datasets/M3FD/M3FD/VOCdevkit/VOC2007/JPEGImages/00053.jpg 1,362,284,512,1 255,374,399,471,1 524,408,603,469,1 482,409,536,449,1 433,418,466,443,1 465,405,499,444,1 618,405,664,451,1 651,394,734,441,1 669,397,834,480,1 671,378,722,474,4 873,366,900,472,4 939,388,959,413,4
/data/user7/wt/datasets/M3FD/M3FD/VOCdevkit/VOC2007/JPEGImages/00054.jpg 651,382,690,474,4 831,374,860,471,4 901,389,925,416,4 979,393,999,423,4 71,374,309,500,1 283,386,405,471,1 514,410,578,466,1 570,408,607,451,1 601,410,646,454,1 471,414,524,449,1 428,420,461,446,1 648,404,798,481,1
/data/user7/wt/datasets/M3FD/M3FD/VOCdevkit/VOC2007/JPEGImages/00055.jpg 1,331,221,530,1 220,389,359,484,1 369,400,516,451,1 509,385,624,490,1 610,401,671,474,1 703,365,805,468,1 774,327,1024,645,1 678,410,686,435,4 693,409,701,434,4 329,381,355,418,4 213,385,233,411,4
/data/user7/wt/datasets/M3FD/M3FD/VOCdevkit/VOC2007/JPEGImages/00056.jpg 2,356,47,468,4 647,394,675,490,4 134,389,334,500,1 314,386,413,473,1 470,418,515,455,1 512,417,571,467,1 567,413,605,458,1 741,378,1024,585,1 647,410,775,483,1 432,425,460,451,1 604,414,637,466,1 628,409,700,470,1 101,392,120,419,4
/data/user7/wt/datasets/M3FD/M3FD/VOCdevkit/VOC2007/JPEGImages/00057.jpg 234,385,255,403,4 327,378,349,413,4 671,409,681,433,4 705,339,1024,616,1 507,380,613,482,1 599,397,659,473,1 368,395,511,447,1 236,389,360,480,1 163,348,284,404,1 1,338,244,542,1
/data/user7/wt/datasets/M3FD/M3FD/VOCdevkit/VOC2007/JPEGImages/00058.jpg 1,347,263,518,1 181,348,278,399,1 261,389,359,473,1 358,396,504,443,1 500,382,597,474,1 582,396,647,473,1 663,361,1024,563,1 663,367,741,450,1 654,404,668,455,4 312,375,332,393,4
/data/user7/wt/datasets/M3FD/M3FD/VOCdevkit/VOC2007/JPEGImages/00060.jpg 744,427,760,472,4 455,398,462,415,2 684,425,700,463,4 903,413,999,481,1 852,427,918,480,1 797,430,884,478,1 696,432,741,465,1 572,426,633,482,1 549,436,583,472,1 520,437,536,464,1 532,436,558,466,1 495,426,513,440,1
/data/user7/wt/datasets/M3FD/M3FD/VOCdevkit/VOC2007/JPEGImages/00061.jpg 516,389,523,408,2 602,416,640,450,1 530,409,650,444,0 591,421,608,446,1 659,419,667,441,4 815,389,943,471,1 938,411,1024,462,1 694,420,737,446,1 309,393,355,474,4 265,399,293,478,4 221,399,245,479,4 240,401,266,479,4 741,417,750,443,4
/data/user7/wt/datasets/M3FD/M3FD/VOCdevkit/VOC2007/JPEGImages/00063.jpg 277,405,295,467,4 286,401,307,471,4 310,402,337,469,4 345,401,390,468,4 794,386,912,474,1 525,386,532,405,2 739,413,748,439,4 701,417,736,443,1 568,407,683,434,0 604,417,642,445,1 898,409,1001,450,1
/data/user7/wt/datasets/M3FD/M3FD/VOCdevkit/VOC2007/JPEGImages/00064.jpg 593,405,680,432,0 603,420,641,449,1 651,419,658,436,4 559,413,578,432,1 525,388,534,407,2 735,418,743,443,4 759,419,766,441,4 696,418,736,444,1 787,394,892,462,1 882,408,978,450,1 363,400,403,462,4 328,403,359,467,4 305,407,327,468,4
/data/user7/wt/datasets/M3FD/M3FD/VOCdevkit/VOC2007/JPEGImages/00065.jpg 374,406,413,465,4 341,408,367,469,4 320,410,341,467,4 557,418,578,439,1 527,392,536,409,2 648,424,655,441,4 595,410,678,433,0 603,422,641,451,1 778,400,878,467,1 731,421,740,445,4 697,421,730,446,1 755,423,762,442,4 868,414,958,456,1
/data/user7/wt/datasets/M3FD/M3FD/VOCdevkit/VOC2007/JPEGImages/00066.jpg 530,393,538,409,2 335,408,351,461,4 346,412,361,463,4 358,408,381,466,4 385,405,424,460,4 601,420,637,450,1 562,418,580,436,1 621,413,685,441,0 729,421,737,445,4 750,420,759,441,4 695,421,729,447,1 766,402,859,467,1 850,415,936,455,1
/data/user7/wt/datasets/M3FD/M3FD/VOCdevkit/VOC2007/JPEGImages/00067.jpg 534,393,542,408,2 404,406,434,459,4 377,409,400,462,4 363,411,382,462,4 352,411,370,462,4 758,399,845,465,1 727,419,736,443,4 844,415,926,455,1 608,422,641,447,1 565,418,586,435,1 696,421,727,445,1 644,412,691,440,0
/data/user7/wt/datasets/M3FD/M3FD/VOCdevkit/VOC2007/JPEGImages/00068.jpg 413,408,448,456,4 727,419,735,444,4 646,421,654,439,4 390,411,409,463,4 363,411,378,463,4 375,411,393,463,4 568,419,586,435,1 537,393,546,411,2 761,402,841,462,1 836,416,914,450,1 698,423,727,445,1 616,423,642,446,1
/data/user7/wt/datasets/M3FD/M3FD/VOCdevkit/VOC2007/JPEGImages/00069.jpg 648,424,657,439,4 730,418,737,443,4 424,411,457,455,4 403,413,421,460,4 391,412,405,461,4 378,412,394,460,4 574,418,593,435,1 545,394,551,411,2 616,422,645,447,1 756,403,832,458,1 701,423,729,444,1 827,417,908,451,1
/data/user7/wt/datasets/M3FD/M3FD/VOCdevkit/VOC2007/JPEGImages/00070.jpg 610,422,643,445,1 744,403,818,457,1 811,416,878,444,1 697,422,722,442,1 724,417,732,439,4 431,407,460,455,4 410,411,429,455,4 398,412,410,455,4 386,415,401,455,4 573,419,591,434,1 644,421,654,437,4 543,393,551,407,2
/data/user7/wt/datasets/M3FD/M3FD/VOCdevkit/VOC2007/JPEGImages/00071.jpg 570,425,623,473,1 550,431,577,467,1 498,425,514,442,1 456,398,464,419,2 669,427,685,459,4 737,424,750,465,4 684,430,729,465,1 929,418,1015,478,1 837,428,894,471,1 796,425,853,471,1 772,425,822,462,1 885,413,1003,473,1
/data/user7/wt/datasets/M3FD/M3FD/VOCdevkit/VOC2007/JPEGImages/00072.jpg 429,406,458,449,4 409,408,428,453,4 397,410,411,453,4 387,410,399,453,4 567,418,583,430,1 606,413,635,444,1 735,402,802,452,1 713,417,720,436,4 687,418,712,438,1 535,390,544,406,2 809,412,866,441,1
/data/user7/wt/datasets/M3FD/M3FD/VOCdevkit/VOC2007/JPEGImages/00073.jpg 499,418,516,432,1 566,418,616,461,1 549,421,573,457,1 658,420,671,450,4 673,421,722,452,1 458,391,466,407,2 728,414,741,452,4 930,367,1024,497,1 858,400,957,462,1 761,418,816,448,1 780,415,846,455,1 821,416,872,454,1
/data/user7/wt/datasets/M3FD/M3FD/VOCdevkit/VOC2007/JPEGImages/00074.jpg 5,386,86,533,4 723,427,738,465,4 652,433,664,460,4 503,430,521,443,1 567,431,614,473,1 548,434,574,467,1 666,435,720,464,1 775,428,856,468,1 847,414,921,471,1 895,375,1024,509,1 462,403,471,422,2 433,423,492,452,2 756,431,808,459,1
/data/user7/wt/datasets/M3FD/M3FD/VOCdevkit/VOC2007/JPEGImages/00075.jpg 470,388,478,405,2 431,406,511,439,0 509,413,528,430,1 571,415,615,455,1 557,420,576,449,1 672,420,718,450,1 875,363,1024,490,1 842,400,902,459,1 803,417,850,452,1 723,411,737,449,4 650,417,660,445,4 87,370,154,506,4 1,379,41,515,4 766,416,833,454,1 757,416,815,441,1
/data/user7/wt/datasets/M3FD/M3FD/VOCdevkit/VOC2007/JPEGImages/00076.jpg 25,382,50,491,4 39,376,75,492,4 78,376,120,500,4 151,372,226,489,4 650,410,663,437,4 727,407,740,440,4 859,364,1024,478,1 459,401,544,440,0 482,380,491,397,2 576,407,620,448,1 680,414,724,441,1 831,399,876,451,1 802,407,849,441,1 769,410,822,447,1 756,408,812,439,1
/data/user7/wt/datasets/M3FD/M3FD/VOCdevkit/VOC2007/JPEGImages/00078.jpg 144,406,155,488,4 152,404,182,488,4 186,403,220,488,4 244,396,308,487,4 656,426,669,453,4 737,422,746,457,4 481,418,605,456,0 592,424,633,464,1 500,396,508,414,2 837,392,994,490,1 688,430,734,458,1 800,427,846,461,1 770,429,819,461,1 760,426,808,454,1
/data/user7/wt/datasets/M3FD/M3FD/VOCdevkit/VOC2007/JPEGImages/00080.jpg 767,420,872,480,1 730,426,772,457,1 610,423,646,449,1 108,377,342,540,1 355,419,382,465,4 356,430,382,469,3 808,189,828,232,4 662,169,679,231,4 644,180,663,233,4 362,197,388,235,4 27,184,59,244,4 771,409,785,426,4 510,432,517,442,3 510,427,517,434,4
/data/user7/wt/datasets/M3FD/M3FD/VOCdevkit/VOC2007/JPEGImages/00081.jpg 797,221,813,265,4 663,209,686,263,4 651,219,667,263,4 353,226,373,267,4 89,230,109,274,4 349,437,372,482,4 348,447,375,487,3 82,389,328,563,1 599,443,628,467,1 709,443,788,490,1 506,450,514,462,3 508,445,514,453,4
/data/user7/wt/datasets/M3FD/M3FD/VOCdevkit/VOC2007/JPEGImages/00082.jpg 789,210,806,258,4 667,197,684,256,4 652,205,670,256,4 353,210,369,251,4 120,209,150,259,4 346,411,369,455,4 747,406,766,443,4 345,421,372,466,3 681,420,746,460,1 593,417,620,441,1 52,359,324,539,1 507,427,512,437,3 507,421,512,427,4
/data/user7/wt/datasets/M3FD/M3FD/VOCdevkit/VOC2007/JPEGImages/00084.jpg 731,423,748,459,4 778,252,795,296,4 671,241,691,293,4 344,252,362,289,4 210,253,223,292,4 38,259,49,297,4 341,425,367,473,4 343,437,371,479,3 675,438,706,461,1 637,438,681,468,1 583,434,607,454,1 1,364,288,570,1 508,441,514,452,3 509,435,514,444,4
/data/user7/wt/datasets/M3FD/M3FD/VOCdevkit/VOC2007/JPEGImages/00085.jpg 720,422,740,456,4 675,250,688,300,4 664,257,680,300,4 341,259,359,298,4 238,262,256,299,4 337,420,363,474,4 335,433,366,477,3 664,436,695,460,1 629,434,664,462,1 582,432,604,451,1 1,353,267,587,1 508,440,516,450,3 508,432,514,441,4 500,433,509,446,1
/data/user7/wt/datasets/M3FD/M3FD/VOCdevkit/VOC2007/JPEGImages/00088.jpg 706,419,716,445,4 321,419,353,474,4 161,291,177,324,4 305,285,326,318,4 337,287,347,316,4 321,438,360,481,3 1,328,168,596,1 642,436,669,456,1 608,434,631,455,1 511,440,520,454,3 511,433,518,445,4 842,404,1014,482,5
/data/user7/wt/datasets/M3FD/M3FD/VOCdevkit/VOC2007/JPEGImages/00089.jpg 701,425,711,448,4 326,298,341,330,4 181,304,196,337,4 316,427,346,483,4 333,298,342,330,4 314,442,348,492,3 1,331,121,623,1 638,439,667,461,1 598,440,623,460,1 511,448,523,460,3 513,439,520,452,4 796,409,943,482,5
/data/user7/wt/datasets/M3FD/M3FD/VOCdevkit/VOC2007/JPEGImages/00090.jpg 756,313,771,345,4 696,440,706,463,4 308,442,341,499,4 345,320,360,350,4 329,321,343,351,4 203,327,216,357,4 304,459,343,510,3 1,396,43,656,1 748,425,868,490,5 634,453,661,474,1 597,455,619,473,1 511,462,523,474,3 513,453,520,465,4
/data/user7/wt/datasets/M3FD/M3FD/VOCdevkit/VOC2007/JPEGImages/00091.jpg 761,318,772,345,4 689,313,698,325,4 694,439,705,462,4 230,327,237,355,4 330,324,344,354,4 366,322,377,350,4 303,437,338,497,4 298,456,341,507,3 712,428,812,488,5 634,451,659,471,1 594,453,617,469,1 516,458,525,471,3 518,453,522,461,4
/data/user7/wt/datasets/M3FD/M3FD/VOCdevkit/VOC2007/JPEGImages/00092.jpg 762,291,775,328,4 694,287,705,310,4 694,409,703,429,4 383,291,398,324,4 333,293,347,324,4 243,297,255,328,4 301,401,334,467,4 297,422,340,473,3 695,399,776,454,5 634,421,656,438,1 593,422,613,437,1 403,296,416,325,4 519,428,529,442,3 520,421,528,434,4
/data/user7/wt/datasets/M3FD/M3FD/VOCdevkit/VOC2007/JPEGImages/00093.jpg 764,310,774,338,4 702,305,710,332,4 697,307,704,324,4 292,408,326,474,4 401,304,412,336,4 335,307,343,337,4 262,308,274,337,4 289,428,330,478,3 675,416,740,465,5 631,434,650,451,1 519,438,528,452,3 520,433,526,443,4
/data/user7/wt/datasets/M3FD/M3FD/VOCdevkit/VOC2007/JPEGImages/00094.jpg 753,314,765,350,4 695,311,706,348,4 685,313,698,349,4 407,311,421,339,4 325,314,338,341,4 273,314,287,343,4 280,410,315,477,4 275,434,320,486,3 645,416,704,462,5 622,432,640,446,1 511,438,523,454,3 514,430,521,446,4
/data/user7/wt/datasets/M3FD/M3FD/VOCdevkit/VOC2007/JPEGImages/00095.jpg 745,321,763,355,4 692,320,705,352,4 685,320,697,353,4 415,316,431,345,4 321,319,335,348,4 281,321,292,347,4 270,413,306,480,4 266,433,312,490,3 637,421,682,465,5 614,436,634,452,1 402,321,417,346,4 506,442,517,457,3 508,433,517,446,4
/data/user7/wt/datasets/M3FD/M3FD/VOCdevkit/VOC2007/JPEGImages/00096.jpg 743,334,758,366,4 691,330,699,363,4 684,332,693,363,4 670,433,681,462,4 425,331,433,357,4 317,334,325,360,4 291,336,303,360,4 264,421,300,491,4 258,441,307,501,3 624,432,662,470,5 503,452,514,465,3 505,444,513,457,4 514,442,523,461,1 607,445,621,458,1
/data/user7/wt/datasets/M3FD/M3FD/VOCdevkit/VOC2007/JPEGImages/00097.jpg 742,329,755,362,4 691,325,702,358,4 682,328,697,359,4 435,327,446,353,4 313,330,323,356,4 304,332,313,356,4 257,414,300,487,4 662,425,675,456,4 253,438,307,498,3 611,425,645,461,5 502,444,513,459,3 503,433,512,446,4 514,435,523,454,1
/data/user7/wt/datasets/M3FD/M3FD/VOCdevkit/VOC2007/JPEGImages/00098.jpg 690,329,703,362,4 684,331,696,362,4 660,426,672,456,4 442,329,454,357,4 311,333,326,360,4 309,333,318,360,4 252,413,292,490,4 246,435,300,501,3 604,426,636,459,5 501,442,511,459,3 502,433,510,447,4 510,437,520,453,1
/data/user7/wt/datasets/M3FD/M3FD/VOCdevkit/VOC2007/JPEGImages/00099.jpg 1011,444,1024,493,4 988,446,1008,494,4 740,361,749,381,4 693,360,699,385,4 687,362,693,385,4 449,359,457,383,4 323,363,330,387,4 306,363,312,387,4 238,439,279,518,4 655,453,665,470,4 232,463,289,531,3 591,454,624,486,5 495,468,507,486,3 498,460,506,476,4 509,465,518,482,1
/data/user7/wt/datasets/M3FD/M3FD/VOCdevkit/VOC2007/JPEGImages/00100.jpg 971,415,990,458,4 945,415,965,457,4 736,333,744,351,4 690,328,697,353,4 683,331,690,352,4 647,422,655,436,4 451,327,465,353,4 327,331,339,353,4 302,332,312,354,4 223,400,266,484,4 215,425,279,493,3 587,419,614,448,5 493,434,504,452,3 496,425,503,440,4 505,429,514,447,1
/data/user7/wt/datasets/M3FD/M3FD/VOCdevkit/VOC2007/JPEGImages/00101.jpg 943,441,969,496,4 919,446,940,492,4 738,362,743,378,4 693,357,700,382,4 688,360,694,382,4 464,357,475,382,4 342,361,350,384,4 304,362,314,385,4 217,427,260,512,4 209,454,273,524,3 585,448,611,477,5 496,462,507,482,3 499,454,506,467,4 507,457,518,475,1
/data/user7/wt/datasets/M3FD/M3FD/VOCdevkit/VOC2007/JPEGImages/00102.jpg 912,431,938,482,4 891,436,909,479,4 695,352,702,375,4 690,355,696,375,4 648,441,655,457,4 472,353,481,374,4 352,356,362,378,4 304,358,314,379,4 206,416,253,505,4 199,442,264,517,3 500,455,511,473,3 502,445,509,461,4 510,450,519,467,1 480,448,497,463,1 583,441,609,466,5
/data/user7/wt/datasets/M3FD/M3FD/VOCdevkit/VOC2007/JPEGImages/00103.jpg 886,430,913,479,4 862,434,884,479,4 737,358,744,373,4 698,355,704,378,4 690,358,698,378,4 484,358,491,379,4 364,361,372,382,4 305,364,313,385,4 193,414,241,504,4 647,440,654,457,4 183,443,252,520,3 501,457,515,475,3 504,444,514,457,4 514,451,522,467,1 480,450,498,467,1 582,442,604,467,5
/data/user7/wt/datasets/M3FD/M3FD/VOCdevkit/VOC2007/JPEGImages/00104.jpg 867,448,888,492,4 845,450,867,492,4 736,374,743,388,4 697,372,702,394,4 701,373,707,394,4 490,371,499,395,4 373,376,380,396,4 179,425,228,524,4 646,456,653,473,4 169,455,238,537,3 504,469,518,490,3 505,459,516,475,4 480,466,498,481,1 579,458,599,480,5
/data/user7/wt/datasets/M3FD/M3FD/VOCdevkit/VOC2007/JPEGImages/00105.jpg 846,432,868,473,4 826,435,846,475,4 701,362,707,384,4 697,364,703,384,4 647,441,652,455,4 161,408,213,510,4 497,362,505,384,4 307,370,312,379,4 154,443,227,527,3 507,456,522,478,3 509,446,520,463,4 580,445,598,468,5
/data/user7/wt/datasets/M3FD/M3FD/VOCdevkit/VOC2007/JPEGImages/00106.jpg 831,442,844,473,4 810,438,824,473,4 697,367,707,385,4 506,367,514,388,4 308,377,314,390,4 141,408,194,504,4 130,445,213,534,3 510,457,526,478,3 512,445,526,462,4 429,375,435,391,4 480,453,501,469,1 580,447,595,466,5
/data/user7/wt/datasets/M3FD/M3FD/VOCdevkit/VOC2007/JPEGImages/00107.jpg 867,74,895,127,4 647,46,670,127,4 411,85,438,132,4 830,400,854,438,4 841,418,922,467,1 673,408,731,454,1 631,419,657,439,1 181,380,368,516,1 376,417,395,458,4 379,431,393,464,3 628,70,649,126,4 520,427,526,437,3 519,422,525,427,4 499,422,516,436,1
/data/user7/wt/datasets/M3FD/M3FD/VOCdevkit/VOC2007/JPEGImages/00108.jpg 847,119,869,168,4 655,93,672,168,4 395,128,416,169,4 805,407,874,466,1 652,421,700,457,1 625,427,646,445,1 165,384,365,531,1 371,421,393,460,4 374,429,394,471,3 635,118,651,168,4 815,407,829,429,4
/data/user7/wt/datasets/M3FD/M3FD/VOCdevkit/VOC2007/JPEGImages/00109.jpg 830,155,855,200,4 642,155,658,200,4 656,130,686,200,4 378,159,401,200,4 778,430,833,467,1 635,428,676,458,1 618,432,637,448,1 144,386,352,537,1 366,422,390,463,4 370,433,390,473,3 983,447,1024,512,1 484,429,502,443,1 500,423,512,434,1
/data/user7/wt/datasets/M3FD/M3FD/VOCdevkit/VOC2007/JPEGImages/00110.jpg 855,422,1016,507,1 750,433,805,467,1 622,432,658,459,1 131,386,349,540,1 361,426,386,467,4 366,433,387,478,3 821,167,839,226,4 658,154,678,221,4 643,164,661,221,4 375,182,394,222,4 787,416,798,426,4 512,441,519,448,3 511,433,519,441,4 481,433,499,445,1 609,434,627,447,1
/data/user7/wt/datasets/M3FD/M3FD/VOCdevkit/VOC2007/JPEGImages/00111.jpg 1,380,219,498,1 242,253,265,308,2 681,232,706,291,2 347,334,367,368,2 360,368,380,433,4 384,373,408,433,4 479,371,497,436,4 500,371,522,436,4 635,390,649,428,4 653,381,676,433,4 702,379,724,433,4 777,380,1024,513,1 768,397,827,439,1 2,197,27,276,2
/data/user7/wt/datasets/M3FD/M3FD/VOCdevkit/VOC2007/JPEGImages/00113.jpg 274,342,294,377,2 172,264,198,319,2 586,251,611,309,2 245,386,537,488,1 403,379,414,390,4 421,380,438,402,4 545,395,560,432,4 562,389,584,438,4 608,385,630,434,4 636,392,651,434,4 666,404,732,442,1 761,395,807,429,1 804,390,863,433,1 938,377,972,437,4 934,375,951,435,4 950,370,966,397,4
/data/user7/wt/datasets/M3FD/M3FD/VOCdevkit/VOC2007/JPEGImages/00114.jpg 260,374,281,432,4 282,378,302,432,4 368,378,385,432,4 386,378,404,431,4 246,343,265,375,2 147,266,171,319,2 548,255,572,309,2 435,381,702,478,1 611,389,621,406,4 635,399,683,419,1 717,392,759,427,1 758,387,812,433,1 878,375,897,432,4 895,373,917,431,4 1,309,105,714,1
/data/user7/wt/datasets/M3FD/M3FD/VOCdevkit/VOC2007/JPEGImages/00115.jpg 139,271,163,323,2 530,262,552,316,2 251,377,269,433,4 272,380,290,434,4 354,380,372,433,4 374,380,390,431,4 493,393,506,430,4 512,388,531,431,4 556,389,575,434,4 585,382,842,478,1 851,381,869,434,4 865,381,887,436,4 1,303,179,676,1 984,255,1008,312,2
/data/user7/wt/datasets/M3FD/M3FD/VOCdevkit/VOC2007/JPEGImages/00116.jpg 1,312,259,647,1 250,378,266,433,4 267,382,291,434,4 238,349,254,380,2 350,381,366,435,4 367,383,388,435,4 483,393,495,430,4 500,390,520,430,4 545,392,562,437,4 595,392,605,412,4 589,404,645,441,1 714,393,762,433,1 678,396,716,430,1 518,272,541,322,2 755,389,1011,476,1 951,266,974,319,2 140,275,165,324,2
/data/user7/wt/datasets/M3FD/M3FD/VOCdevkit/VOC2007/JPEGImages/00117.jpg 13,322,347,639,1 354,381,373,432,4 371,381,388,431,4 483,393,496,429,4 502,387,520,430,4 543,383,572,430,4 583,405,640,440,1 605,392,614,402,4 517,276,538,323,2 673,395,713,428,1 710,392,756,430,1 652,405,676,427,1 936,388,1018,468,1 931,272,951,320,2 811,382,828,437,4 820,377,843,436,4 155,278,178,331,2
/data/user7/wt/datasets/M3FD/M3FD/VOCdevkit/VOC2007/JPEGImages/00118.jpg 89,337,396,615,1 1,402,109,474,1 361,383,376,431,4 378,385,396,433,4 487,394,499,429,4 507,393,523,433,4 543,390,561,434,4 611,391,622,403,4 587,404,638,439,1 670,395,706,428,1 704,393,752,429,1 917,277,940,326,2 808,385,829,434,4 819,383,835,433,4 519,280,537,324,2 163,285,190,334,2 2,250,31,313,2
/data/user7/wt/datasets/M3FD/M3FD/VOCdevkit/VOC2007/JPEGImages/00121.jpg 524,284,542,326,2 498,383,509,418,4 511,377,529,427,4 545,377,559,424,4 631,380,647,419,4 585,394,632,428,1 695,385,737,422,1 665,388,701,421,1 881,284,899,326,2 781,379,805,422,4 787,376,808,424,4 268,346,512,554,1 206,286,227,329,2 74,258,103,316,2
/data/user7/wt/datasets/M3FD/M3FD/VOCdevkit/VOC2007/JPEGImages/00122.jpg 1,389,109,551,1 309,360,534,551,1 501,404,614,462,1 589,403,632,425,1 503,393,514,403,4 521,388,533,403,4 544,389,561,412,4 631,402,641,427,4 642,394,654,425,4 692,394,735,431,1 665,395,700,427,1 528,297,544,337,2 870,297,887,338,2 775,394,787,433,4 780,391,797,433,4 223,298,244,340,2 99,275,123,327,2 985,265,1013,315,2
/data/user7/wt/datasets/M3FD/M3FD/VOCdevkit/VOC2007/JPEGImages/00123.jpg 2,398,167,536,1 351,364,547,553,1 332,390,348,430,4 322,386,336,432,4 512,397,521,416,4 523,392,537,417,4 547,397,562,437,4 531,307,546,347,2 551,404,719,468,1 646,400,657,418,4 689,401,731,435,1 665,404,697,428,1 772,396,784,436,1 781,395,794,436,4 860,308,878,346,2 969,281,994,331,2 123,289,147,336,2 238,308,257,347,2
/data/user7/wt/datasets/M3FD/M3FD/VOCdevkit/VOC2007/JPEGImages/00124.jpg 142,292,167,338,2 250,310,269,350,2 534,312,549,347,2 852,311,870,351,2 767,392,780,430,4 774,397,787,430,4 650,399,665,432,4 633,409,643,433,4 527,395,541,424,4 548,397,561,436,4 592,410,630,437,1 692,400,729,419,1 654,416,813,474,1 376,368,552,543,1 63,401,209,527,1 1,387,104,552,1 334,386,346,430,4 346,388,358,429,4 951,288,974,333,2
/data/user7/wt/datasets/M3FD/M3FD/VOCdevkit/VOC2007/JPEGImages/00125.jpg 1,397,154,559,1 121,408,236,518,1 341,389,353,428,4 352,393,366,429,4 382,373,552,540,1 530,395,543,425,4 547,397,564,429,4 591,411,630,438,1 633,409,644,432,4 652,400,668,433,4 535,313,550,351,2 726,409,887,472,1 845,316,861,352,2 765,399,775,418,4 772,396,784,415,4 689,401,726,435,1 664,404,691,434,1 259,315,278,352,2 159,298,181,343,2 938,292,963,335,2
/data/user7/wt/datasets/M3FD/M3FD/VOCdevkit/VOC2007/JPEGImages/00126.jpg 753,400,765,437,4 765,399,777,435,4 817,405,972,473,1 835,322,849,356,2 652,403,666,441,4 633,412,644,432,4 590,413,629,440,1 533,398,544,424,4 549,401,564,431,4 536,319,551,355,2 350,391,361,431,4 361,394,375,430,4 390,375,551,537,1 179,305,197,346,2 273,320,289,355,2 2,404,207,541,1 166,410,271,508,1 24,387,46,412,4 922,299,941,339,2
/data/user7/wt/datasets/M3FD/M3FD/VOCdevkit/VOC2007/JPEGImages/00130.jpg 1,379,221,531,1 218,413,326,498,1 302,417,355,489,1 408,380,554,532,1 378,398,389,431,4 389,398,401,432,4 540,399,551,424,4 653,408,668,442,4 594,415,627,439,1 545,335,556,365,2 736,402,748,438,4 746,401,754,437,4 313,333,326,366,2 805,339,817,368,2 871,322,888,359,2
/data/user7/wt/datasets/M3FD/M3FD/VOCdevkit/VOC2007/JPEGImages/00131.jpg 1,391,108,555,1 75,389,260,520,1 259,420,341,499,1 404,380,550,535,1 383,402,392,433,4 393,403,403,435,4 538,404,548,427,4 544,342,556,373,2 652,412,666,441,4 731,409,740,442,4 738,405,747,440,4 318,340,332,375,2 795,345,807,376,2 856,331,874,365,2
/data/user7/wt/datasets/M3FD/M3FD/VOCdevkit/VOC2007/JPEGImages/00132.jpg 1,394,160,561,1 128,391,283,512,1 274,420,355,492,1 336,417,377,484,1 383,402,395,433,4 396,403,407,434,4 403,383,550,529,1 535,401,544,421,4 542,342,554,373,2 323,342,339,373,2 590,419,621,443,1 646,410,663,441,4 724,411,738,440,4 727,406,739,431,4 671,411,703,438,1 787,346,800,375,2 847,331,865,367,2 931,425,1024,505,1
/data/user7/wt/datasets/M3FD/M3FD/VOCdevkit/VOC2007/JPEGImages/00133.jpg 5,377,36,426,4 1,402,210,541,1 175,399,305,503,1 299,422,367,488,1 350,424,387,480,1 386,403,397,433,4 399,405,409,422,4 399,384,546,531,1 530,404,538,421,4 538,411,546,435,4 587,420,617,443,1 642,412,658,439,4 666,413,697,441,1 718,408,727,439,4 726,409,733,439,4 779,349,789,379,2 542,348,552,374,2 327,347,341,378,2 896,427,1006,503,1 982,436,1024,509,1 834,335,852,368,2
/data/user7/wt/datasets/M3FD/M3FD/VOCdevkit/VOC2007/JPEGImages/00134.jpg 1,398,79,553,1 66,407,248,524,1 213,404,322,498,1 319,424,377,485,1 359,425,394,480,1 395,387,548,525,1 391,406,399,429,4 403,407,413,426,4 529,407,535,425,4 537,412,547,437,4 541,349,551,376,2 642,414,655,440,4 583,421,618,444,1 712,415,719,441,4 715,408,726,442,4 867,424,967,495,1 938,424,1024,515,1 33,386,61,428,4 58,384,89,437,4 334,351,346,378,2 662,415,692,442,1 771,354,780,380,2 824,341,839,370,2
/data/user7/wt/datasets/M3FD/M3FD/VOCdevkit/VOC2007/JPEGImages/00136.jpg 1,400,179,540,1 102,394,114,405,4 114,392,127,406,4 137,391,157,425,4 162,414,291,507,1 262,407,345,490,1 340,426,388,480,1 388,388,529,524,1 389,406,399,424,4 529,412,537,436,4 573,423,603,444,1 625,415,640,440,4 650,417,679,443,1 699,411,709,441,4 696,414,703,442,4 821,428,899,492,1 867,430,983,499,1 940,425,1024,520,1 533,356,543,382,2 336,355,349,382,2 750,358,760,385,2
/data/user7/wt/datasets/M3FD/M3FD/VOCdevkit/VOC2007/JPEGImages/00137.jpg 33,409,217,527,1 200,417,309,500,1 283,413,353,485,1 349,429,391,478,1 389,407,398,426,4 383,391,522,523,1 508,409,516,424,4 526,416,534,438,4 568,425,597,444,1 618,418,630,442,4 644,418,670,444,1 688,414,696,443,4 693,412,700,441,4 529,359,539,384,2 336,360,352,385,2 800,431,864,486,1 835,432,936,497,1 900,427,1017,508,1 739,363,749,389,2
/data/user7/wt/datasets/M3FD/M3FD/VOCdevkit/VOC2007/JPEGImages/00138.jpg 1,405,111,566,1 106,413,247,515,1 233,417,324,493,1 299,416,362,481,1 378,389,522,524,1 15,388,28,404,4 173,398,183,410,4 187,396,198,410,4 211,398,220,416,4 222,397,229,420,4 389,407,398,423,4 504,407,513,421,4 523,414,530,437,4 564,422,591,443,1 605,413,619,440,4 684,411,692,440,4 680,416,687,439,4 525,358,535,383,2 338,359,349,384,2 778,428,841,483,1 817,429,900,488,1 865,424,1000,504,1 636,417,665,442,1 730,363,740,386,2
/data/user7/wt/datasets/M3FD/M3FD/VOCdevkit/VOC2007/JPEGImages/00139.jpg 1,396,159,537,1 150,403,271,498,1 253,410,337,481,1 304,404,371,472,1 380,382,521,511,1 6,374,20,399,4 49,381,67,396,4 192,392,203,403,4 176,393,185,403,4 504,399,512,414,4 525,407,532,429,4 597,408,612,436,4 564,414,592,435,1 680,405,688,433,4 677,406,683,431,4 635,409,662,434,1 769,422,827,474,1 801,423,875,480,1 843,420,968,488,1 943,402,1024,510,1 527,352,535,377,2 344,351,357,378,2 726,355,737,380,2
/data/user7/wt/datasets/M3FD/M3FD/VOCdevkit/VOC2007/JPEGImages/00140.jpg 2,373,137,555,1 125,418,247,518,1 227,418,318,497,1 305,423,364,486,1 354,422,392,472,1 384,394,516,524,1 747,436,794,482,1 772,438,830,481,1 806,435,900,496,1 877,418,1018,512,1 566,429,591,447,1 634,423,660,446,1 677,419,685,445,4 672,418,679,444,4 593,421,605,446,4 501,411,509,428,4 510,413,517,441,4 222,406,235,424,4 356,368,367,389,2 529,367,539,392,2 720,375,729,396,2
/data/user7/wt/datasets/M3FD/M3FD/VOCdevkit/VOC2007/JPEGImages/00141.jpg 1,383,182,549,1 172,418,269,514,1 249,420,331,493,1 317,425,375,482,1 357,421,399,473,1 387,396,516,520,1 501,412,507,426,4 510,413,520,439,4 589,421,599,443,4 671,418,678,444,4 677,417,683,446,4 633,423,661,446,1 741,437,785,480,1 763,436,817,480,1 794,434,880,493,1 854,418,986,509,1 946,415,1024,529,1 531,420,539,439,4 530,370,539,392,2 239,410,250,426,4 717,376,727,397,2
/data/user7/wt/datasets/M3FD/M3FD/VOCdevkit/VOC2007/JPEGImages/00142.jpg 1,387,220,528,1 213,420,294,504,1 278,423,346,491,1 330,424,385,482,1 387,401,516,522,1 510,413,519,441,4 532,420,540,440,4 583,420,592,439,4 564,428,591,446,1 530,371,539,394,2 667,422,675,445,4 673,418,681,446,4 633,425,657,447,1 732,438,771,479,1 753,438,798,483,1 778,437,855,489,1 836,421,947,498,1 910,415,1024,521,1 714,378,723,399,2
/data/user7/wt/datasets/M3FD/M3FD/VOCdevkit/VOC2007/JPEGImages/00143.jpg 58,397,256,527,1 248,427,315,503,1 301,426,360,487,1 291,416,307,429,4 349,430,395,482,4 393,399,515,522,1 510,417,523,444,4 534,423,542,443,4 579,424,589,448,4 565,431,588,447,1 667,425,673,447,4 672,423,679,447,4 633,427,653,449,1 532,377,540,398,2 725,441,761,480,1 742,442,782,483,1 765,440,835,491,1 814,424,911,499,1 881,420,1012,514,1 710,381,719,402,2
/data/user7/wt/datasets/M3FD/M3FD/VOCdevkit/VOC2007/JPEGImages/00146.jpg 21,397,46,444,4 51,393,73,425,4 73,398,88,417,4 1,412,207,534,1 194,407,320,501,1 175,407,194,434,4 197,411,207,431,4 207,406,217,423,4 311,427,356,491,1 346,426,385,480,1 374,432,409,477,1 405,398,518,521,1 513,418,521,442,4 532,424,541,443,4 625,429,647,449,1 659,425,665,444,4 664,423,672,446,4 531,382,539,401,2 704,441,729,476,1 718,440,749,477,1 736,440,786,482,1 771,431,837,489,1 812,423,920,497,1 887,432,1024,519,1
/data/user7/wt/datasets/M3FD/M3FD/VOCdevkit/VOC2007/JPEGImages/00147.jpg 28,386,74,500,4 61,399,72,416,4 77,396,100,441,4 99,402,118,427,4 63,419,236,522,1 196,407,206,420,4 211,413,220,427,4 222,409,236,431,4 228,410,333,495,1 325,429,363,486,1 353,429,390,479,1 381,430,417,474,1 406,399,520,519,1 509,418,518,441,4 527,423,537,442,4 552,422,561,442,4 654,425,660,442,4 659,422,667,444,4 620,428,642,448,1 694,440,719,472,1 706,439,736,475,1 722,439,770,478,1 756,430,813,484,1 790,423,888,490,1 857,432,999,503,1 528,381,535,401,2 978,435,1024,522,1
/data/user7/wt/datasets/M3FD/M3FD/VOCdevkit/VOC2007/JPEGImages/00149.jpg 1,410,186,605,1 188,438,337,529,1 312,429,364,510,1 358,443,404,499,1 390,418,611,594,1 663,437,804,532,1 852,443,1024,542,1 655,446,667,482,4 909,438,917,446,4 921,438,930,446,4 854,436,875,480,4 848,448,861,491,4 839,442,855,493,4 821,444,838,488,4 807,447,823,486,4 798,447,806,468,4 791,448,798,460,4
/data/user7/wt/datasets/M3FD/M3FD/VOCdevkit/VOC2007/JPEGImages/00150.jpg 893,433,902,439,4 879,433,888,439,4 832,430,850,455,4 820,436,835,463,4 805,441,821,478,4 792,441,806,479,4 784,441,793,470,4 776,442,785,458,4 772,442,779,450,4 646,442,660,458,4 1,449,34,604,1 3,413,241,567,1 232,433,353,514,1 334,428,374,498,1 362,439,414,494,1 386,410,612,590,1 640,433,752,512,1 736,444,785,487,1 817,440,972,520,1
/data/user7/wt/datasets/M3FD/M3FD/VOCdevkit/VOC2007/JPEGImages/00151.jpg 1,411,124,593,1 83,425,277,559,1 343,437,381,501,1 375,446,414,491,1 264,442,367,517,1 384,416,612,593,1 626,442,726,515,1 944,435,1024,526,1 875,438,886,447,4 856,437,865,445,4 818,438,828,454,4 806,442,819,465,4 792,443,807,476,4 782,444,793,483,4 773,446,783,477,4 768,446,775,473,4 760,445,772,464,4 795,444,933,520,1
/data/user7/wt/datasets/M3FD/M3FD/VOCdevkit/VOC2007/JPEGImages/00152.jpg 1,406,192,593,1 166,425,309,539,1 340,428,393,494,1 295,438,375,504,1 391,409,613,588,1 620,440,697,501,1 685,450,713,493,1 910,432,1024,524,1 860,435,872,446,4 835,434,846,444,4 803,436,813,445,4 794,440,803,451,4 786,444,798,462,4 771,444,784,478,4 763,445,772,473,4 755,446,763,460,4 707,447,759,487,1 775,442,896,510,1
/data/user7/wt/datasets/M3FD/M3FD/VOCdevkit/VOC2007/JPEGImages/00153.jpg 878,438,1011,516,1 998,463,1024,528,1 698,450,752,490,1 673,450,700,488,1 613,445,684,504,1 392,411,621,586,1 1,418,248,564,1 211,429,332,528,1 316,439,391,504,1 375,439,402,494,1 828,439,836,448,4 794,439,802,447,4 786,444,792,451,4 777,445,785,461,4 769,446,776,463,4 757,447,766,466,4 748,447,756,465,4 741,447,747,454,4 761,447,867,510,1
/data/user7/wt/datasets/M3FD/M3FD/VOCdevkit/VOC2007/JPEGImages/00154.jpg 1,401,94,586,1 89,416,290,542,1 258,424,356,513,1 336,432,402,491,1 409,438,435,459,1 401,405,625,582,1 612,435,670,489,1 661,442,693,482,1 697,443,740,478,1 870,405,1023,579,1 853,428,928,501,1 818,433,829,443,4 786,433,794,440,4 763,440,771,452,4 757,441,764,453,4 751,440,759,459,4 743,439,754,458,4 735,440,742,448,4 748,439,843,498,1
/data/user7/wt/datasets/M3FD/M3FD/VOCdevkit/VOC2007/JPEGImages/00155.jpg 1,403,163,605,1 147,420,316,530,1 290,428,370,512,1 408,408,628,588,1 355,436,411,495,1 376,430,420,482,1 414,440,438,464,1 788,421,1015,546,1 605,441,660,485,1 652,445,689,483,1 689,446,735,480,1 810,434,817,444,4 779,436,785,443,4 749,441,754,451,4 743,444,748,456,4 738,442,743,459,4 735,442,813,494,1
/data/user7/wt/datasets/M3FD/M3FD/VOCdevkit/VOC2007/JPEGImages/00156.jpg 1,420,225,582,1 206,433,340,530,1 315,438,385,510,1 362,444,421,500,1 383,437,426,488,1 419,448,445,479,1 417,418,632,592,1 728,436,887,531,1 850,443,921,505,1 903,445,1024,521,1 601,451,653,494,1 646,454,687,491,1 686,453,733,489,1 747,451,752,458,4 742,451,747,458,4 736,450,742,458,4
/data/user7/wt/datasets/M3FD/M3FD/VOCdevkit/VOC2007/JPEGImages/00157.jpg 1,360,126,608,1 109,420,269,559,1 247,433,358,521,1 336,436,398,507,1 385,442,423,494,1 401,438,435,487,1 430,447,454,469,1 420,418,635,589,1 1001,473,1024,532,1 880,442,989,516,1 813,443,898,503,1 691,440,812,518,1 634,451,679,487,1 682,451,707,484,1 804,443,812,451,4
/data/user7/wt/datasets/M3FD/M3FD/VOCdevkit/VOC2007/JPEGImages/00159.jpg 1,364,98,563,1 95,409,172,447,1 98,416,281,541,1 251,425,344,507,1 344,424,390,458,1 348,428,417,482,1 820,420,1017,534,1 379,403,609,582,1 998,416,1017,486,4 963,420,971,429,4 957,422,963,428,4 944,422,951,428,4 749,429,765,456,4 739,429,750,444,4 732,430,738,437,4 703,429,726,478,4 686,428,694,439,4 680,426,686,439,4 758,433,832,486,1 764,420,816,441,1 689,435,756,478,1
/data/user7/wt/datasets/M3FD/M3FD/VOCdevkit/VOC2007/JPEGImages/00160.jpg 1,399,241,591,1 223,436,312,540,1 293,441,375,514,1 358,445,406,504,1 400,450,426,492,1 408,442,432,483,1 431,453,448,475,1 419,421,628,593,1 924,449,1024,532,1 833,446,923,510,1 618,455,650,482,1 637,446,721,507,1 707,452,761,499,1 740,449,750,457,4 731,452,740,458,4 752,448,787,487,1 774,448,847,498,1
/data/user7/wt/datasets/M3FD/M3FD/VOCdevkit/VOC2007/JPEGImages/00161.jpg 1,382,85,609,1 55,405,267,566,1 253,434,326,528,1 306,442,377,509,1 363,445,402,497,1 389,447,417,486,1 399,443,427,481,1 412,419,617,583,1 884,447,1009,520,1 807,445,885,503,1 753,446,815,496,1 729,448,758,485,1 682,450,740,490,1 611,446,683,498,1 723,444,730,453,4 715,448,723,455,4
/data/user7/wt/datasets/M3FD/M3FD/VOCdevkit/VOC2007/JPEGImages/00162.jpg 1,390,141,636,1 117,419,285,563,1 268,444,326,530,1 313,449,373,513,1 363,450,396,504,1 388,454,412,496,1 394,450,419,487,1 404,427,605,589,1 964,438,1024,535,1 851,457,963,522,1 787,453,856,510,1 597,455,655,501,1 733,453,797,500,1 660,459,726,502,1 707,453,715,466,4 700,457,707,464,4
/data/user7/wt/datasets/M3FD/M3FD/VOCdevkit/VOC2007/JPEGImages/00163.jpg 1,402,187,607,1 158,424,293,551,1 281,449,326,526,1 312,452,367,512,1 357,454,387,502,1 377,457,404,493,1 387,427,592,586,1 908,433,1024,532,1 813,457,913,518,1 757,456,825,506,1 711,455,765,500,1 688,457,720,496,1 638,461,695,499,1 618,461,645,490,1 571,457,622,500,1 686,454,694,469,4 678,458,685,465,4
/data/user7/wt/datasets/M3FD/M3FD/VOCdevkit/VOC2007/JPEGImages/00164.jpg 661,455,667,463,4 653,457,660,463,4 973,457,1024,539,1 857,434,1015,525,1 775,457,865,515,1 722,455,783,504,1 682,455,735,499,1 591,462,615,489,1 616,460,672,499,1 546,456,587,498,1 370,427,574,582,1 1,435,68,633,1 5,410,213,582,1 180,425,295,541,1 285,450,321,520,1 311,453,356,508,1 343,454,373,501,1 366,457,387,492,1
/data/user7/wt/datasets/M3FD/M3FD/VOCdevkit/VOC2007/JPEGImages/00165.jpg 1,420,122,620,1 59,420,224,572,1 194,432,294,539,1 278,450,314,521,1 301,455,346,509,1 336,457,362,503,1 356,461,373,494,1 354,430,562,586,1 531,458,562,495,1 925,453,1024,541,1 823,437,965,525,1 748,460,835,514,1 701,457,756,505,1 660,458,712,501,1 640,457,647,465,4 633,460,640,467,4 593,462,653,500,1 572,464,604,492,1
/data/user7/wt/datasets/M3FD/M3FD/VOCdevkit/VOC2007/JPEGImages/00166.jpg 339,426,547,586,1 1,424,167,624,1 104,425,237,559,1 208,434,292,531,1 287,455,308,509,1 297,455,335,505,1 327,457,360,496,1 874,451,1024,531,1 784,441,910,518,1 719,457,793,510,1 671,456,723,501,1 636,456,679,498,1 552,462,582,487,1 573,462,624,497,1 617,455,625,466,4 610,459,618,468,4
/data/user7/wt/datasets/M3FD/M3FD/VOCdevkit/VOC2007/JPEGImages/00167.jpg 1,426,193,590,1 143,421,245,544,1 218,432,289,520,1 283,448,324,497,1 323,450,344,491,1 326,419,536,585,1 983,465,1024,533,1 830,445,983,520,1 753,433,867,509,1 690,450,758,500,1 648,450,701,493,1 614,450,654,489,1 533,456,561,483,1 550,456,607,491,1 595,450,605,460,4 588,454,597,461,4
/data/user7/wt/datasets/M3FD/M3FD/VOCdevkit/VOC2007/JPEGImages/00168.jpg 933,445,1024,543,1 798,452,938,524,1 724,439,834,513,1 669,458,730,506,1 625,458,677,501,1 594,457,633,497,1 533,464,586,495,1 1,438,56,621,1 22,437,209,581,1 152,428,245,543,1 219,438,283,524,1 278,456,314,506,1 312,424,518,593,1 577,457,584,464,4 570,460,579,469,4
/data/user7/wt/datasets/M3FD/M3FD/VOCdevkit/VOC2007/JPEGImages/00169.jpg 940,431,977,545,4 882,450,1019,541,1 762,458,888,525,1 695,447,795,516,1 640,465,707,509,1 606,462,653,506,1 571,463,612,501,1 510,467,563,502,1 1,428,108,638,1 65,443,220,574,1 156,438,241,539,1 223,445,275,523,1 270,461,302,507,1 299,428,520,604,1
/data/user7/wt/datasets/M3FD/M3FD/VOCdevkit/VOC2007/JPEGImages/00170.jpg 1008,416,1024,492,4 995,419,1017,484,4 966,420,994,484,4 940,421,959,479,4 934,424,944,443,4 697,429,716,480,4 746,431,757,454,4 735,431,744,446,4 684,430,691,441,4 679,429,685,441,4 416,423,424,433,4 801,425,948,527,1 749,436,813,493,1 686,436,749,479,1 1,373,165,577,1 157,421,307,531,1 281,428,360,504,1 363,431,423,489,1 352,425,404,463,1 386,405,617,584,1
/data/user7/wt/datasets/M3FD/M3FD/VOCdevkit/VOC2007/JPEGImages/00171.jpg 986,475,1023,538,1 838,447,998,528,1 874,432,915,530,4 732,455,850,520,1 666,443,760,509,1 616,460,676,503,1 579,459,623,498,1 549,459,585,496,1 496,463,544,494,1 288,420,515,594,1 1,427,145,601,1 107,440,226,556,1 157,435,242,526,1 224,441,269,516,1 262,455,287,502,1
/data/user7/wt/datasets/M3FD/M3FD/VOCdevkit/VOC2007/JPEGImages/00173.jpg 888,445,1024,539,1 783,438,809,520,4 992,432,1009,446,4 766,452,910,524,1 676,459,774,514,1 619,449,708,509,1 574,462,625,504,1 539,462,580,497,1 510,461,544,494,1 1,411,116,622,1 53,436,179,577,1 146,445,228,545,1 215,444,244,514,1 274,420,512,609,1
/data/user7/wt/datasets/M3FD/M3FD/VOCdevkit/VOC2007/JPEGImages/00174.jpg 738,442,767,519,4 935,436,945,448,4 970,436,982,448,4 1007,420,1024,464,4 984,423,1007,455,4 1,412,144,648,1 97,438,178,565,1 150,446,214,538,1 206,442,240,510,1 255,417,513,610,1 843,446,1024,534,1 733,451,860,519,1 650,457,740,510,1 593,446,675,506,1 549,461,600,501,1 514,459,555,497,1
/data/user7/wt/datasets/M3FD/M3FD/VOCdevkit/VOC2007/JPEGImages/00175.jpg 978,414,1021,477,4 961,427,991,465,4 946,432,963,451,4 926,438,937,449,4 895,435,906,449,4 706,439,731,513,4 810,446,1010,531,1 709,452,834,518,1 626,457,714,509,1 573,447,652,504,1 531,461,580,496,1 499,459,537,495,1 245,418,509,619,1 1,421,156,625,1 118,436,185,556,1 158,446,210,534,1
/data/user7/wt/datasets/M3FD/M3FD/VOCdevkit/VOC2007/JPEGImages/00176.jpg 963,422,984,485,4 926,424,960,468,4 898,429,921,450,4 877,435,887,446,4 855,434,865,446,4 672,440,697,511,4 1,419,169,604,1 129,436,179,546,1 158,439,204,526,1 228,412,511,629,1 972,450,1023,533,1 778,444,962,524,1 688,447,801,510,1 600,451,683,504,1 553,444,628,499,1 509,456,559,495,1
/data/user7/wt/datasets/M3FD/M3FD/VOCdevkit/VOC2007/JPEGImages/00177.jpg 927,415,971,472,4 903,427,936,488,4 848,433,875,451,4 833,439,844,448,4 642,440,664,509,4 925,426,1024,534,1 746,445,921,524,1 659,451,767,511,1 580,453,649,504,1 533,447,604,500,1 488,457,536,497,1 201,410,510,642,1 1,425,176,590,1 159,443,196,525,1
/data/user7/wt/datasets/M3FD/M3FD/VOCdevkit/VOC2007/JPEGImages/00178.jpg 903,416,932,463,4 884,427,910,472,4 810,437,824,451,4 788,442,797,451,4 607,442,629,510,4 1,428,172,584,1 168,410,481,652,1 882,426,1024,537,1 712,448,877,524,1 625,453,736,511,1 554,457,613,504,1 507,446,580,500,1 474,459,514,497,1
/data/user7/wt/datasets/M3FD/M3FD/VOCdevkit/VOC2007/JPEGImages/00179.jpg 885,425,906,455,4 857,428,884,471,4 775,439,785,450,4 752,443,759,452,4 735,441,745,452,4 580,447,601,508,4 844,428,1024,539,1 684,449,840,520,1 603,455,705,512,1 530,457,612,504,1 484,446,555,501,1 138,410,482,662,1 1,431,164,576,1
/data/user7/wt/datasets/M3FD/M3FD/VOCdevkit/VOC2007/JPEGImages/00180.jpg 859,424,874,436,4 828,426,853,456,4 727,438,739,449,4 688,439,700,450,4 544,443,562,506,4 795,426,1024,534,1 647,446,797,515,1 568,449,667,507,1 499,455,579,501,1 451,445,524,497,1 105,406,461,665,1 1,430,153,557,1
/data/user7/wt/datasets/M3FD/M3FD/VOCdevkit/VOC2007/JPEGImages/00181.jpg 999,419,1024,502,4 979,427,1004,499,4 970,431,984,481,4 946,432,967,488,4 925,432,938,483,4 935,436,942,457,4 912,437,925,484,4 743,441,754,460,4 735,438,743,455,4 692,440,710,485,4 867,438,912,506,1 779,437,894,524,1 743,443,792,495,1 698,446,744,486,1 393,415,625,593,1 16,386,223,562,1 217,432,341,530,1 316,438,383,508,1 389,441,434,490,1 372,437,415,473,1 1,436,59,613,1
/data/user7/wt/datasets/M3FD/M3FD/VOCdevkit/VOC2007/JPEGImages/00182.jpg 990,409,1019,505,4 503,443,524,499,4 833,421,847,431,4 809,425,819,436,4 679,436,689,447,4 644,439,654,450,4 655,442,665,449,4 753,424,984,525,1 612,445,750,510,1 531,448,629,503,1 466,452,544,497,1 423,444,491,493,1 68,402,439,669,1 12,428,129,548,1 1,436,44,592,1
/data/user7/wt/datasets/M3FD/M3FD/VOCdevkit/VOC2007/JPEGImages/00183.jpg 997,402,1024,455,4 962,401,997,460,4 807,410,819,419,4 783,413,794,421,4 642,428,652,437,4 618,431,627,442,4 607,430,618,448,4 471,433,490,490,4 943,438,1024,524,1 718,414,934,515,1 581,435,720,500,1 504,439,598,493,1 439,444,512,488,1 397,438,462,486,1 27,395,422,674,1 10,426,107,509,1 1,430,33,576,1
/data/user7/wt/datasets/M3FD/M3FD/VOCdevkit/VOC2007/JPEGImages/00184.jpg 958,402,985,447,4 924,406,953,459,4 770,412,785,425,4 561,434,576,459,4 572,434,582,450,4 432,438,449,495,4 881,429,1024,521,1 672,421,879,516,1 545,440,672,502,1 470,443,555,496,1 404,447,479,489,1 372,441,430,486,1 1,391,400,683,1
/data/user7/wt/datasets/M3FD/M3FD/VOCdevkit/VOC2007/JPEGImages/00185.jpg 914,419,936,446,4 887,419,908,458,4 538,442,551,453,4 523,446,535,465,4 512,446,525,467,4 385,447,405,498,4 822,442,1024,537,1 627,432,824,522,1 503,448,629,510,1 432,452,516,503,1 361,455,438,494,1 330,448,386,487,1 1,398,370,691,1
/data/user7/wt/datasets/M3FD/M3FD/VOCdevkit/VOC2007/JPEGImages/00188.jpg 787,227,828,313,2 713,416,733,441,4 689,416,709,439,4 433,432,447,451,4 318,432,335,454,4 570,420,580,433,4 294,432,305,447,4 789,434,1024,534,1 585,437,794,518,1 419,425,588,505,1 301,436,422,494,1 232,437,313,485,1 1,368,226,718,1
/data/user7/wt/datasets/M3FD/M3FD/VOCdevkit/VOC2007/JPEGImages/00189.jpg 695,217,731,298,2 634,398,655,423,2 613,396,633,423,2 492,402,523,461,2 346,417,363,440,2 234,419,254,441,2 208,420,218,431,2 697,414,966,506,1 506,419,704,497,1 341,409,505,487,1 221,424,341,480,1 144,427,224,475,1 1,351,148,720,1
/data/user7/wt/datasets/M3FD/M3FD/VOCdevkit/VOC2007/JPEGImages/00190.jpg 530,402,554,433,4 507,399,527,427,4 391,404,413,453,4 365,408,378,418,4 236,422,250,441,4 111,422,128,444,4 95,424,106,433,4 82,424,92,432,4 574,230,610,305,2 574,416,816,503,1 391,420,583,498,1 226,412,391,486,1 105,425,226,481,1 41,428,118,479,1 1,391,50,635,1
/data/user7/wt/datasets/M3FD/M3FD/VOCdevkit/VOC2007/JPEGImages/00191.jpg 862,386,953,571,4 426,405,449,441,4 405,405,423,432,4 290,405,313,446,4 257,411,278,447,4 94,420,109,446,4 460,238,494,316,2 457,423,683,505,1 275,425,459,498,1 109,413,274,489,1 1,423,101,480,1 810,421,1024,574,3
/data/user7/wt/datasets/M3FD/M3FD/VOCdevkit/VOC2007/JPEGImages/00192.jpg 992,434,1007,493,4 969,422,991,496,4 953,428,972,498,4 927,433,944,488,4 948,434,960,487,4 907,434,922,485,4 895,439,909,484,4 736,442,748,480,4 688,440,704,480,4 761,439,862,522,1 846,441,890,502,1 738,446,775,494,1 700,447,739,479,1 402,415,629,588,1 1,410,163,618,1 115,407,268,547,1 260,435,360,519,1 346,440,402,500,1 403,442,442,494,1 392,437,429,464,1
/data/user7/wt/datasets/M3FD/M3FD/VOCdevkit/VOC2007/JPEGImages/00193.jpg 899,412,928,496,4 739,385,829,559,4 342,393,361,439,4 321,393,343,426,4 204,396,235,435,4 166,397,187,453,4 367,230,399,311,2 357,413,581,497,1 180,412,363,488,1 5,396,178,474,1 701,442,889,559,3
/data/user7/wt/datasets/M3FD/M3FD/VOCdevkit/VOC2007/JPEGImages/00195.jpg 990,419,1024,501,4 928,441,974,493,4 882,413,906,487,4 862,405,886,486,4 675,405,724,484,4 490,383,572,533,4 146,389,171,443,4 128,389,149,439,4 9,380,28,414,4 670,405,722,487,4 141,223,174,301,4 136,407,357,486,1 1,403,139,478,1 456,433,619,534,3 917,345,948,393,2 950,349,967,398,2
/data/user7/wt/datasets/M3FD/M3FD/VOCdevkit/VOC2007/JPEGImages/00196.jpg 890,425,931,507,4 836,446,882,501,4 792,418,817,491,4 772,412,797,492,4 620,413,641,485,4 633,411,651,486,4 419,389,491,531,4 86,387,106,432,4 72,384,87,439,4 70,226,100,298,2 64,407,283,483,1 1,402,68,476,1 387,434,536,532,3 827,359,855,401,2 856,359,874,402,2
/data/user7/wt/datasets/M3FD/M3FD/VOCdevkit/VOC2007/JPEGImages/00197.jpg 793,405,832,484,4 744,426,785,472,4 702,399,726,469,4 686,390,709,468,4 556,389,575,461,4 570,390,587,461,4 25,361,46,393,4 8,359,27,405,4 346,368,413,497,4 2,377,209,457,1 1,199,20,274,2 317,417,459,501,3 739,340,760,381,2 763,339,782,382,2
/data/user7/wt/datasets/M3FD/M3FD/VOCdevkit/VOC2007/JPEGImages/00198.jpg 719,428,751,498,4 673,449,705,491,4 629,421,650,486,4 611,412,632,487,4 505,413,540,480,4 497,414,521,478,4 288,388,351,512,4 1,392,148,471,1 261,434,393,516,3 663,364,686,403,2 689,366,703,406,2
/data/user7/wt/datasets/M3FD/M3FD/VOCdevkit/VOC2007/JPEGImages/00199.jpg 659,431,688,496,4 613,449,644,493,4 570,424,589,488,4 547,415,574,489,4 471,414,491,479,4 451,417,474,482,4 241,391,305,514,4 2,397,94,474,1 213,433,346,515,3 605,367,625,407,2 626,367,643,411,2
/data/user7/wt/datasets/M3FD/M3FD/VOCdevkit/VOC2007/JPEGImages/00200.jpg 581,443,613,514,4 537,461,569,503,4 497,435,517,497,4 478,426,501,498,4 413,424,433,494,4 395,428,416,493,4 186,403,240,520,4 21,381,69,509,4 152,443,286,526,3 1,427,123,514,3 532,380,555,420,2 555,383,571,421,2
/data/user7/wt/datasets/M3FD/M3FD/VOCdevkit/VOC2007/JPEGImages/00201.jpg 515,459,542,525,4 473,476,504,515,4 433,450,453,512,4 417,443,437,509,4 355,442,384,503,4 337,444,362,502,4 133,419,188,500,4 76,405,132,520,4 44,446,134,519,3 132,465,234,536,3 468,397,487,435,2 490,401,503,436,2
/data/user7/wt/datasets/M3FD/M3FD/VOCdevkit/VOC2007/JPEGImages/00202.jpg 455,447,480,510,4 411,467,440,504,4 374,441,393,500,4 359,434,378,501,4 313,436,332,495,4 293,434,314,496,4 840,454,1020,551,1 1,450,108,697,1 95,413,120,457,4 113,405,173,508,4 63,443,215,528,3 406,389,428,428,2 429,391,442,429,2
/data/user7/wt/datasets/M3FD/M3FD/VOCdevkit/VOC2007/JPEGImages/00203.jpg 967,438,985,492,4 951,424,972,495,4 939,431,956,495,4 928,433,946,492,4 909,435,927,488,4 894,435,911,485,4 883,438,897,485,4 870,436,880,453,4 733,442,747,463,4 688,440,702,483,4 825,442,882,498,1 748,440,842,513,1 734,446,765,491,1 692,448,734,481,1 1,417,220,585,1 175,410,300,537,1 293,437,381,515,1 365,440,413,499,1 405,438,441,471,1 401,415,620,589,1
/data/user7/wt/datasets/M3FD/M3FD/VOCdevkit/VOC2007/JPEGImages/00204.jpg 740,447,1022,539,1 1,392,182,687,1 999,324,1020,378,2 412,442,440,505,4 370,459,399,496,4 335,432,351,492,4 319,428,338,492,4 280,427,302,489,4 266,429,284,489,4 134,403,186,502,4 61,406,94,454,4 367,386,388,420,2 386,389,401,420,2
/data/user7/wt/datasets/M3FD/M3FD/VOCdevkit/VOC2007/JPEGImages/00205.jpg 930,316,951,370,2 988,487,1004,510,4 633,434,888,520,1 1,372,266,677,1 369,432,394,487,4 328,447,355,486,4 293,425,308,481,4 276,417,296,481,4 248,416,269,483,4 228,420,251,479,4 131,428,230,498,3 1001,485,1016,511,4 325,374,344,408,2 345,378,358,410,2 137,391,178,444,4
/data/user7/wt/datasets/M3FD/M3FD/VOCdevkit/VOC2007/JPEGImages/00206.jpg 877,330,899,379,2 530,443,774,525,1 1,374,343,687,1 336,439,363,497,4 294,456,322,495,4 260,433,277,489,4 247,426,263,483,4 227,429,244,466,4 211,426,228,456,4 940,492,954,512,4 950,495,964,513,4 961,496,996,515,1
/data/user7/wt/datasets/M3FD/M3FD/VOCdevkit/VOC2007/JPEGImages/00207.jpg 859,336,881,383,2 333,445,353,492,4 1,376,422,701,1 472,447,703,522,1 979,472,1024,536,1 921,494,938,514,4 936,494,950,515,4 943,500,985,516,1
/data/user7/wt/datasets/M3FD/M3FD/VOCdevkit/VOC2007/JPEGImages/00208.jpg 856,346,877,393,2 913,449,1023,539,1 8,389,531,716,1 448,455,636,530,1 632,492,667,516,1
/data/user7/wt/datasets/M3FD/M3FD/VOCdevkit/VOC2007/JPEGImages/00209.jpg 854,346,876,396,2 634,491,667,513,1 843,449,1024,535,1 109,389,650,726,1 86,427,123,509,4 57,455,151,512,3
/data/user7/wt/datasets/M3FD/M3FD/VOCdevkit/VOC2007/JPEGImages/00210.jpg 972,398,1024,562,4 99,428,142,509,4 232,433,259,454,4 188,389,732,741,1 796,445,994,532,1 1,412,94,531,1 851,349,871,394,2 94,451,174,505,3 640,486,670,505,1
/data/user7/wt/datasets/M3FD/M3FD/VOCdevkit/VOC2007/JPEGImages/00211.jpg 930,400,991,557,4 918,395,967,552,4 131,429,155,448,4 241,424,275,508,4 280,436,292,463,4 293,438,306,464,4 323,426,349,448,4 843,349,864,392,2 332,403,354,426,2 271,387,824,724,1 1,390,65,604,1 23,397,180,535,1 735,448,943,526,1 222,456,279,510,3
/data/user7/wt/datasets/M3FD/M3FD/VOCdevkit/VOC2007/JPEGImages/00213.jpg 842,424,885,510,4 819,416,853,485,4 378,464,396,507,4 347,477,366,506,4 280,443,304,474,4 317,456,329,472,4 305,452,316,468,4 824,366,846,410,2 1,376,168,617,1 118,413,314,549,1 268,458,345,520,3 396,404,946,711,1 455,441,483,460,4 339,419,356,446,2 358,420,367,441,2
/data/user7/wt/datasets/M3FD/M3FD/VOCdevkit/VOC2007/JPEGImages/00216.jpg 786,366,805,387,2 901,414,931,454,4 17,391,235,593,1 201,416,427,542,1 507,379,1023,704,1 335,418,348,432,2
/data/user7/wt/datasets/M3FD/M3FD/VOCdevkit/VOC2007/JPEGImages/00217.jpg 543,377,1024,711,1 464,455,566,513,1 228,415,455,537,1 50,393,231,570,1 1,425,28,524,1 765,366,782,382,2 67,432,82,450,4 56,432,70,451,4
/data/user7/wt/datasets/M3FD/M3FD/VOCdevkit/VOC2007/JPEGImages/00218.jpg 992,383,1013,424,2 54,448,67,474,4 66,449,79,474,4 72,416,240,574,1 249,431,475,550,1 447,470,547,525,1 579,387,1023,755,1 1,435,37,536,1
/data/user7/wt/datasets/M3FD/M3FD/VOCdevkit/VOC2007/JPEGImages/00219.jpg 601,374,1022,766,1 535,431,574,537,4 682,388,696,417,2 73,420,222,562,1 259,434,471,550,1 33,449,47,501,4 43,453,57,500,4 229,454,253,513,4 552,437,587,537,4 262,436,278,462,2
/data/user7/wt/datasets/M3FD/M3FD/VOCdevkit/VOC2007/JPEGImages/00220.jpg 616,388,634,424,2 759,406,795,436,4 567,441,605,524,4 479,436,509,530,4 462,431,490,523,4 1,450,10,500,4 8,451,21,500,4 190,456,209,486,4 640,343,1023,767,1 257,433,448,545,1 51,420,190,551,1 213,470,259,515,1 211,431,225,455,2
/data/user7/wt/datasets/M3FD/M3FD/VOCdevkit/VOC2007/JPEGImages/00221.jpg 867,384,932,468,4 493,435,524,513,4 421,429,450,517,4 407,424,432,475,4 794,387,808,419,2 567,385,582,420,2 244,422,424,537,1 29,416,163,535,1 161,456,245,505,1 710,310,1020,767,1 165,426,180,447,2
/data/user7/wt/datasets/M3FD/M3FD/VOCdevkit/VOC2007/JPEGImages/00222.jpg 901,474,1023,766,1 978,332,1015,409,2 808,388,829,430,2 727,417,743,449,2 508,412,524,446,2 403,458,433,535,4 369,453,390,482,4 350,446,369,477,4 751,487,777,525,4 782,489,804,521,4 800,483,822,522,4 149,483,163,523,4 224,440,404,554,1 10,440,133,558,1 1,467,17,506,4 814,490,832,525,4 112,447,128,474,2 823,444,837,470,2 997,417,1014,455,2
/data/user7/wt/datasets/M3FD/M3FD/VOCdevkit/VOC2007/JPEGImages/00223.jpg 929,402,954,437,2 916,324,942,379,2 773,427,789,452,2 758,370,777,409,2 683,401,697,433,2 472,396,486,431,2 704,443,713,464,2 888,469,1008,510,1 1,407,89,672,1 30,424,126,538,1 225,430,409,533,1 118,468,135,503,4 714,471,728,493,4 745,467,758,497,4 761,467,772,501,4 772,467,785,502,4
/data/user7/wt/datasets/M3FD/M3FD/VOCdevkit/VOC2007/JPEGImages/00224.jpg 901,419,923,448,2 885,343,915,395,2 740,389,755,428,2 667,416,680,447,2 461,412,474,444,2 1,407,161,690,1 254,444,428,548,1 860,485,978,523,1 735,480,748,522,4 725,482,744,510,4 691,485,711,513,4 746,483,759,510,4
/data/user7/wt/datasets/M3FD/M3FD/VOCdevkit/VOC2007/JPEGImages/00225.jpg 740,416,998,562,1 976,426,990,447,4 957,427,969,443,4 673,442,685,478,4 977,431,1020,551,1 713,443,768,503,1 682,446,715,474,1 91,425,299,544,1 256,421,341,517,1 333,439,399,505,1 389,442,418,481,1 392,411,624,588,1 718,443,727,455,4
/data/user7/wt/datasets/M3FD/M3FD/VOCdevkit/VOC2007/JPEGImages/00227.jpg 999,452,1016,510,4 760,472,773,499,4 753,466,766,503,4 744,476,761,501,4 711,478,726,499,4 311,452,340,518,4 326,443,356,519,4 347,447,377,518,4 881,345,905,398,2 753,388,768,426,2 687,412,699,444,2 490,407,503,439,2 856,479,976,513,1 373,431,538,533,1 1,420,305,624,1 868,482,880,496,4 705,454,713,471,2 765,440,778,461,2
/data/user7/wt/datasets/M3FD/M3FD/VOCdevkit/VOC2007/JPEGImages/00228.jpg 891,339,920,390,2 769,379,786,415,2 703,402,716,435,2 605,317,627,370,2 1001,443,1019,498,4 861,469,876,493,4 771,459,786,488,4 764,458,778,490,4 727,466,743,487,4 375,435,397,505,4 356,433,381,505,4 328,440,347,479,4 423,417,590,522,1 68,413,348,581,1 388,454,430,501,1 876,468,985,500,1 64,444,98,493,1 161,188,201,286,2 511,395,526,417,2 778,428,793,450,2
/data/user7/wt/datasets/M3FD/M3FD/VOCdevkit/VOC2007/JPEGImages/00229.jpg 908,481,1007,511,1 497,424,664,539,1 427,468,477,509,1 188,427,410,572,1 915,358,938,401,2 795,392,813,428,2 734,412,748,445,2 868,481,883,504,4 802,470,819,500,4 790,472,809,500,4 762,478,776,498,4 413,447,432,510,4 397,441,419,510,4 153,446,176,497,4 546,408,562,426,2 809,441,822,463,2
/data/user7/wt/datasets/M3FD/M3FD/VOCdevkit/VOC2007/JPEGImages/00230.jpg 955,475,965,487,4 880,474,895,494,4 833,466,850,494,4 822,466,837,493,4 788,469,805,493,4 439,436,453,462,4 451,443,471,505,4 214,456,229,480,4 239,465,253,492,4 249,459,262,496,4 936,352,964,405,2 825,389,843,423,2 766,413,779,440,2 935,477,1024,507,1 567,420,740,530,1 275,427,457,556,1 50,366,112,543,4 1,407,54,568,4 582,406,593,431,2 837,439,851,459,2
/data/user7/wt/datasets/M3FD/M3FD/VOCdevkit/VOC2007/JPEGImages/00231.jpg 972,473,982,485,4 890,470,909,491,4 866,465,883,487,4 844,465,861,489,4 819,470,831,486,4 481,438,504,489,4 143,375,191,526,4 103,404,158,547,4 59,369,96,551,4 46,360,101,488,4 279,462,292,488,4 288,459,302,488,4 959,356,984,400,2 853,389,871,421,2 612,407,626,437,2 619,414,806,529,1 505,456,560,497,1 331,428,493,548,1 791,409,804,437,2 952,472,1024,499,1 860,435,874,455,2
/data/user7/wt/datasets/M3FD/M3FD/VOCdevkit/VOC2007/JPEGImages/00232.jpg 980,362,1001,406,2 874,393,894,432,2 640,412,653,438,2 985,474,994,489,4 993,478,1000,489,4 906,471,917,492,4 896,470,907,488,4 511,443,524,461,4 226,388,264,524,4 202,419,243,536,4 163,385,207,490,4 149,380,182,488,4 315,466,327,490,4 324,460,333,489,4 331,465,340,486,4 977,481,1023,500,1 680,414,882,540,1 386,434,532,537,1 540,456,599,500,1 379,436,415,491,1 882,440,895,461,2 986,420,997,448,2 998,421,1007,447,2
/data/user7/wt/datasets/M3FD/M3FD/VOCdevkit/VOC2007/JPEGImages/00233.jpg 983,359,1008,410,2 880,388,898,421,2 657,407,669,435,2 284,393,317,512,4 267,419,304,518,4 231,390,275,476,4 216,381,247,511,4 984,467,993,489,4 992,471,1003,491,4 348,454,357,471,4 354,460,364,481,4 409,435,444,485,1 420,433,552,527,1 564,448,628,494,1 727,406,950,539,1 991,417,1001,443,2 1001,417,1010,443,2
/data/user7/wt/datasets/M3FD/M3FD/VOCdevkit/VOC2007/JPEGImages/00235.jpg 971,364,987,402,2 669,407,679,432,2 347,401,377,498,4 338,427,365,506,4 308,400,345,470,4 295,398,318,498,4 787,396,1024,558,1 593,441,656,490,1 418,435,472,482,1 455,432,565,511,1
/data/user7/wt/datasets/M3FD/M3FD/VOCdevkit/VOC2007/JPEGImages/00237.jpg 955,369,970,389,2 664,410,675,433,2 398,436,409,452,2 362,404,390,489,4 357,428,377,498,4 337,405,361,468,4 319,394,343,495,4 809,387,1024,561,1 592,438,664,489,1 431,435,480,482,1 464,435,563,502,1
/data/user7/wt/datasets/M3FD/M3FD/VOCdevkit/VOC2007/JPEGImages/00238.jpg 816,416,826,439,2 659,414,671,438,2 414,444,430,480,4 378,416,402,492,4 374,435,396,503,4 357,413,378,470,4 338,404,360,496,4 835,385,1024,580,1 601,440,672,494,1 427,441,478,481,1 467,441,562,510,1
/data/user7/wt/datasets/M3FD/M3FD/VOCdevkit/VOC2007/JPEGImages/00239.jpg 809,416,819,440,2 656,414,666,437,2 849,462,859,479,4 840,463,849,477,4 394,416,414,489,4 408,442,425,477,4 386,435,402,495,4 369,416,392,469,4 351,413,375,492,4 859,374,1023,592,1 605,437,680,494,1 473,437,560,502,1 430,440,484,481,1 792,459,802,474,4 858,437,867,454,2 847,392,862,423,2
/data/user7/wt/datasets/M3FD/M3FD/VOCdevkit/VOC2007/JPEGImages/00240.jpg 904,372,923,412,2 839,396,854,427,2 800,413,811,438,2 653,411,664,432,2 886,458,898,474,4 821,462,829,473,4 368,412,385,485,4 384,415,400,462,4 401,417,426,483,4 395,430,411,485,4 895,361,1024,567,1 434,436,484,475,1 474,436,557,494,1 612,430,694,493,1 760,455,773,469,4 847,434,857,452,2
/data/user7/wt/datasets/M3FD/M3FD/VOCdevkit/VOC2007/JPEGImages/00241.jpg 888,375,908,411,2 828,398,841,424,2 794,415,803,434,2 649,413,659,431,2 939,446,952,475,4 868,456,879,473,4 894,463,915,476,4 828,458,835,471,4 821,461,827,472,4 813,462,821,473,4 735,455,745,468,4 380,414,398,481,4 396,420,413,461,4 409,417,432,484,4 408,432,425,481,4 938,361,1024,584,1 616,429,704,497,1 482,437,556,492,1 437,435,490,475,1 836,434,846,450,2 897,423,903,440,2 903,423,910,441,2
/data/user7/wt/datasets/M3FD/M3FD/VOCdevkit/VOC2007/JPEGImages/00242.jpg 876,378,891,411,2 819,402,831,425,2 787,415,797,437,2 645,411,656,428,2 391,415,406,481,4 403,419,421,460,4 418,421,438,481,4 416,432,433,481,4 933,438,951,478,4 921,445,938,477,4 880,461,888,474,4 858,458,868,469,4 819,459,825,469,4 813,460,819,470,4 807,461,814,472,4 981,383,1021,593,1 621,428,713,499,1 484,438,555,488,1 441,432,491,475,1 712,454,727,469,4 890,424,898,441,2 884,424,890,440,2 826,434,838,451,2
/data/user7/wt/datasets/M3FD/M3FD/VOCdevkit/VOC2007/JPEGImages/00243.jpg 862,382,875,412,2 780,415,789,437,2 642,412,652,427,2 808,399,819,426,2 915,433,930,475,4 905,441,919,475,4 835,454,849,470,4 808,460,815,469,4 804,459,809,470,4 798,459,804,471,4 401,418,414,477,4 413,423,428,459,4 428,422,445,476,4 427,431,442,478,4 624,427,722,503,1 446,434,493,474,1 486,435,551,487,1 816,435,826,451,2 869,424,875,441,2 876,424,882,441,2 871,456,882,472,4
/data/user7/wt/datasets/M3FD/M3FD/VOCdevkit/VOC2007/JPEGImages/00244.jpg 609,419,655,565,4
/data/user7/wt/datasets/M3FD/M3FD/VOCdevkit/VOC2007/JPEGImages/00245.jpg 703,417,760,558,4
/data/user7/wt/datasets/M3FD/M3FD/VOCdevkit/VOC2007/JPEGImages/00246.jpg 731,416,775,555,4
/data/user7/wt/datasets/M3FD/M3FD/VOCdevkit/VOC2007/JPEGImages/00247.jpg 738,416,797,549,4
/data/user7/wt/datasets/M3FD/M3FD/VOCdevkit/VOC2007/JPEGImages/00248.jpg 774,417,818,547,4
/data/user7/wt/datasets/M3FD/M3FD/VOCdevkit/VOC2007/JPEGImages/00249.jpg 790,418,845,540,4
/data/user7/wt/datasets/M3FD/M3FD/VOCdevkit/VOC2007/JPEGImages/00250.jpg 819,416,863,541,4
/data/user7/wt/datasets/M3FD/M3FD/VOCdevkit/VOC2007/JPEGImages/00251.jpg 846,409,890,541,4
/data/user7/wt/datasets/M3FD/M3FD/VOCdevkit/VOC2007/JPEGImages/00253.jpg 870,416,913,536,4
/data/user7/wt/datasets/M3FD/M3FD/VOCdevkit/VOC2007/JPEGImages/00254.jpg 873,416,913,533,4
/data/user7/wt/datasets/M3FD/M3FD/VOCdevkit/VOC2007/JPEGImages/00256.jpg 859,416,909,534,4
/data/user7/wt/datasets/M3FD/M3FD/VOCdevkit/VOC2007/JPEGImages/00257.jpg 833,414,875,538,4
/data/user7/wt/datasets/M3FD/M3FD/VOCdevkit/VOC2007/JPEGImages/00258.jpg 802,410,847,540,4
/data/user7/wt/datasets/M3FD/M3FD/VOCdevkit/VOC2007/JPEGImages/00259.jpg 768,412,815,546,4
/data/user7/wt/datasets/M3FD/M3FD/VOCdevkit/VOC2007/JPEGImages/00260.jpg 740,421,793,550,4
/data/user7/wt/datasets/M3FD/M3FD/VOCdevkit/VOC2007/JPEGImages/00261.jpg 725,420,769,551,4
/data/user7/wt/datasets/M3FD/M3FD/VOCdevkit/VOC2007/JPEGImages/00263.jpg 652,416,703,562,4
/data/user7/wt/datasets/M3FD/M3FD/VOCdevkit/VOC2007/JPEGImages/00264.jpg 601,412,663,566,4
/data/user7/wt/datasets/M3FD/M3FD/VOCdevkit/VOC2007/JPEGImages/00265.jpg 547,409,605,566,4
/data/user7/wt/datasets/M3FD/M3FD/VOCdevkit/VOC2007/JPEGImages/00266.jpg 681,412,737,561,4
/data/user7/wt/datasets/M3FD/M3FD/VOCdevkit/VOC2007/JPEGImages/00267.jpg 441,417,524,571,4
/data/user7/wt/datasets/M3FD/M3FD/VOCdevkit/VOC2007/JPEGImages/00268.jpg 400,417,452,566,4
/data/user7/wt/datasets/M3FD/M3FD/VOCdevkit/VOC2007/JPEGImages/00269.jpg 378,415,427,564,4
/data/user7/wt/datasets/M3FD/M3FD/VOCdevkit/VOC2007/JPEGImages/00270.jpg 370,415,421,557,4
/data/user7/wt/datasets/M3FD/M3FD/VOCdevkit/VOC2007/JPEGImages/00271.jpg 350,419,395,555,4
/data/user7/wt/datasets/M3FD/M3FD/VOCdevkit/VOC2007/JPEGImages/00272.jpg 344,418,382,550,4
/data/user7/wt/datasets/M3FD/M3FD/VOCdevkit/VOC2007/JPEGImages/00273.jpg 708,416,749,562,4
/data/user7/wt/datasets/M3FD/M3FD/VOCdevkit/VOC2007/JPEGImages/00275.jpg 109,400,148,503,4 452,395,517,570,4
/data/user7/wt/datasets/M3FD/M3FD/VOCdevkit/VOC2007/JPEGImages/00276.jpg 147,400,184,506,4 451,391,505,568,4
/data/user7/wt/datasets/M3FD/M3FD/VOCdevkit/VOC2007/JPEGImages/00277.jpg 405,397,471,568,4 178,397,216,505,4
/data/user7/wt/datasets/M3FD/M3FD/VOCdevkit/VOC2007/JPEGImages/00279.jpg 248,401,294,505,4 291,397,347,580,4
/data/user7/wt/datasets/M3FD/M3FD/VOCdevkit/VOC2007/JPEGImages/00280.jpg 286,397,332,578,4 255,400,298,503,4
/data/user7/wt/datasets/M3FD/M3FD/VOCdevkit/VOC2007/JPEGImages/00281.jpg 306,397,343,502,4 240,393,309,571,4
/data/user7/wt/datasets/M3FD/M3FD/VOCdevkit/VOC2007/JPEGImages/00282.jpg 240,401,311,574,4 335,397,375,504,4
/data/user7/wt/datasets/M3FD/M3FD/VOCdevkit/VOC2007/JPEGImages/00283.jpg 297,398,348,560,4 375,396,418,503,4
/data/user7/wt/datasets/M3FD/M3FD/VOCdevkit/VOC2007/JPEGImages/00285.jpg 63,412,102,506,4 636,395,712,568,4
/data/user7/wt/datasets/M3FD/M3FD/VOCdevkit/VOC2007/JPEGImages/00286.jpg 474,397,540,563,4 470,393,501,503,4
/data/user7/wt/datasets/M3FD/M3FD/VOCdevkit/VOC2007/JPEGImages/00287.jpg 499,395,537,502,4 535,404,622,563,4
/data/user7/wt/datasets/M3FD/M3FD/VOCdevkit/VOC2007/JPEGImages/00288.jpg 520,400,567,503,4 625,398,682,564,4
/data/user7/wt/datasets/M3FD/M3FD/VOCdevkit/VOC2007/JPEGImages/00289.jpg 550,399,597,503,4 680,400,742,561,4
/data/user7/wt/datasets/M3FD/M3FD/VOCdevkit/VOC2007/JPEGImages/00290.jpg 576,397,616,502,4 734,397,811,561,4
/data/user7/wt/datasets/M3FD/M3FD/VOCdevkit/VOC2007/JPEGImages/00291.jpg 577,393,619,505,4 761,400,830,561,4
/data/user7/wt/datasets/M3FD/M3FD/VOCdevkit/VOC2007/JPEGImages/00294.jpg 548,398,591,505,4 919,389,1001,571,4
/data/user7/wt/datasets/M3FD/M3FD/VOCdevkit/VOC2007/JPEGImages/00295.jpg 515,396,567,503,4 937,385,1008,574,4
/data/user7/wt/datasets/M3FD/M3FD/VOCdevkit/VOC2007/JPEGImages/00296.jpg 70,411,104,504,4 601,393,666,566,4
/data/user7/wt/datasets/M3FD/M3FD/VOCdevkit/VOC2007/JPEGImages/00298.jpg 449,405,486,503,4 970,385,1024,586,4
/data/user7/wt/datasets/M3FD/M3FD/VOCdevkit/VOC2007/JPEGImages/00299.jpg 414,402,460,504,4 947,380,1022,593,4
/data/user7/wt/datasets/M3FD/M3FD/VOCdevkit/VOC2007/JPEGImages/00301.jpg 370,423,409,529,4 787,387,893,595,4
/data/user7/wt/datasets/M3FD/M3FD/VOCdevkit/VOC2007/JPEGImages/00302.jpg 364,419,407,534,4 732,382,827,589,4
/data/user7/wt/datasets/M3FD/M3FD/VOCdevkit/VOC2007/JPEGImages/00306.jpg 329,415,374,541,4 445,392,522,580,4
/data/user7/wt/datasets/M3FD/M3FD/VOCdevkit/VOC2007/JPEGImages/00308.jpg 78,402,119,501,4 528,393,580,566,4
/data/user7/wt/datasets/M3FD/M3FD/VOCdevkit/VOC2007/JPEGImages/00309.jpg 277,401,336,551,4 610,401,650,504,4
/data/user7/wt/datasets/M3FD/M3FD/VOCdevkit/VOC2007/JPEGImages/00310.jpg 313,404,363,539,4 779,399,815,502,4
/data/user7/wt/datasets/M3FD/M3FD/VOCdevkit/VOC2007/JPEGImages/00311.jpg 348,407,394,532,4 811,401,846,503,4
/data/user7/wt/datasets/M3FD/M3FD/VOCdevkit/VOC2007/JPEGImages/00312.jpg 378,405,420,534,4 856,401,884,503,4
/data/user7/wt/datasets/M3FD/M3FD/VOCdevkit/VOC2007/JPEGImages/00314.jpg 396,405,444,529,4 905,404,950,505,4
/data/user7/wt/datasets/M3FD/M3FD/VOCdevkit/VOC2007/JPEGImages/00315.jpg 399,407,447,539,4 908,407,955,504,4
/data/user7/wt/datasets/M3FD/M3FD/VOCdevkit/VOC2007/JPEGImages/00316.jpg 394,405,445,543,4 947,412,995,528,4
/data/user7/wt/datasets/M3FD/M3FD/VOCdevkit/VOC2007/JPEGImages/00317.jpg 382,401,433,546,4 987,421,1024,531,4
/data/user7/wt/datasets/M3FD/M3FD/VOCdevkit/VOC2007/JPEGImages/00318.jpg 351,406,408,550,4 982,416,1024,536,4
/data/user7/wt/datasets/M3FD/M3FD/VOCdevkit/VOC2007/JPEGImages/00320.jpg 278,402,332,545,4 636,399,685,504,4
/data/user7/wt/datasets/M3FD/M3FD/VOCdevkit/VOC2007/JPEGImages/00321.jpg 285,405,336,539,4 665,397,709,505,4
/data/user7/wt/datasets/M3FD/M3FD/VOCdevkit/VOC2007/JPEGImages/00322.jpg 282,402,332,542,4 693,401,744,504,4
/data/user7/wt/datasets/M3FD/M3FD/VOCdevkit/VOC2007/JPEGImages/00323.jpg 294,405,343,539,4 726,397,773,504,4
/data/user7/wt/datasets/M3FD/M3FD/VOCdevkit/VOC2007/JPEGImages/00325.jpg 619,436,653,531,4
/data/user7/wt/datasets/M3FD/M3FD/VOCdevkit/VOC2007/JPEGImages/00326.jpg 604,443,639,523,4
/data/user7/wt/datasets/M3FD/M3FD/VOCdevkit/VOC2007/JPEGImages/00328.jpg 593,446,625,516,4
/data/user7/wt/datasets/M3FD/M3FD/VOCdevkit/VOC2007/JPEGImages/00329.jpg 596,451,620,517,4
/data/user7/wt/datasets/M3FD/M3FD/VOCdevkit/VOC2007/JPEGImages/00330.jpg 590,449,619,511,4
/data/user7/wt/datasets/M3FD/M3FD/VOCdevkit/VOC2007/JPEGImages/00331.jpg 589,452,616,511,4
/data/user7/wt/datasets/M3FD/M3FD/VOCdevkit/VOC2007/JPEGImages/00332.jpg 589,457,613,511,4
/data/user7/wt/datasets/M3FD/M3FD/VOCdevkit/VOC2007/JPEGImages/00334.jpg 587,463,611,509,4
/data/user7/wt/datasets/M3FD/M3FD/VOCdevkit/VOC2007/JPEGImages/00335.jpg 591,462,610,510,4
/data/user7/wt/datasets/M3FD/M3FD/VOCdevkit/VOC2007/JPEGImages/00336.jpg 592,456,610,499,4
/data/user7/wt/datasets/M3FD/M3FD/VOCdevkit/VOC2007/JPEGImages/00337.jpg 583,458,601,498,4
/data/user7/wt/datasets/M3FD/M3FD/VOCdevkit/VOC2007/JPEGImages/00338.jpg 576,461,591,499,4
/data/user7/wt/datasets/M3FD/M3FD/VOCdevkit/VOC2007/JPEGImages/00339.jpg 572,463,587,501,4
/data/user7/wt/datasets/M3FD/M3FD/VOCdevkit/VOC2007/JPEGImages/00341.jpg 558,466,571,500,4
/data/user7/wt/datasets/M3FD/M3FD/VOCdevkit/VOC2007/JPEGImages/00342.jpg 115,437,170,609,4
/data/user7/wt/datasets/M3FD/M3FD/VOCdevkit/VOC2007/JPEGImages/00343.jpg 121,441,201,615,4
/data/user7/wt/datasets/M3FD/M3FD/VOCdevkit/VOC2007/JPEGImages/00344.jpg 149,441,264,612,4
/data/user7/wt/datasets/M3FD/M3FD/VOCdevkit/VOC2007/JPEGImages/00345.jpg 209,440,271,613,4
/data/user7/wt/datasets/M3FD/M3FD/VOCdevkit/VOC2007/JPEGImages/00347.jpg 268,443,341,612,4
/data/user7/wt/datasets/M3FD/M3FD/VOCdevkit/VOC2007/JPEGImages/00348.jpg 300,447,367,612,4
/data/user7/wt/datasets/M3FD/M3FD/VOCdevkit/VOC2007/JPEGImages/00349.jpg 324,444,401,609,4
/data/user7/wt/datasets/M3FD/M3FD/VOCdevkit/VOC2007/JPEGImages/00352.jpg 418,446,495,609,4
/data/user7/wt/datasets/M3FD/M3FD/VOCdevkit/VOC2007/JPEGImages/00353.jpg 456,442,524,609,4
/data/user7/wt/datasets/M3FD/M3FD/VOCdevkit/VOC2007/JPEGImages/00354.jpg 485,449,555,609,4
/data/user7/wt/datasets/M3FD/M3FD/VOCdevkit/VOC2007/JPEGImages/00355.jpg 513,445,589,606,4
/data/user7/wt/datasets/M3FD/M3FD/VOCdevkit/VOC2007/JPEGImages/00356.jpg 556,443,618,605,4
/data/user7/wt/datasets/M3FD/M3FD/VOCdevkit/VOC2007/JPEGImages/00358.jpg 585,445,666,605,4
/data/user7/wt/datasets/M3FD/M3FD/VOCdevkit/VOC2007/JPEGImages/00359.jpg 632,444,684,603,4
/data/user7/wt/datasets/M3FD/M3FD/VOCdevkit/VOC2007/JPEGImages/00360.jpg 641,449,701,601,4
/data/user7/wt/datasets/M3FD/M3FD/VOCdevkit/VOC2007/JPEGImages/00361.jpg 650,449,736,603,4
/data/user7/wt/datasets/M3FD/M3FD/VOCdevkit/VOC2007/JPEGImages/00362.jpg 690,452,738,596,4
/data/user7/wt/datasets/M3FD/M3FD/VOCdevkit/VOC2007/JPEGImages/00363.jpg 705,451,766,600,4
/data/user7/wt/datasets/M3FD/M3FD/VOCdevkit/VOC2007/JPEGImages/00365.jpg 745,452,791,599,4
/data/user7/wt/datasets/M3FD/M3FD/VOCdevkit/VOC2007/JPEGImages/00366.jpg 734,448,799,600,4
/data/user7/wt/datasets/M3FD/M3FD/VOCdevkit/VOC2007/JPEGImages/00367.jpg 732,451,787,601,4
/data/user7/wt/datasets/M3FD/M3FD/VOCdevkit/VOC2007/JPEGImages/00368.jpg 701,453,794,601,4
/data/user7/wt/datasets/M3FD/M3FD/VOCdevkit/VOC2007/JPEGImages/00370.jpg 663,452,730,599,4
/data/user7/wt/datasets/M3FD/M3FD/VOCdevkit/VOC2007/JPEGImages/00371.jpg 629,450,712,597,4
/data/user7/wt/datasets/M3FD/M3FD/VOCdevkit/VOC2007/JPEGImages/00372.jpg 615,444,662,604,4
/data/user7/wt/datasets/M3FD/M3FD/VOCdevkit/VOC2007/JPEGImages/00373.jpg 581,449,654,605,4
/data/user7/wt/datasets/M3FD/M3FD/VOCdevkit/VOC2007/JPEGImages/00374.jpg 549,446,613,601,4
/data/user7/wt/datasets/M3FD/M3FD/VOCdevkit/VOC2007/JPEGImages/00376.jpg 478,448,562,606,4
/data/user7/wt/datasets/M3FD/M3FD/VOCdevkit/VOC2007/JPEGImages/00377.jpg 456,444,515,608,4
/data/user7/wt/datasets/M3FD/M3FD/VOCdevkit/VOC2007/JPEGImages/00378.jpg 428,441,494,611,4
/data/user7/wt/datasets/M3FD/M3FD/VOCdevkit/VOC2007/JPEGImages/00379.jpg 368,444,454,612,4
/data/user7/wt/datasets/M3FD/M3FD/VOCdevkit/VOC2007/JPEGImages/00380.jpg 357,439,415,609,4
/data/user7/wt/datasets/M3FD/M3FD/VOCdevkit/VOC2007/JPEGImages/00381.jpg 316,443,396,610,4
/data/user7/wt/datasets/M3FD/M3FD/VOCdevkit/VOC2007/JPEGImages/00382.jpg 262,442,349,610,4
/data/user7/wt/datasets/M3FD/M3FD/VOCdevkit/VOC2007/JPEGImages/00383.jpg 1,451,89,628,4
/data/user7/wt/datasets/M3FD/M3FD/VOCdevkit/VOC2007/JPEGImages/00384.jpg 28,445,107,626,4
/data/user7/wt/datasets/M3FD/M3FD/VOCdevkit/VOC2007/JPEGImages/00385.jpg 60,442,160,619,4
/data/user7/wt/datasets/M3FD/M3FD/VOCdevkit/VOC2007/JPEGImages/00386.jpg 7,385,107,611,4 131,406,194,588,4 197,391,255,586,4 282,429,309,529,4 309,431,332,528,4 335,443,367,523,4 367,437,392,520,4 424,470,439,518,4 437,470,448,519,4 448,477,455,517,4 457,479,472,518,4 529,439,780,607,1 849,412,1004,519,1 753,435,853,507,1
/data/user7/wt/datasets/M3FD/M3FD/VOCdevkit/VOC2007/JPEGImages/00387.jpg 17,354,171,679,4 179,393,240,566,4 236,377,295,559,4 317,416,342,508,4 341,421,367,510,4 371,426,398,504,4 399,421,422,503,4 442,453,464,501,4 464,455,479,500,4 480,459,495,500,4 569,415,830,594,1 854,394,1014,497,1 774,406,864,484,1 49,36,163,221,2 490,469,511,502,1
/data/user7/wt/datasets/M3FD/M3FD/VOCdevkit/VOC2007/JPEGImages/00388.jpg 140,353,224,540,4 258,300,336,550,4 326,357,368,530,4 395,395,419,487,4 417,399,442,487,4 449,409,474,484,4 472,404,495,482,4 507,433,522,480,4 526,436,543,479,4 547,443,563,482,4 650,382,916,579,1 928,373,1024,484,1 857,387,930,455,1 205,81,295,236,2
/data/user7/wt/datasets/M3FD/M3FD/VOCdevkit/VOC2007/JPEGImages/00389.jpg 206,427,292,597,4 356,447,404,598,4 396,437,430,593,4 417,404,479,606,4 479,467,508,555,4 513,475,541,551,4 541,471,564,549,4 565,501,583,546,4 589,503,608,545,4 611,508,628,548,4 682,453,973,671,1 916,461,988,532,1 261,1,345,124,2 326,215,404,338,2
/data/user7/wt/datasets/M3FD/M3FD/VOCdevkit/VOC2007/JPEGImages/00390.jpg 3,439,65,606,4 293,439,356,605,4 374,5,455,178,2 446,461,484,605,4 486,453,528,608,4 538,439,632,619,4 551,479,572,522,4 618,489,629,555,4 628,486,655,566,4 714,462,1023,707,1 674,518,695,544,4 702,526,718,561,4 435,259,501,374,2
/data/user7/wt/datasets/M3FD/M3FD/VOCdevkit/VOC2007/JPEGImages/00391.jpg 140,480,230,640,4 410,455,464,609,4 582,477,621,616,4 610,464,657,614,4 736,455,809,611,4 687,493,713,578,4 710,496,734,576,4 761,457,1022,714,1 521,48,596,226,2 572,293,640,396,2
/data/user7/wt/datasets/M3FD/M3FD/VOCdevkit/VOC2007/JPEGImages/00392.jpg 307,434,387,578,4 527,416,589,559,4 705,444,751,565,4 746,432,789,571,4 764,434,1024,701,1 699,53,763,209,2 739,281,801,378,2
/data/user7/wt/datasets/M3FD/M3FD/VOCdevkit/VOC2007/JPEGImages/00393.jpg 1,408,51,556,4 469,431,525,567,4 649,407,720,548,4 851,61,913,209,2 768,405,1024,677,1 869,424,894,474,4 901,419,935,455,4 167,206,199,300,2 894,276,955,363,2 286,339,331,396,2
/data/user7/wt/datasets/M3FD/M3FD/VOCdevkit/VOC2007/JPEGImages/00395.jpg 43,475,56,505,4 55,474,66,504,4 171,398,217,551,4 352,422,412,565,4 422,418,478,561,4 468,414,518,559,4 509,428,548,561,4 562,399,1020,731,1 570,260,599,334,2 3,152,41,261,2
/data/user7/wt/datasets/M3FD/M3FD/VOCdevkit/VOC2007/JPEGImages/00396.jpg 203,491,212,511,4 211,490,224,517,4 351,421,423,563,4 552,440,595,484,4 611,435,642,477,4 651,433,683,472,4 420,395,1024,740,1 700,277,735,356,2 170,193,214,301,2
/data/user7/wt/datasets/M3FD/M3FD/VOCdevkit/VOC2007/JPEGImages/00398.jpg 502,224,539,317,2 1,372,832,675,1 755,419,786,466,4 908,431,959,562,4 961,428,1015,564,4
/data/user7/wt/datasets/M3FD/M3FD/VOCdevkit/VOC2007/JPEGImages/00399.jpg 585,255,622,340,2 1,403,578,667,1 607,502,614,520,4 615,503,625,520,4 843,442,907,573,4
/data/user7/wt/datasets/M3FD/M3FD/VOCdevkit/VOC2007/JPEGImages/00400.jpg 6,423,19,441,4 68,422,89,446,4 114,408,126,424,4 146,410,154,438,4 134,423,145,445,4 150,372,185,502,4 185,374,210,502,4 205,391,227,495,4 227,388,256,494,4 398,424,417,484,4 417,397,566,513,1 333,435,399,486,1 603,420,716,493,1 710,429,723,469,4 721,383,1024,568,1 576,438,613,477,1 284,432,345,479,1
/data/user7/wt/datasets/M3FD/M3FD/VOCdevkit/VOC2007/JPEGImages/00401.jpg 58,434,68,455,4 67,428,75,454,4 103,417,115,446,4 144,431,152,451,4 136,424,145,444,4 154,383,188,509,4 189,386,214,508,4 213,401,231,502,4 230,397,261,503,4 389,436,409,492,4 407,409,561,528,1 562,448,595,486,1 586,431,691,502,1 325,444,389,494,1 281,442,336,487,1 680,397,969,553,1 806,370,938,448,1
/data/user7/wt/datasets/M3FD/M3FD/VOCdevkit/VOC2007/JPEGImages/00402.jpg 40,477,55,501,4 59,473,73,500,4 103,477,114,500,4 96,459,105,489,4 140,479,153,496,4 161,471,167,491,4 168,435,199,556,4 198,435,226,556,4 225,448,242,551,4 243,445,274,551,4 381,482,397,543,4 395,485,406,539,4 405,464,564,591,1 574,483,663,551,1 654,464,882,600,1 762,435,903,526,1 906,410,1024,570,1
/data/user7/wt/datasets/M3FD/M3FD/VOCdevkit/VOC2007/JPEGImages/00403.jpg 1,386,40,658,4 40,474,52,496,4 86,478,95,501,4 99,475,107,498,4 78,460,88,489,4 163,437,195,552,4 197,438,226,551,4 222,450,247,546,4 248,448,275,544,4 366,480,380,538,4 378,483,391,536,4 398,454,569,600,1 556,476,631,538,1 615,452,809,568,1 724,424,865,505,1 853,400,1024,546,1
/data/user7/wt/datasets/M3FD/M3FD/VOCdevkit/VOC2007/JPEGImages/00404.jpg 20,377,88,631,4 9,469,22,491,4 83,471,90,492,4 133,463,144,487,4 169,432,204,542,4 201,431,228,540,4 227,446,255,535,4 254,441,282,533,4 362,477,377,532,4 373,477,383,528,4 384,485,394,531,4 403,453,590,598,1 598,459,775,556,1 711,435,838,521,1 833,409,1022,544,1
/data/user7/wt/datasets/M3FD/M3FD/VOCdevkit/VOC2007/JPEGImages/00405.jpg 1,407,53,623,4 59,389,136,624,4 60,473,67,490,4 189,433,218,541,4 216,436,242,541,4 248,448,272,535,4 272,442,299,534,4 365,479,376,530,4 374,476,385,528,4 384,485,396,528,4 396,485,412,529,4 417,452,628,616,1 592,453,736,546,1 701,424,822,518,1 817,407,994,539,1
/data/user7/wt/datasets/M3FD/M3FD/VOCdevkit/VOC2007/JPEGImages/00406.jpg 31,388,101,590,4 98,375,161,582,4 208,422,236,522,4 234,422,258,519,4 269,433,294,516,4 294,427,319,512,4 366,461,377,507,4 375,461,386,510,4 386,470,397,511,4 397,469,413,514,4 434,430,672,589,1 616,435,714,520,1 706,421,806,503,1 796,397,971,520,1
/data/user7/wt/datasets/M3FD/M3FD/VOCdevkit/VOC2007/JPEGImages/00407.jpg 567,411,641,616,4 204,85,274,236,2 318,433,345,474,2 367,493,563,560,1 644,474,778,538,1 775,473,851,532,1 772,357,795,404,2 844,470,891,516,1
/data/user7/wt/datasets/M3FD/M3FD/VOCdevkit/VOC2007/JPEGImages/00408.jpg 1,429,127,561,1 270,384,778,602,1 709,420,918,524,1 644,334,663,380,2 260,187,302,281,2
/data/user7/wt/datasets/M3FD/M3FD/VOCdevkit/VOC2007/JPEGImages/00411.jpg 1,419,243,658,1 255,452,348,528,1 413,441,520,537,1 256,441,304,477,1 336,451,366,510,1 529,448,590,492,1 607,412,759,552,1 842,413,890,542,4 584,426,626,554,4 504,444,512,460,4 515,443,527,482,4 530,445,540,465,4 350,433,357,450,2 358,454,394,479,1
/data/user7/wt/datasets/M3FD/M3FD/VOCdevkit/VOC2007/JPEGImages/00412.jpg 1,423,262,640,1 259,450,350,521,1 335,454,362,507,1 357,448,389,478,1 344,435,352,448,2 405,437,514,534,1 521,448,573,493,1 596,414,741,550,1 564,425,607,548,4 501,443,506,456,4 508,441,518,479,4 523,445,533,462,4 826,412,877,541,4
/data/user7/wt/datasets/M3FD/M3FD/VOCdevkit/VOC2007/JPEGImages/00413.jpg 17,429,273,631,1 266,451,347,526,1 397,441,511,543,1 585,419,727,549,1 556,430,597,548,4 815,415,861,542,4 904,301,1024,739,4 981,323,1020,375,4 516,451,562,490,1 499,444,509,466,4 513,447,523,466,4 353,455,386,484,1 332,454,360,510,1 335,435,347,449,2
/data/user7/wt/datasets/M3FD/M3FD/VOCdevkit/VOC2007/JPEGImages/00414.jpg 56,428,282,613,1 1,403,122,676,1 268,450,344,522,1 396,435,508,538,1 331,428,341,444,2 553,428,587,535,4 792,412,840,535,4 580,418,713,542,1 493,443,503,467,4 508,444,521,462,4 514,443,554,485,1 871,312,985,712,4 971,328,1024,641,4 943,331,978,387,4 346,453,382,480,1
/data/user7/wt/datasets/M3FD/M3FD/VOCdevkit/VOC2007/JPEGImages/00415.jpg 397,437,513,544,1 1,389,157,673,1 83,429,289,602,1 276,450,343,520,1 343,451,381,484,1 573,419,702,542,1 505,450,546,488,1 537,431,575,535,4 782,416,827,538,4 836,337,931,687,4 929,346,1003,636,4 326,434,335,448,2
/data/user7/wt/datasets/M3FD/M3FD/VOCdevkit/VOC2007/JPEGImages/00416.jpg 526,427,564,525,4 815,346,891,655,4 777,410,811,528,4 888,346,958,610,4 936,343,971,493,4 974,368,1017,605,4 568,414,695,532,1 400,431,519,534,1 1,386,179,698,1 125,426,286,580,1 276,444,342,515,1 345,445,378,473,1 323,429,331,440,2
/data/user7/wt/datasets/M3FD/M3FD/VOCdevkit/VOC2007/JPEGImages/00417.jpg 1,385,198,701,1 144,420,301,578,1 287,440,345,507,1 399,427,524,530,1 342,442,378,467,1 562,411,687,524,1 522,422,557,519,4 755,344,877,637,4 770,408,810,524,4 870,347,930,593,4 920,339,957,584,4 948,365,989,588,4 979,359,1020,586,4 318,424,327,438,2
/data/user7/wt/datasets/M3FD/M3FD/VOCdevkit/VOC2007/JPEGImages/00419.jpg 340,379,801,583,1 1,404,182,530,1 686,419,813,490,1 636,342,652,377,2 274,186,314,278,2 868,432,876,455,4 877,431,882,454,4 963,439,994,474,1 990,440,1018,479,1
/data/user7/wt/datasets/M3FD/M3FD/VOCdevkit/VOC2007/JPEGImages/00420.jpg 747,367,817,617,4 823,371,886,586,4 895,359,967,597,4 942,386,978,574,4 524,435,553,488,4 559,419,677,529,1 409,434,547,542,1 1,406,242,663,1 197,435,314,561,1 299,447,347,513,1 338,449,374,486,1 379,452,404,479,1 316,433,324,445,2
/data/user7/wt/datasets/M3FD/M3FD/VOCdevkit/VOC2007/JPEGImages/00422.jpg 732,399,799,604,4 797,396,854,584,4 913,362,980,581,4 873,401,912,580,4 544,443,562,469,4 429,442,570,555,1 569,429,679,535,1 1,427,282,650,1 234,441,336,558,1 320,459,359,516,1 408,459,444,492,1 356,460,382,494,1 324,443,333,452,2
/data/user7/wt/datasets/M3FD/M3FD/VOCdevkit/VOC2007/JPEGImages/00423.jpg 1,424,303,625,1 256,436,346,547,1 436,433,579,548,1 557,439,572,465,4 574,427,678,526,4 713,394,777,586,4 772,394,836,563,4 918,363,991,605,4 882,397,926,569,4 860,400,893,568,4 985,398,1019,452,4 411,452,446,488,1 395,454,417,480,1 327,436,337,446,2
/data/user7/wt/datasets/M3FD/M3FD/VOCdevkit/VOC2007/JPEGImages/00424.jpg 40,419,317,616,1 271,434,359,543,1 713,395,769,574,4 769,392,826,555,4 824,410,849,522,4 858,391,877,553,4 876,392,918,555,4 921,351,983,591,4 984,390,1018,549,4 575,421,680,518,1 447,425,591,542,1 336,452,399,512,1 412,445,452,482,1 396,450,420,474,1 332,431,340,443,2
/data/user7/wt/datasets/M3FD/M3FD/VOCdevkit/VOC2007/JPEGImages/00425.jpg 1,383,145,669,1 94,419,330,599,1 289,432,365,539,1 349,439,429,508,1 421,441,455,476,1 455,437,466,466,4 456,420,599,537,1 582,417,679,512,1 708,389,764,558,4 762,391,819,551,4 816,406,849,517,4 845,393,870,546,4 864,390,904,546,4 921,345,990,583,4 980,406,1013,546,4 334,425,346,442,2
/data/user7/wt/datasets/M3FD/M3FD/VOCdevkit/VOC2007/JPEGImages/00426.jpg 1,346,179,725,1 120,416,341,587,1 306,424,372,533,1 345,435,459,506,1 422,437,456,464,1 460,416,609,534,1 460,433,467,464,4 468,435,475,445,4 585,414,678,504,1 701,395,749,544,4 752,391,803,530,4 808,406,842,518,4 838,390,858,537,4 847,389,889,537,4 923,345,991,582,4 336,420,349,439,2
/data/user7/wt/datasets/M3FD/M3FD/VOCdevkit/VOC2007/JPEGImages/00427.jpg 1,323,222,701,1 174,408,364,573,1 332,423,390,526,1 363,421,487,496,1 470,428,490,454,4 477,411,631,531,4 605,414,689,504,4 704,399,751,545,4 753,398,805,532,4 838,397,857,539,4 853,397,890,539,4 924,352,1004,592,4 347,417,357,432,2
/data/user7/wt/datasets/M3FD/M3FD/VOCdevkit/VOC2007/JPEGImages/00428.jpg 1,345,263,689,1 216,424,393,577,1 364,436,418,541,1 389,436,507,504,1 503,426,653,547,1 628,428,707,516,1 495,443,510,465,4 685,426,699,449,4 724,413,769,550,4 767,412,817,540,4 849,413,872,550,4 865,412,898,551,4 942,368,1009,598,4 369,430,379,446,2
/data/user7/wt/datasets/M3FD/M3FD/VOCdevkit/VOC2007/JPEGImages/00430.jpg 1,392,209,520,1 309,436,394,486,1 380,372,806,572,1 386,372,427,425,4 622,336,640,371,2 274,186,312,273,2 989,438,1023,475,1 967,428,1010,470,1 943,433,974,462,1
/data/user7/wt/datasets/M3FD/M3FD/VOCdevkit/VOC2007/JPEGImages/00431.jpg 1,354,50,747,4 22,350,136,764,4 38,382,365,669,1 320,443,465,584,1 441,455,482,552,1 474,454,582,520,1 571,439,718,564,1 689,445,759,528,1 739,441,753,464,4 763,436,804,560,4 804,433,847,554,4 881,432,909,565,4 907,431,941,567,4
/data/user7/wt/datasets/M3FD/M3FD/VOCdevkit/VOC2007/JPEGImages/00432.jpg 22,359,137,731,4 81,359,224,743,4 784,441,826,558,4 829,438,873,549,4 916,435,937,566,4 926,436,959,567,4 603,439,754,564,1 363,444,502,574,1 203,392,404,647,1 512,454,616,515,1 728,446,790,526,1 772,441,783,464,4
/data/user7/wt/datasets/M3FD/M3FD/VOCdevkit/VOC2007/JPEGImages/00433.jpg 8,460,125,525,1 116,408,450,644,1 414,452,539,577,1 560,461,651,526,1 641,447,792,574,1 113,384,221,708,4 200,382,299,718,4 796,449,843,562,4 857,446,901,553,4 931,443,956,573,4 953,442,987,574,4
/data/user7/wt/datasets/M3FD/M3FD/VOCdevkit/VOC2007/JPEGImages/00434.jpg 1,432,55,524,1 52,454,138,520,1 169,409,474,629,1 441,449,559,569,1 187,385,274,679,4 254,386,347,684,4 656,442,811,574,1 593,460,673,521,1 801,447,837,554,4 871,447,908,548,4 944,443,965,568,4 959,442,995,569,4
/data/user7/wt/datasets/M3FD/M3FD/VOCdevkit/VOC2007/JPEGImages/00435.jpg 230,391,307,660,4 287,391,374,666,4 794,444,830,548,4 864,448,899,548,4 952,444,988,567,4 938,445,958,568,4 655,442,817,572,1 610,462,676,520,1 453,450,561,567,1 199,411,486,618,1 1,428,77,527,1 69,454,167,517,1 144,440,230,518,1
/data/user7/wt/datasets/M3FD/M3FD/VOCdevkit/VOC2007/JPEGImages/00436.jpg 1,443,89,539,1 82,461,169,527,1 151,453,246,535,1 219,425,493,627,1 452,461,568,573,1 618,472,680,528,1 663,449,818,583,1 246,406,327,662,4 302,406,392,670,4 799,454,829,507,4 860,457,901,551,4 932,453,952,573,4 948,449,979,573,4 602,474,627,508,1
/data/user7/wt/datasets/M3FD/M3FD/VOCdevkit/VOC2007/JPEGImages/00438.jpg 270,232,306,309,2 27,345,105,551,4 350,399,432,524,4 586,353,602,392,2 717,436,725,447,4 442,401,762,582,1 332,443,457,509,1 295,452,384,501,1 3,426,243,528,1 813,436,819,458,4 819,437,824,458,4 19,73,77,202,2 10,258,59,339,2
/data/user7/wt/datasets/M3FD/M3FD/VOCdevkit/VOC2007/JPEGImages/00439.jpg 269,239,307,320,2 572,363,589,394,2 1,434,255,533,1 459,406,726,587,1 703,438,711,452,4 798,437,803,459,4 803,438,808,459,4 351,403,421,532,4 88,363,161,549,4 248,450,425,511,1 42,279,90,355,2
/data/user7/wt/datasets/M3FD/M3FD/VOCdevkit/VOC2007/JPEGImages/00440.jpg 66,128,120,243,2 269,255,306,331,2 562,364,577,397,2 119,374,180,539,4 366,405,415,536,4 690,439,699,453,4 768,435,775,454,4 782,438,789,458,4 788,439,796,458,4 1008,438,1021,491,4 452,410,696,595,1 9,439,258,527,1 221,452,350,509,1 67,297,109,365,2
/data/user7/wt/datasets/M3FD/M3FD/VOCdevkit/VOC2007/JPEGImages/00441.jpg 155,402,208,539,4 321,420,365,536,4 642,450,648,462,4 706,445,716,466,4 729,447,735,466,4 919,445,943,500,4 941,446,957,495,4 968,446,988,499,4 1003,449,1018,499,4 243,284,276,351,2 81,180,125,284,2 518,380,528,405,2 380,428,616,609,1 41,451,265,532,1 81,332,120,391,2
/data/user7/wt/datasets/M3FD/M3FD/VOCdevkit/VOC2007/JPEGImages/00442.jpg 201,372,247,494,4 344,386,387,497,4 663,416,669,429,4 725,412,732,431,4 748,416,755,434,4 938,411,956,461,4 955,410,971,458,4 978,410,999,455,4 106,417,330,489,1 395,392,631,568,1 125,156,167,255,2 276,254,307,319,2 539,345,553,374,2 127,301,166,358,2
/data/user7/wt/datasets/M3FD/M3FD/VOCdevkit/VOC2007/JPEGImages/00443.jpg 181,98,244,244,2 731,382,747,418,2 337,495,526,559,1 600,481,728,539,1 732,484,809,534,1 806,474,851,516,1 865,467,875,484,4 515,416,605,614,4 286,436,311,472,2
/data/user7/wt/datasets/M3FD/M3FD/VOCdevkit/VOC2007/JPEGImages/00444.jpg 218,424,258,540,4 336,437,382,547,4 659,463,664,476,4 716,460,724,479,4 742,461,748,481,4 749,462,753,481,4 391,442,630,629,1 135,468,367,539,1 147,223,188,316,2 281,309,316,372,2 538,394,550,422,2 150,359,188,412,1 901,387,922,409,2
/data/user7/wt/datasets/M3FD/M3FD/VOCdevkit/VOC2007/JPEGImages/00445.jpg 37,384,121,615,4 392,439,633,629,1 182,461,409,536,1 851,382,1024,734,1 240,427,280,536,4 332,433,374,535,4 176,228,213,313,2 298,316,326,374,2 538,397,550,421,2 657,464,665,479,4 742,462,747,484,4 713,463,718,478,4 176,361,210,412,1 901,390,916,414,2
/data/user7/wt/datasets/M3FD/M3FD/VOCdevkit/VOC2007/JPEGImages/00446.jpg 128,423,205,622,4 280,449,319,555,4 355,454,397,555,4 420,466,668,652,1 849,411,1016,707,1 247,489,452,556,1 681,489,687,501,4 562,422,574,445,2 322,338,355,404,2 216,266,250,353,2 219,393,252,442,1 919,415,936,437,2 32,413,58,461,2
/data/user7/wt/datasets/M3FD/M3FD/VOCdevkit/VOC2007/JPEGImages/00447.jpg 203,441,274,612,4 305,463,340,559,4 362,461,403,559,4 689,496,694,509,4 741,493,751,511,4 788,494,795,513,4 772,496,778,513,4 572,431,584,456,2 346,354,373,411,2 246,286,281,369,2 439,470,686,659,1 321,489,475,558,1 821,426,1019,677,1 928,425,939,444,2 249,403,281,450,2 58,421,86,467,2
/data/user7/wt/datasets/M3FD/M3FD/VOCdevkit/VOC2007/JPEGImages/00448.jpg 259,474,321,627,4 328,491,363,588,4 374,490,417,588,4 701,534,709,546,4 755,530,763,547,4 784,534,791,551,4 802,534,808,552,4 452,503,700,687,1 821,478,1024,705,1 361,526,497,588,1 274,326,311,407,2 370,390,398,449,2 586,465,598,490,2 932,463,950,484,2 279,437,309,484,2 87,451,110,496,2
/data/user7/wt/datasets/M3FD/M3FD/VOCdevkit/VOC2007/JPEGImages/00449.jpg 310,459,363,601,4 363,481,390,566,4 394,474,432,570,4 467,478,714,660,1 824,459,1024,654,1 1,351,152,655,1 717,517,724,530,4 772,515,780,531,4 799,517,805,533,4 602,450,614,471,2 305,316,333,392,2 390,379,418,434,2 947,447,961,467,2 311,425,336,468,2
/data/user7/wt/datasets/M3FD/M3FD/VOCdevkit/VOC2007/JPEGImages/00450.jpg 1,358,229,650,1 485,474,730,657,1 825,465,1024,642,1 792,519,800,539,4 818,522,825,541,4 735,525,742,537,4 365,470,408,594,4 401,481,421,569,4 420,477,448,571,4 339,328,367,401,2 413,382,447,443,2 619,459,635,474,2 340,433,369,474,2
/data/user7/wt/datasets/M3FD/M3FD/VOCdevkit/VOC2007/JPEGImages/00452.jpg 1,342,310,566,1 412,420,448,532,4 449,428,477,515,4 474,405,721,590,1 804,419,997,570,1 713,468,786,522,1 440,342,464,394,2 370,388,400,429,2 368,291,397,360,2
/data/user7/wt/datasets/M3FD/M3FD/VOCdevkit/VOC2007/JPEGImages/00454.jpg 467,409,535,606,4 946,460,951,489,4 951,460,961,491,4 826,464,835,479,4 305,484,489,551,1 564,473,690,531,1 695,473,769,525,1 170,109,233,251,2 694,362,713,401,2 256,429,282,466,2
/data/user7/wt/datasets/M3FD/M3FD/VOCdevkit/VOC2007/JPEGImages/00455.jpg 434,449,696,636,1 115,409,347,588,1 779,476,930,599,1 729,525,787,562,1 436,474,470,530,4 935,521,946,552,4 950,521,959,552,4 995,484,1017,566,4
/data/user7/wt/datasets/M3FD/M3FD/VOCdevkit/VOC2007/JPEGImages/00457.jpg 5,294,192,586,1 196,401,375,558,1 382,420,659,620,1 747,473,877,578,1 651,483,691,563,1 737,513,743,527,4 889,513,904,543,4 922,513,934,542,4 942,478,971,554,4 394,346,416,405,2 936,452,947,470,2 396,425,420,461,2
/data/user7/wt/datasets/M3FD/M3FD/VOCdevkit/VOC2007/JPEGImages/00459.jpg 1,320,251,575,1 244,389,387,521,1 334,386,632,602,1 619,447,669,524,1 716,436,837,527,1 867,468,882,493,4 884,466,897,485,4 898,430,930,504,4 943,422,971,494,4 967,426,992,492,4 995,413,1019,461,4 611,419,623,434,2 391,329,410,386,2 910,408,921,425,2 676,467,733,507,1
/data/user7/wt/datasets/M3FD/M3FD/VOCdevkit/VOC2007/JPEGImages/00460.jpg 1,315,244,555,1 287,382,596,624,1 585,457,631,525,1 682,446,790,530,1 629,470,688,514,1 855,445,880,517,4 887,436,914,515,4 907,442,937,512,4 953,431,978,479,4 973,435,991,479,4 237,385,364,510,1 579,425,590,440,2 367,326,386,381,2
/data/user7/wt/datasets/M3FD/M3FD/VOCdevkit/VOC2007/JPEGImages/00461.jpg 1,334,234,544,1 242,386,554,612,1 220,389,328,478,1 535,430,594,512,1 646,432,751,511,1 606,462,655,498,1 806,427,828,493,4 835,419,860,487,4 862,421,882,484,4 906,410,933,452,4 924,414,944,450,4 965,411,995,453,4 763,444,893,484,1 546,413,557,427,2 332,329,354,381,2 952,412,979,454,4
/data/user7/wt/datasets/M3FD/M3FD/VOCdevkit/VOC2007/JPEGImages/00462.jpg 5,363,236,557,1 217,406,538,632,1 515,446,573,524,1 220,407,325,480,1 624,446,728,523,1 771,441,798,506,4 798,437,821,498,4 836,435,856,495,4 879,425,905,463,4 902,428,914,459,4 924,430,949,458,4 944,426,962,458,4 527,427,540,442,2 321,344,341,397,2
/data/user7/wt/datasets/M3FD/M3FD/VOCdevkit/VOC2007/JPEGImages/00463.jpg 6,351,248,537,1 194,397,532,637,1 616,441,711,519,1 761,442,785,505,4 509,437,563,519,1 524,422,533,438,2 779,437,802,511,4 806,474,816,494,4 822,436,845,505,4 863,427,890,471,4 886,431,901,465,4 911,433,927,468,4 925,430,947,468,4 322,335,340,391,2
/data/user7/wt/datasets/M3FD/M3FD/VOCdevkit/VOC2007/JPEGImages/00464.jpg 59,362,267,532,1 205,394,537,622,1 507,427,563,510,1 618,437,709,509,1 551,454,610,497,1 760,432,784,494,4 782,428,799,490,4 810,461,820,479,4 819,426,843,489,4 859,418,882,460,4 876,421,897,457,4 903,421,919,452,4 910,417,938,457,4 526,415,536,428,2
/data/user7/wt/datasets/M3FD/M3FD/VOCdevkit/VOC2007/JPEGImages/00466.jpg 1,325,155,576,1 113,360,293,524,1 210,392,535,650,1 516,422,571,503,1 622,430,711,501,1 571,444,637,492,1 534,411,544,424,2 766,425,785,486,4 782,422,796,482,4 822,420,844,483,4 863,410,884,447,4 880,413,896,447,4 905,410,930,448,4 805,401,817,419,2
/data/user7/wt/datasets/M3FD/M3FD/VOCdevkit/VOC2007/JPEGImages/00467.jpg 1,324,196,558,1 214,383,549,626,1 155,355,312,493,1 633,422,720,490,1 523,411,575,493,1 771,419,791,481,4 787,417,808,485,4 816,415,850,477,4 863,407,890,448,4 885,407,902,443,4 906,407,923,443,4 918,408,938,443,4 812,393,827,412,2
/data/user7/wt/datasets/M3FD/M3FD/VOCdevkit/VOC2007/JPEGImages/00469.jpg 1,369,282,601,1 236,391,365,502,1 255,420,575,656,1 552,437,600,521,1 657,451,744,520,1 839,394,1024,695,1 794,449,813,506,4 809,446,836,512,4 835,445,863,507,4 881,435,905,469,4 898,439,918,472,4 912,436,928,474,4 575,431,585,445,2 837,424,853,442,2
/data/user7/wt/datasets/M3FD/M3FD/VOCdevkit/VOC2007/JPEGImages/00471.jpg 1,380,350,578,1 274,422,620,660,1 313,399,416,448,1 689,456,765,519,1 614,456,698,513,1 776,415,1024,613,1 608,432,617,447,2 568,432,620,523,1
/data/user7/wt/datasets/M3FD/M3FD/VOCdevkit/VOC2007/JPEGImages/00472.jpg 53,372,374,550,1 275,409,622,658,1 579,420,640,514,1 708,440,778,503,1 766,410,1004,569,1 970,429,987,457,4 629,450,674,493,1 628,419,638,435,4
/data/user7/wt/datasets/M3FD/M3FD/VOCdevkit/VOC2007/JPEGImages/00474.jpg 185,382,440,535,1 288,407,661,649,1 624,422,691,530,1 685,420,699,441,2 755,441,804,502,1 790,421,943,538,1 972,429,994,466,4 994,432,1012,461,4 684,449,735,498,1
/data/user7/wt/datasets/M3FD/M3FD/VOCdevkit/VOC2007/JPEGImages/00475.jpg 3,419,394,693,1 195,139,252,264,2 679,371,700,404,2 436,402,499,595,4 322,482,463,532,1 558,466,679,524,1 676,470,754,517,1 741,462,794,506,1 816,455,824,470,4 262,429,286,465,2
/data/user7/wt/datasets/M3FD/M3FD/VOCdevkit/VOC2007/JPEGImages/00479.jpg 109,399,586,643,1 580,428,716,548,1 715,447,771,495,1 794,433,886,501,1 910,467,974,570,3 909,420,973,517,4 736,423,749,444,2
/data/user7/wt/datasets/M3FD/M3FD/VOCdevkit/VOC2007/JPEGImages/00480.jpg 31,412,530,665,1 532,445,679,569,1 674,456,732,511,1 758,446,839,513,1 857,471,910,552,3 857,435,912,518,4 908,453,917,481,4 955,447,978,484,4 704,436,715,450,2
/data/user7/wt/datasets/M3FD/M3FD/VOCdevkit/VOC2007/JPEGImages/00482.jpg 1,393,361,645,1 392,429,552,560,1 283,403,370,493,1 349,405,420,487,1 537,445,590,494,1 624,440,691,497,1 894,401,956,571,4 977,406,1024,627,4 948,385,989,589,4 700,429,744,490,4 743,450,754,490,4 754,450,768,495,4 763,447,781,500,4 794,442,809,476,4 702,460,744,526,3 588,462,629,494,1 577,426,588,441,2 813,427,824,442,2
/data/user7/wt/datasets/M3FD/M3FD/VOCdevkit/VOC2007/JPEGImages/00483.jpg 133,420,371,562,1 321,435,373,483,4 415,438,433,476,4 434,437,448,477,4 450,437,466,478,4 589,395,638,544,4 549,396,588,537,1 526,403,558,525,4 508,436,523,452,4 621,407,763,531,1 780,397,1024,573,1 370,448,408,488,3 373,422,403,466,4 133,440,147,466,4 1,402,113,493,1
/data/user7/wt/datasets/M3FD/M3FD/VOCdevkit/VOC2007/JPEGImages/00484.jpg 426,384,490,489,4 1,395,525,650,1 569,452,687,504,1 687,449,758,499,1 686,346,703,381,2 825,441,830,453,4 232,136,282,254,2
/data/user7/wt/datasets/M3FD/M3FD/VOCdevkit/VOC2007/JPEGImages/00486.jpg 4,418,23,464,4 281,420,294,438,4 295,421,308,441,4 351,418,363,439,4 430,389,470,517,4 381,391,429,512,4 373,386,402,453,4 42,404,372,557,1 460,395,590,514,1 602,392,985,545,1 98,398,113,415,2
/data/user7/wt/datasets/M3FD/M3FD/VOCdevkit/VOC2007/JPEGImages/00487.jpg 21,411,85,465,1 55,399,419,554,1 306,415,315,426,4 376,391,417,476,4 337,392,379,455,4 323,397,345,440,4 340,388,356,404,4 403,401,546,510,1 554,395,911,536,1 902,447,1024,648,1
/data/user7/wt/datasets/M3FD/M3FD/VOCdevkit/VOC2007/JPEGImages/00489.jpg 8,442,31,483,4 77,428,152,492,1 167,433,196,479,4 158,458,205,485,3 286,438,303,480,4 274,440,285,479,4 263,440,272,468,4 251,440,261,480,4 378,421,391,434,4 393,411,404,429,4 404,415,413,428,4 413,415,426,426,4 288,423,696,564,1 86,421,99,431,2 596,411,900,534,1 862,406,1024,605,1 323,418,331,430,2
/data/user7/wt/datasets/M3FD/M3FD/VOCdevkit/VOC2007/JPEGImages/00490.jpg 1,417,90,589,1 126,431,201,495,1 127,420,139,436,1 212,442,261,486,1 313,442,325,482,4 325,440,342,482,4 298,445,311,482,4 399,423,430,472,4 417,420,449,465,4 447,423,471,460,4 400,431,804,566,1 634,421,923,542,1 877,424,1024,611,1 357,420,370,436,2
/data/user7/wt/datasets/M3FD/M3FD/VOCdevkit/VOC2007/JPEGImages/00492.jpg 1,406,113,750,1 58,432,202,589,1 219,447,294,514,1 292,455,343,500,1 207,438,219,449,2 373,456,388,497,4 389,454,403,496,4 403,454,418,497,4 486,438,502,515,4 495,428,516,521,4 510,438,537,528,4 538,436,657,530,1 603,437,994,558,1 920,448,1024,608,1 431,434,440,447,2
/data/user7/wt/datasets/M3FD/M3FD/VOCdevkit/VOC2007/JPEGImages/00493.jpg 1,404,186,728,1 136,436,256,579,1 248,454,258,472,4 264,442,337,511,1 333,452,381,494,1 438,445,457,487,4 425,449,439,487,4 412,448,424,487,4 511,430,534,510,4 523,431,549,508,4 540,434,569,518,4 554,426,577,468,4 566,430,718,521,1 702,435,986,549,1 937,449,1024,586,1 466,425,477,443,2
/data/user7/wt/datasets/M3FD/M3FD/VOCdevkit/VOC2007/JPEGImages/00494.jpg 13,389,628,621,1 583,447,693,498,1 696,452,759,497,1 694,344,714,387,2 441,382,503,456,4 832,437,838,452,4 939,437,944,458,4 943,435,950,459,4 950,434,956,458,4 697,408,709,429,2 262,143,311,259,2
/data/user7/wt/datasets/M3FD/M3FD/VOCdevkit/VOC2007/JPEGImages/00495.jpg 1,405,240,693,1 196,432,297,566,1 299,437,371,506,1 279,426,289,449,2 365,443,411,488,1 441,444,455,481,4 454,442,470,480,4 470,440,486,480,4 511,440,521,459,4 546,427,595,513,4 536,428,562,501,4 562,418,604,514,4 592,426,735,518,1 736,419,892,515,1 769,430,1019,546,1 493,420,501,435,2
/data/user7/wt/datasets/M3FD/M3FD/VOCdevkit/VOC2007/JPEGImages/00496.jpg 1,392,246,644,1 331,415,597,617,1 178,423,298,512,1 567,436,621,542,1 620,435,721,513,1 735,438,751,476,4 754,438,767,477,4 766,435,780,477,4 780,438,793,459,4 793,438,806,458,4 863,422,889,506,4 829,426,852,495,4 845,422,866,495,4 880,425,1010,509,1
/data/user7/wt/datasets/M3FD/M3FD/VOCdevkit/VOC2007/JPEGImages/00497.jpg 2,405,339,616,1 276,423,380,509,1 415,415,675,599,1 644,427,696,533,1 700,427,818,505,1 956,416,1018,506,1 821,432,832,470,4 832,431,847,470,4 847,428,860,470,4 861,429,874,451,4 873,428,886,449,4 907,418,935,485,4 892,420,916,482,4 928,416,948,480,4 946,414,969,482,4
/data/user7/wt/datasets/M3FD/M3FD/VOCdevkit/VOC2007/JPEGImages/00498.jpg 40,378,82,466,4 6,387,439,589,1 520,403,759,583,1 734,417,782,520,1 798,414,925,493,1 386,409,472,491,1 905,421,923,444,4 923,417,939,457,4 940,416,951,459,4 952,419,963,442,4 965,418,976,439,4 984,407,1001,470,4 994,405,1017,475,4
/data/user7/wt/datasets/M3FD/M3FD/VOCdevkit/VOC2007/JPEGImages/00499.jpg 178,385,228,466,4 124,399,520,594,1 605,412,836,586,1 474,416,563,497,1 86,386,446,540,1 808,426,859,530,1 879,420,1017,510,1 989,428,1002,447,4 1006,426,1018,451,4 875,440,889,463,4 872,457,893,478,3
/data/user7/wt/datasets/M3FD/M3FD/VOCdevkit/VOC2007/JPEGImages/00500.jpg 199,397,570,579,1 155,385,501,536,1 264,389,309,454,4 524,412,605,494,1 649,405,875,578,1 851,418,902,521,1 943,411,1020,500,1 924,434,938,458,4 924,453,941,470,3
/data/user7/wt/datasets/M3FD/M3FD/VOCdevkit/VOC2007/JPEGImages/00501.jpg 113,399,693,629,1 1,452,102,555,1 435,393,456,417,4 258,164,309,278,2 586,458,676,500,1 677,460,742,503,1 678,353,694,396,2 851,416,1024,572,1
/data/user7/wt/datasets/M3FD/M3FD/VOCdevkit/VOC2007/JPEGImages/00503.jpg 1,428,105,530,1 186,379,732,608,1 786,416,1024,546,1 659,343,676,387,2 669,445,723,479,1 793,436,800,451,4 416,376,437,387,4 257,161,305,266,2
/data/user7/wt/datasets/M3FD/M3FD/VOCdevkit/VOC2007/JPEGImages/00504.jpg 1,434,149,608,1 1,405,317,593,1 175,444,326,531,1 375,447,533,559,1 515,447,571,525,1 592,440,699,529,1 581,433,594,450,2 716,443,733,465,4 712,444,831,529,1 807,442,868,503,1 959,359,1024,622,1 867,437,964,517,1 764,435,771,444,4 748,436,756,445,4 758,435,764,444,4 741,440,748,447,4 296,449,345,504,1
/data/user7/wt/datasets/M3FD/M3FD/VOCdevkit/VOC2007/JPEGImages/00508.jpg 1,407,163,666,1 240,451,348,537,1 411,439,526,532,1 624,401,812,552,1 664,404,728,571,4 878,401,930,548,4 510,441,520,461,4 521,440,527,474,4 531,439,548,478,4 546,442,612,491,1 360,456,399,480,1 330,452,370,513,1 94,444,191,500,1
/data/user7/wt/datasets/M3FD/M3FD/VOCdevkit/VOC2007/JPEGImages/00509.jpg 1,397,431,692,1 45,415,81,445,4 456,415,615,553,1 666,429,823,541,1 621,439,659,524,4 657,441,678,479,4 899,392,1024,526,1 834,425,851,503,4 864,394,908,532,4
/data/user7/wt/datasets/M3FD/M3FD/VOCdevkit/VOC2007/JPEGImages/00510.jpg 54,360,109,452,4 115,367,168,510,4 223,384,248,439,4 261,395,290,439,4 906,369,945,505,4 880,403,899,470,4 837,402,857,473,4 750,407,849,502,1 580,380,791,532,1 224,384,536,570,1 510,413,576,484,1 937,377,1023,486,1
/data/user7/wt/datasets/M3FD/M3FD/VOCdevkit/VOC2007/JPEGImages/00511.jpg 62,368,117,460,4 120,374,169,517,4 220,392,257,444,4 253,398,284,440,4 893,376,939,513,4 872,410,893,477,4 229,393,528,573,1 503,419,572,490,1 576,387,794,538,1 752,414,838,507,1 831,412,854,476,4 928,384,1024,492,1
/data/user7/wt/datasets/M3FD/M3FD/VOCdevkit/VOC2007/JPEGImages/00512.jpg 77,371,127,455,4 124,375,172,513,4 220,392,254,444,4 247,395,279,444,4 862,412,885,480,4 882,381,926,514,4 911,388,1003,494,1 954,425,1024,510,1 232,395,527,573,1 498,419,566,490,1 556,427,583,480,1 582,389,796,540,1 757,416,827,512,1 2,398,30,514,4
/data/user7/wt/datasets/M3FD/M3FD/VOCdevkit/VOC2007/JPEGImages/00515.jpg 17,418,56,535,4 99,425,145,493,4 146,395,193,526,4 226,410,254,460,4 250,408,284,460,4 856,387,901,524,4 928,379,976,448,4 257,412,520,574,1 545,438,579,489,1 494,432,555,495,1 592,396,825,553,1 912,401,1024,705,1
/data/user7/wt/datasets/M3FD/M3FD/VOCdevkit/VOC2007/JPEGImages/00516.jpg 31,420,70,533,4 108,430,151,472,4 153,397,200,523,4 229,411,251,463,4 252,411,286,463,4 847,389,893,527,4 913,384,959,466,4 547,442,580,491,1 497,434,555,501,1 263,415,520,568,1 592,397,838,561,1 893,379,1024,712,1
/data/user7/wt/datasets/M3FD/M3FD/VOCdevkit/VOC2007/JPEGImages/00517.jpg 39,420,79,538,4 118,433,163,473,4 162,401,203,523,4 234,412,254,464,4 255,413,287,458,4 838,395,882,477,4 888,395,932,473,4 546,444,582,492,1 493,437,552,501,1 269,419,518,574,1 599,403,860,565,1 863,378,1024,768,1
/data/user7/wt/datasets/M3FD/M3FD/VOCdevkit/VOC2007/JPEGImages/00519.jpg 74,417,107,519,4 137,427,186,465,4 184,396,227,513,4 247,405,267,456,4 269,405,298,457,4 834,399,859,432,4 871,397,903,443,4 550,440,582,487,1 586,438,621,494,1 502,435,550,491,1 293,415,523,560,1 613,397,877,562,1 825,386,1024,720,1
/data/user7/wt/datasets/M3FD/M3FD/VOCdevkit/VOC2007/JPEGImages/00520.jpg 107,412,139,449,4 140,413,157,430,4 678,436,709,509,4 868,423,886,495,4 898,391,946,530,4 446,440,518,510,1 935,391,1024,518,1 1,397,474,673,1 505,410,663,545,1 701,426,850,537,1
/data/user7/wt/datasets/M3FD/M3FD/VOCdevkit/VOC2007/JPEGImages/00521.jpg 99,415,135,518,4 175,425,207,461,4 205,396,246,509,4 263,405,285,454,4 286,403,314,450,4 873,394,897,423,4 558,437,589,484,1 512,430,561,482,1 589,434,642,491,1 314,414,536,556,1 632,395,880,561,1 825,383,1024,695,1
/data/user7/wt/datasets/M3FD/M3FD/VOCdevkit/VOC2007/JPEGImages/00522.jpg 142,418,178,519,4 210,430,235,466,4 238,399,275,510,4 290,408,315,456,4 310,407,339,453,4 576,435,607,481,1 529,429,580,481,1 596,430,670,490,1 344,415,554,546,1 659,391,890,550,1 831,382,1024,661,1
/data/user7/wt/datasets/M3FD/M3FD/VOCdevkit/VOC2007/JPEGImages/00525.jpg 109,379,152,424,4 259,446,288,524,4 300,452,337,488,4 342,433,374,528,4 379,429,404,506,4 398,439,426,480,4 600,456,651,514,1 635,456,733,527,1 440,446,624,567,1 747,426,905,563,1 840,427,1024,651,1 1,356,292,768,1
/data/user7/wt/datasets/M3FD/M3FD/VOCdevkit/VOC2007/JPEGImages/00526.jpg 201,374,235,411,4 280,431,317,473,4 321,423,356,475,4 360,418,391,508,4 395,414,418,489,4 417,423,445,462,4 1,344,340,768,1 458,427,629,541,1 635,436,733,507,1 768,404,921,541,1 842,406,1023,608,1 967,488,1024,710,1
/data/user7/wt/datasets/M3FD/M3FD/VOCdevkit/VOC2007/JPEGImages/00527.jpg 261,370,298,425,4 330,409,361,459,4 372,409,411,502,4 406,407,426,479,4 430,417,457,456,4 641,428,737,500,1 779,428,811,492,1 768,436,781,491,4 798,395,968,514,1 472,421,634,532,1 1,352,375,768,1 823,403,992,592,1 932,424,1024,692,1
/data/user7/wt/datasets/M3FD/M3FD/VOCdevkit/VOC2007/JPEGImages/00528.jpg 315,368,372,454,4 382,403,413,486,4 416,405,435,469,4 439,409,466,451,4 617,423,661,472,1 648,418,735,490,1 768,418,829,486,1 1,352,403,768,1 481,411,639,518,1 820,390,979,569,1 894,348,1022,766,1
/data/user7/wt/datasets/M3FD/M3FD/VOCdevkit/VOC2007/JPEGImages/00529.jpg 400,393,419,456,4 422,395,439,435,4 445,398,470,438,4 368,368,405,446,4 613,409,661,458,1 772,406,835,468,1 650,406,738,480,1 484,401,638,501,1 806,374,934,552,1 861,325,1023,702,1 1,354,424,715,1
/data/user7/wt/datasets/M3FD/M3FD/VOCdevkit/VOC2007/JPEGImages/00530.jpg 2,359,43,541,4 154,389,181,423,4 182,393,207,421,4 897,406,915,482,4 927,374,971,496,4 46,377,509,630,1 543,391,705,526,1 724,409,880,517,1 972,377,1021,483,1 484,421,556,484,1
/data/user7/wt/datasets/M3FD/M3FD/VOCdevkit/VOC2007/JPEGImages/00531.jpg 2,382,61,529,4 57,380,101,552,4 200,405,225,463,4 231,411,264,445,4 926,416,944,489,4 957,383,998,524,4 125,395,547,633,1 582,399,748,537,1 750,420,901,532,1 755,429,773,465,4 518,431,584,497,1
/data/user7/wt/datasets/M3FD/M3FD/VOCdevkit/VOC2007/JPEGImages/00532.jpg 37,372,87,513,4 85,370,139,539,4 219,395,256,458,4 260,406,294,434,4 762,423,780,457,4 930,412,949,490,4 959,379,1008,520,4 530,424,593,494,1 168,389,557,613,1 768,416,903,519,1 590,396,768,538,1
/data/user7/wt/datasets/M3FD/M3FD/VOCdevkit/VOC2007/JPEGImages/00533.jpg 50,376,102,512,4 94,374,151,533,4 226,394,266,457,4 266,409,300,434,4 759,418,776,440,4 924,407,944,479,4 952,373,998,514,4 530,422,592,487,1 184,390,557,608,1 586,390,774,532,1 766,412,898,516,1
/data/user7/wt/datasets/M3FD/M3FD/VOCdevkit/VOC2007/JPEGImages/00534.jpg 56,375,114,501,4 106,370,159,525,4 229,390,269,449,4 272,409,304,430,4 914,405,933,474,4 941,373,981,506,4 526,417,589,483,1 205,387,552,587,1 973,380,1024,497,1 771,409,882,512,1 584,385,781,527,1
/data/user7/wt/datasets/M3FD/M3FD/VOCdevkit/VOC2007/JPEGImages/00535.jpg 232,385,267,440,4 269,403,304,436,4 52,362,108,449,4 111,364,167,515,4 857,402,887,445,4 901,403,927,468,4 933,368,976,505,4 521,413,587,477,1 216,384,547,575,1 587,381,782,523,1 770,406,874,504,1 968,376,1024,486,1
/data/user7/wt/datasets/M3FD/M3FD/VOCdevkit/VOC2007/JPEGImages/00536.jpg 49,358,108,451,4 111,365,169,515,4 226,383,264,439,4 266,400,298,437,4 848,403,876,451,4 894,403,911,470,4 921,370,967,508,4 514,410,586,484,1 957,376,1024,496,1 752,407,862,504,1 217,384,541,572,1 581,380,786,528,1
/data/user7/wt/datasets/M3FD/M3FD/VOCdevkit/VOC2007/JPEGImages/00537.jpg 101,334,222,649,4 252,432,302,576,4 274,428,301,466,4 459,437,486,540,4 491,458,509,485,4 510,463,525,507,4 510,467,618,545,1 881,435,1024,636,1 832,446,956,574,1 706,478,762,527,1 794,471,848,520,1 648,467,686,531,4
/data/user7/wt/datasets/M3FD/M3FD/VOCdevkit/VOC2007/JPEGImages/00538.jpg 104,320,207,630,4 183,374,217,601,4 288,422,317,554,4 257,422,313,557,4 466,429,493,528,4 498,450,520,511,4 512,457,530,512,4 656,455,680,522,4 518,457,628,536,1 883,430,1024,615,1 834,441,957,556,1 797,462,854,510,1 713,471,772,517,1
/data/user7/wt/datasets/M3FD/M3FD/VOCdevkit/VOC2007/JPEGImages/00540.jpg 1,383,53,477,4 77,315,187,637,4 189,378,246,593,4 261,422,345,546,4 291,423,335,550,4 474,426,509,523,4 510,447,530,508,4 526,454,536,494,4 647,451,682,515,4 530,452,636,529,1 887,420,1024,605,1 840,435,953,550,1 811,460,856,506,1 721,467,783,512,1
/data/user7/wt/datasets/M3FD/M3FD/VOCdevkit/VOC2007/JPEGImages/00541.jpg 5,388,75,592,4 72,312,170,642,4 286,426,354,551,4 476,428,513,524,4 533,455,544,507,4 518,448,535,507,4 648,450,676,515,4 204,380,262,590,4 538,453,641,528,1 819,455,858,506,1 728,465,787,509,1 886,425,1024,603,1 845,437,952,545,1
/data/user7/wt/datasets/M3FD/M3FD/VOCdevkit/VOC2007/JPEGImages/00542.jpg 19,399,87,584,4 54,312,168,643,4 215,379,274,582,4 303,426,362,547,4 476,424,517,520,4 523,445,546,504,4 643,447,675,513,4 544,452,646,527,1 888,421,1024,597,1 845,430,949,543,1 822,452,866,500,1 732,461,792,507,1
/data/user7/wt/datasets/M3FD/M3FD/VOCdevkit/VOC2007/JPEGImages/00545.jpg 18,287,139,644,4 260,379,312,571,4 236,401,273,467,4 334,421,392,538,4 502,418,536,512,4 543,440,564,474,4 564,448,580,467,4 649,440,675,506,4 561,445,660,517,1 894,418,1024,586,1 861,429,949,534,1 750,457,809,501,1 839,447,876,496,1
/data/user7/wt/datasets/M3FD/M3FD/VOCdevkit/VOC2007/JPEGImages/00546.jpg 18,275,154,648,4 280,373,326,559,4 248,395,287,510,4 345,413,403,527,4 505,412,537,505,4 536,434,550,455,4 551,433,573,473,4 574,443,587,459,4 654,432,678,472,4 570,439,668,513,1 899,412,1024,579,1 865,424,954,530,1 844,442,881,490,1 758,450,818,495,1
/data/user7/wt/datasets/M3FD/M3FD/VOCdevkit/VOC2007/JPEGImages/00547.jpg 148,375,189,463,4 27,272,176,655,4 264,398,306,513,4 298,377,345,563,4 360,415,417,529,4 504,413,543,511,4 549,436,562,455,4 563,434,584,493,4 661,433,678,459,4 584,440,680,514,1 907,415,1024,569,1 871,423,958,530,1 768,451,820,497,1
/data/user7/wt/datasets/M3FD/M3FD/VOCdevkit/VOC2007/JPEGImages/00548.jpg 17,279,160,667,4 275,405,313,522,4 306,384,355,563,4 371,421,425,535,4 513,418,546,511,4 557,442,578,500,4 574,439,591,487,4 590,444,687,516,1 910,419,1024,572,1 876,428,960,535,1 773,456,828,500,1 157,404,204,472,4
/data/user7/wt/datasets/M3FD/M3FD/VOCdevkit/VOC2007/JPEGImages/00549.jpg 8,285,147,679,4 287,406,325,518,4 322,386,367,564,4 377,424,434,534,4 514,418,551,514,4 568,441,585,463,4 585,440,604,498,4 589,447,700,518,1 914,422,1024,573,1 884,430,967,534,1 781,458,837,501,1 177,410,225,570,4
/data/user7/wt/datasets/M3FD/M3FD/VOCdevkit/VOC2007/JPEGImages/00551.jpg 2,268,101,667,4 299,404,339,512,4 335,385,381,556,4 388,421,446,528,4 505,415,546,511,4 586,439,605,460,4 599,437,614,463,4 601,442,700,511,1 787,452,844,498,1 915,419,1024,571,1 888,429,959,531,1 200,407,238,556,4
/data/user7/wt/datasets/M3FD/M3FD/VOCdevkit/VOC2007/JPEGImages/00552.jpg 1,318,55,665,4 304,400,344,506,4 340,379,390,556,4 396,416,449,520,4 508,409,541,504,4 593,430,607,478,4 604,429,616,459,4 607,439,706,506,1 914,407,1022,562,1 885,423,959,522,1 788,447,842,491,1 31,357,218,512,1
/data/user7/wt/datasets/M3FD/M3FD/VOCdevkit/VOC2007/JPEGImages/00553.jpg 306,402,345,504,4 344,380,392,551,4 396,417,448,521,4 504,409,534,504,4 596,433,613,481,4 604,438,703,510,1 911,412,1024,563,1 884,423,958,525,1 789,446,846,491,1 192,414,249,552,4 3,350,206,510,1
/data/user7/wt/datasets/M3FD/M3FD/VOCdevkit/VOC2007/JPEGImages/00554.jpg 309,403,351,505,4 348,382,393,546,4 399,417,449,521,4 491,411,531,503,4 597,425,625,489,4 608,438,711,510,1 909,412,1024,558,1 885,424,959,525,1 790,447,843,493,1 522,437,603,487,1 199,418,259,547,4 2,352,205,517,1
/data/user7/wt/datasets/M3FD/M3FD/VOCdevkit/VOC2007/JPEGImages/00555.jpg 313,402,353,503,4 352,379,396,543,4 402,413,453,518,4 480,408,507,500,4 587,422,620,490,4 607,433,710,504,1 790,445,850,488,1 912,411,1024,559,1 887,421,960,516,1 507,435,599,483,1 205,412,261,543,4 1,348,220,505,1
/data/user7/wt/datasets/M3FD/M3FD/VOCdevkit/VOC2007/JPEGImages/00557.jpg 235,382,287,452,4 320,399,364,509,4 360,379,407,539,4 420,409,458,516,4 446,403,476,497,4 574,417,600,488,4 613,432,719,503,1 795,443,856,485,1 913,410,1024,547,1 891,417,960,518,1 847,442,883,476,1 948,501,1024,765,1 2,348,233,509,1
/data/user7/wt/datasets/M3FD/M3FD/VOCdevkit/VOC2007/JPEGImages/00558.jpg 237,396,276,542,4 326,397,366,507,4 362,377,410,537,4 424,404,466,511,4 563,416,595,486,4 619,430,722,498,1 905,476,1024,768,1 913,404,1024,527,1 892,416,965,511,1 792,439,854,485,1 3,344,233,512,1
/data/user7/wt/datasets/M3FD/M3FD/VOCdevkit/VOC2007/JPEGImages/00559.jpg 76,392,251,514,1 1,300,95,733,1 516,420,951,623,1 846,426,1024,595,1 339,423,355,511,4 368,415,402,534,4 404,434,433,516,4 535,442,551,481,4 549,439,565,481,4 463,452,550,494,1
/data/user7/wt/datasets/M3FD/M3FD/VOCdevkit/VOC2007/JPEGImages/00560.jpg 1,278,131,700,1 107,393,237,529,1 485,425,840,599,1 801,433,999,589,1 448,423,515,494,1 320,425,335,510,4 350,417,381,529,4 382,433,410,516,4 510,444,525,479,4 524,441,538,464,4
/data/user7/wt/datasets/M3FD/M3FD/VOCdevkit/VOC2007/JPEGImages/00561.jpg 1,270,161,659,1 462,420,734,566,1 728,409,925,564,1 302,417,314,497,4 328,409,360,513,4 360,425,386,503,4 477,433,495,460,4 494,431,505,449,4 940,433,982,488,4
/data/user7/wt/datasets/M3FD/M3FD/VOCdevkit/VOC2007/JPEGImages/00562.jpg 2,281,186,685,1 440,429,654,550,1 687,430,860,557,1 656,438,715,518,1 309,417,338,519,4 334,433,364,505,4 282,425,295,499,4 229,433,256,471,4 443,441,461,475,4 463,438,472,455,4 892,443,929,495,4
/data/user7/wt/datasets/M3FD/M3FD/VOCdevkit/VOC2007/JPEGImages/00564.jpg 1,306,225,641,1 412,431,557,534,1 625,428,773,536,1 597,436,651,512,1 562,447,607,484,1 282,420,308,511,4 304,435,328,502,4 397,440,415,486,4 415,438,429,465,4 812,439,851,483,4
/data/user7/wt/datasets/M3FD/M3FD/VOCdevkit/VOC2007/JPEGImages/00565.jpg 1,319,235,624,1 411,440,536,537,1 609,439,748,547,1 547,459,589,492,1 585,446,635,515,1 276,426,306,513,4 301,439,325,505,4 389,445,406,492,4 406,442,423,490,4 795,450,829,495,4
/data/user7/wt/datasets/M3FD/M3FD/VOCdevkit/VOC2007/JPEGImages/00566.jpg 3,339,256,610,1 421,446,529,535,1 610,442,738,543,1 585,448,629,516,1 550,461,588,495,1 290,433,318,518,4 312,446,335,510,4 393,450,410,496,4 410,447,428,497,4 789,453,823,495,4 970,450,1024,559,1
/data/user7/wt/datasets/M3FD/M3FD/VOCdevkit/VOC2007/JPEGImages/00567.jpg 24,381,285,635,1 14,449,35,509,4 304,461,333,546,4 327,473,345,538,4 401,477,419,524,4 435,478,535,559,1 617,476,742,573,1 593,480,637,545,1 557,492,595,524,1 794,484,825,532,4 958,482,1024,601,1
/data/user7/wt/datasets/M3FD/M3FD/VOCdevkit/VOC2007/JPEGImages/00568.jpg 1,429,56,534,1 80,367,314,602,1 457,458,551,533,1 573,473,607,503,1 605,459,644,529,1 626,454,749,548,1 330,445,363,523,4 416,459,432,503,4 435,457,446,502,4 803,463,832,510,4 947,454,1023,578,1
/data/user7/wt/datasets/M3FD/M3FD/VOCdevkit/VOC2007/JPEGImages/00569.jpg 1,381,38,566,4 350,432,372,508,4 426,446,444,491,4 448,443,466,488,4 126,363,337,582,1 480,446,568,511,1 635,442,759,534,1 581,457,620,489,1 615,443,657,510,1 30,422,87,521,1 806,449,836,494,4 933,435,1024,552,1
/data/user7/wt/datasets/M3FD/M3FD/VOCdevkit/VOC2007/JPEGImages/00570.jpg 19,388,80,560,4 363,437,386,511,4 440,449,454,493,4 458,448,471,490,4 811,454,841,501,4 1,418,116,522,1 161,371,360,580,1 495,452,580,512,1 644,446,757,534,1 592,462,628,493,1 469,458,503,496,1 932,436,1024,572,1
/data/user7/wt/datasets/M3FD/M3FD/VOCdevkit/VOC2007/JPEGImages/00571.jpg 1,360,79,563,4 74,381,131,546,4 386,440,409,500,4 411,444,425,485,4 206,366,384,560,1 457,440,472,484,4 474,439,492,480,4 488,449,524,487,1 516,445,599,501,1 603,455,643,486,1 636,444,679,505,1 655,442,767,529,1 820,450,849,495,4 923,433,1024,569,1
/data/user7/wt/datasets/M3FD/M3FD/VOCdevkit/VOC2007/JPEGImages/00572.jpg 32,389,126,572,4 120,403,167,559,4 402,455,428,515,4 433,461,446,498,4 469,456,480,500,4 481,455,495,498,4 201,426,262,509,1 237,389,404,570,1 496,462,543,504,1 533,461,617,515,1 644,458,681,520,1 663,457,764,540,1 823,462,852,508,4 917,447,1023,581,1
/data/user7/wt/datasets/M3FD/M3FD/VOCdevkit/VOC2007/JPEGImages/00573.jpg 89,398,168,566,4 176,408,217,559,4 230,429,296,502,1 273,399,426,571,1 512,468,563,505,1 565,467,637,514,1 656,465,691,521,1 674,463,771,536,1 917,456,1023,569,1 834,469,864,514,4 456,466,475,504,4 484,460,496,503,4 494,460,509,504,4 1,448,69,576,1 425,464,445,512,4
/data/user7/wt/datasets/M3FD/M3FD/VOCdevkit/VOC2007/JPEGImages/00574.jpg 1,445,129,596,1 261,421,322,509,1 305,392,455,559,1 529,463,581,499,1 584,461,657,511,1 672,458,707,513,1 689,457,787,531,1 134,393,206,554,4 218,400,264,545,4 483,458,502,498,4 504,455,518,495,4 515,455,525,495,4 848,464,877,509,4 914,453,1024,570,1
/data/user7/wt/datasets/M3FD/M3FD/VOCdevkit/VOC2007/JPEGImages/00575.jpg 1,422,105,648,1 36,441,186,601,1 349,404,488,573,1 561,466,614,504,1 622,469,692,511,1 702,464,735,522,1 718,461,815,536,1 192,403,255,555,4 276,410,320,550,4 492,459,505,502,4 530,463,539,501,4 540,459,555,499,4 877,467,905,513,4 938,463,1024,570,1 317,419,367,508,1
/data/user7/wt/datasets/M3FD/M3FD/VOCdevkit/VOC2007/JPEGImages/00576.jpg 1,382,161,614,1 100,427,230,539,1 376,384,510,534,1 582,443,633,482,1 648,444,707,486,1 720,439,754,491,1 735,437,826,503,1 232,384,290,533,4 292,429,309,470,4 317,391,367,525,4 369,412,391,483,4 522,438,535,479,4 557,436,575,478,4 893,441,922,486,4
/data/user7/wt/datasets/M3FD/M3FD/VOCdevkit/VOC2007/JPEGImages/00577.jpg 1,370,190,602,1 139,430,254,540,1 388,387,517,533,1 587,447,638,484,1 659,449,718,488,1 722,444,756,493,1 738,443,829,509,1 993,491,1024,605,1 249,387,305,529,4 342,394,384,526,4 379,414,400,501,4 535,441,555,481,4 564,439,582,479,4 897,448,926,492,4 335,407,356,480,1
/data/user7/wt/datasets/M3FD/M3FD/VOCdevkit/VOC2007/JPEGImages/00580.jpg 1,388,247,655,1 210,450,286,556,1 411,403,529,538,1 585,453,638,493,1 660,454,708,491,1 720,449,749,502,1 733,448,819,517,1 916,516,1024,765,1 940,443,1024,551,1 279,405,329,534,4 359,423,382,513,4 374,405,418,534,4 520,433,540,502,4 559,445,568,485,4 569,449,575,485,4 579,451,588,486,4 891,449,911,493,4 340,420,371,493,1
/data/user7/wt/datasets/M3FD/M3FD/VOCdevkit/VOC2007/JPEGImages/00581.jpg 1,419,335,654,1 424,437,526,524,1 546,462,588,495,1 750,446,937,514,1 929,411,1024,579,1 704,457,808,502,1 583,443,604,466,1
/data/user7/wt/datasets/M3FD/M3FD/VOCdevkit/VOC2007/JPEGImages/00582.jpg 3,401,412,597,1 470,415,576,498,1 591,438,631,469,1 710,439,776,472,1 793,421,967,493,1 947,395,1024,545,1 624,421,646,443,1
/data/user7/wt/datasets/M3FD/M3FD/VOCdevkit/VOC2007/JPEGImages/00583.jpg 45,410,455,587,1 505,424,606,500,1 615,447,659,480,1 766,445,871,485,1 822,457,896,497,1 876,320,1024,610,4 851,439,1024,636,3
/data/user7/wt/datasets/M3FD/M3FD/VOCdevkit/VOC2007/JPEGImages/00584.jpg 116,397,487,564,1 528,409,623,484,1 641,430,683,465,1 772,338,880,544,4 761,385,951,584,3 956,388,1024,521,1
/data/user7/wt/datasets/M3FD/M3FD/VOCdevkit/VOC2007/JPEGImages/00585.jpg 160,413,505,561,1 539,421,627,495,1 645,442,685,476,1 834,427,944,489,1 937,404,1024,544,1 704,372,785,533,4 690,410,824,559,3 3,389,66,591,4
/data/user7/wt/datasets/M3FD/M3FD/VOCdevkit/VOC2007/JPEGImages/00586.jpg 1,348,105,589,4 654,392,720,527,4 176,424,499,552,1 527,429,616,500,1 908,416,1021,545,1 818,436,925,495,1 647,427,749,548,3
/data/user7/wt/datasets/M3FD/M3FD/VOCdevkit/VOC2007/JPEGImages/00587.jpg 31,371,146,582,4 600,410,653,524,4 592,435,684,543,3 197,434,496,553,1 521,429,599,506,1 877,424,1018,542,1 798,441,892,499,1
/data/user7/wt/datasets/M3FD/M3FD/VOCdevkit/VOC2007/JPEGImages/00588.jpg 70,372,172,565,4 203,429,483,538,1 542,412,589,511,4 536,435,619,526,3 615,446,643,481,1 931,389,1024,579,1 838,418,952,535,1 778,438,860,493,1
/data/user7/wt/datasets/M3FD/M3FD/VOCdevkit/VOC2007/JPEGImages/00589.jpg 97,401,187,580,4 498,439,542,529,4 211,454,478,559,1 585,467,632,503,1 759,457,837,510,1 899,413,1020,590,1 820,438,919,544,1 490,462,573,539,3
/data/user7/wt/datasets/M3FD/M3FD/VOCdevkit/VOC2007/JPEGImages/00590.jpg 125,409,206,572,4 451,448,492,507,4 465,467,512,538,3 218,457,450,554,1 494,454,562,517,1 578,473,614,501,1 857,426,1018,587,1 793,447,883,547,1 740,474,800,514,1 689,472,757,503,1
/data/user7/wt/datasets/M3FD/M3FD/VOCdevkit/VOC2007/JPEGImages/00591.jpg 152,409,223,558,4 420,450,445,477,4 237,455,466,540,1 477,453,552,515,1 568,472,603,501,1 930,447,1024,647,1 831,434,995,578,1 771,449,857,542,1 724,476,778,515,1 687,474,770,505,1
/data/user7/wt/datasets/M3FD/M3FD/VOCdevkit/VOC2007/JPEGImages/00592.jpg 168,412,237,552,4 246,453,460,533,1 470,451,542,506,1 551,469,591,495,1 887,414,1024,641,1 800,425,941,561,1 749,440,824,529,1 706,468,759,505,1 672,466,740,502,1
/data/user7/wt/datasets/M3FD/M3FD/VOCdevkit/VOC2007/JPEGImages/00593.jpg 185,391,247,523,4 260,430,457,508,1 463,429,534,481,1 545,447,581,472,1 857,399,1024,610,1 778,406,911,535,1 734,422,805,501,1 697,444,742,482,1
/data/user7/wt/datasets/M3FD/M3FD/VOCdevkit/VOC2007/JPEGImages/00595.jpg 210,379,267,494,4 272,412,451,490,1 452,410,517,464,1 525,426,562,454,1 984,462,1024,614,1 798,385,1020,547,1 738,392,860,506,1 704,405,760,479,1 670,426,717,465,1
/data/user7/wt/datasets/M3FD/M3FD/VOCdevkit/VOC2007/JPEGImages/00596.jpg 219,382,274,494,4 276,412,447,488,1 443,412,509,460,1 518,427,554,451,1 938,434,1024,593,1 776,384,1017,543,1 726,391,836,497,1 693,403,748,476,1 661,426,717,462,1
/data/user7/wt/datasets/M3FD/M3FD/VOCdevkit/VOC2007/JPEGImages/00598.jpg 1,357,174,511,1 280,389,315,421,4 332,417,471,480,1 466,412,522,459,1 530,425,562,451,1 862,376,1024,614,1 760,395,933,525,1 720,398,799,493,1
/data/user7/wt/datasets/M3FD/M3FD/VOCdevkit/VOC2007/JPEGImages/00599.jpg 1,397,35,598,4 41,376,129,597,4 1,308,172,549,1 171,444,271,543,1 173,430,342,527,1 458,456,558,509,1 547,451,596,488,1 603,458,633,484,1 760,440,810,507,1 779,441,867,533,1 820,433,995,574,1 945,429,1024,607,1 282,408,326,551,4 413,438,439,463,4
/data/user7/wt/datasets/M3FD/M3FD/VOCdevkit/VOC2007/JPEGImages/00601.jpg 2,426,112,578,1 3,318,270,548,1 95,404,165,599,4 194,395,268,586,4 270,449,361,535,1 275,439,407,522,1 402,430,438,542,4 484,444,505,467,4 522,461,616,510,1 609,455,655,496,1 925,431,1024,595,1 860,436,934,568,1 830,442,900,517,1
/data/user7/wt/datasets/M3FD/M3FD/VOCdevkit/VOC2007/JPEGImages/00602.jpg 1,421,221,570,1 133,407,213,587,4 243,401,309,578,4 3,333,296,557,1 308,449,386,536,1 308,438,450,525,1 546,461,639,511,1 442,433,477,537,4 507,446,532,467,4 629,455,677,495,1 901,435,1024,597,1 959,454,1017,572,4 844,445,915,530,1
/data/user7/wt/datasets/M3FD/M3FD/VOCdevkit/VOC2007/JPEGImages/00605.jpg 17,395,196,537,1 194,438,259,524,1 20,326,377,515,1 378,416,494,493,1 515,413,549,501,4 545,424,568,444,4 580,439,666,486,1 855,408,1018,555,1 901,398,958,547,4 248,388,308,546,4 319,383,376,538,4
/data/user7/wt/datasets/M3FD/M3FD/VOCdevkit/VOC2007/JPEGImages/00606.jpg 1,417,220,549,1 215,454,288,535,1 2,347,377,528,1 379,430,496,508,1 264,409,324,558,4 334,403,395,552,4 530,428,557,512,4 579,451,659,492,1 655,446,700,483,1 936,474,1024,628,1 841,425,1020,535,1 846,401,923,551,4
/data/user7/wt/datasets/M3FD/M3FD/VOCdevkit/VOC2007/JPEGImages/00608.jpg 1,431,62,561,4 2,414,225,535,1 223,452,288,528,1 1,351,358,518,1 271,412,322,546,4 320,404,371,542,4 372,432,469,505,1 513,434,537,509,4 546,455,624,496,1 620,448,664,485,1 771,405,1024,646,1 777,417,836,483,4
/data/user7/wt/datasets/M3FD/M3FD/VOCdevkit/VOC2007/JPEGImages/00609.jpg 10,438,59,558,4 7,422,208,531,1 204,455,261,524,1 251,418,299,547,4 307,411,351,543,4 1,362,326,524,1 352,437,433,506,1 484,439,505,509,4 508,459,586,498,1 582,455,624,487,1 671,417,1024,624,1 735,426,763,463,4
/data/user7/wt/datasets/M3FD/M3FD/VOCdevkit/VOC2007/JPEGImages/00610.jpg 1,456,43,571,4 1,441,176,544,1 176,476,228,539,1 1,381,289,534,1 311,478,348,529,1 309,456,394,526,1 464,478,539,518,1 535,474,575,508,1 214,439,263,563,4 272,435,317,559,4 434,459,463,526,4 580,447,968,619,1 918,433,1024,557,1
/data/user7/wt/datasets/M3FD/M3FD/VOCdevkit/VOC2007/JPEGImages/00611.jpg 1,427,25,539,4 1,412,149,520,1 148,450,198,513,1 187,412,231,532,4 239,409,281,531,4 278,432,354,497,1 395,436,429,502,4 429,454,497,494,1 513,430,854,586,1 868,421,1023,534,1 20,358,255,514,1
/data/user7/wt/datasets/M3FD/M3FD/VOCdevkit/VOC2007/JPEGImages/00612.jpg 1,421,114,533,1 112,458,161,514,1 151,421,195,536,4 196,415,237,533,4 236,436,308,500,1 362,442,381,504,4 436,438,726,567,1 795,420,957,532,1 1,365,213,519,1
/data/user7/wt/datasets/M3FD/M3FD/VOCdevkit/VOC2007/JPEGImages/00613.jpg 1,424,81,525,1 1,367,179,516,1 123,421,166,533,4 167,419,201,531,4 321,444,339,503,4 374,442,624,551,1 579,448,685,540,1 733,426,882,526,1
/data/user7/wt/datasets/M3FD/M3FD/VOCdevkit/VOC2007/JPEGImages/00614.jpg 1,444,63,546,1 1,384,155,532,1 99,435,147,546,4 143,431,189,545,4 296,457,314,515,4 184,450,239,512,1 334,456,554,559,1 542,459,647,550,1 502,448,532,486,4 696,440,833,543,1
/data/user7/wt/datasets/M3FD/M3FD/VOCdevkit/VOC2007/JPEGImages/00615.jpg 1,464,51,744,1 93,433,135,542,4 134,433,166,538,4 276,455,294,512,4 468,446,512,547,4 305,459,486,551,1 507,462,612,547,1 657,442,787,534,1 959,452,1006,506,4
/data/user7/wt/datasets/M3FD/M3FD/VOCdevkit/VOC2007/JPEGImages/00616.jpg 1,398,125,713,1 298,459,443,542,1 492,454,595,539,1 640,436,762,525,1 105,436,141,537,4 136,431,163,535,4 273,453,290,509,4 458,443,495,538,4 913,447,961,498,4 976,413,1019,474,4 161,451,207,509,1
/data/user7/wt/datasets/M3FD/M3FD/VOCdevkit/VOC2007/JPEGImages/00617.jpg 1,371,188,707,1 315,446,435,529,1 138,420,161,457,4 158,417,186,495,4 288,440,304,490,4 463,432,506,526,4 503,443,601,524,1 643,428,762,511,1 905,440,949,488,4 964,411,1019,540,4
/data/user7/wt/datasets/M3FD/M3FD/VOCdevkit/VOC2007/JPEGImages/00619.jpg 1,408,333,689,1 351,454,369,501,4 392,462,471,528,1 519,447,551,535,4 552,458,647,532,1 686,442,796,524,1 922,454,958,497,4 988,429,1024,544,4
/data/user7/wt/datasets/M3FD/M3FD/VOCdevkit/VOC2007/JPEGImages/00620.jpg 2,409,373,654,1 380,450,397,494,4 423,456,497,524,1 537,441,578,526,4 579,455,669,527,1 710,437,816,516,1 935,451,969,492,4 998,424,1019,480,4
/data/user7/wt/datasets/M3FD/M3FD/VOCdevkit/VOC2007/JPEGImages/00621.jpg 4,429,168,520,1 58,419,420,635,1 409,455,425,497,4 455,462,523,523,1 566,447,594,531,4 602,461,691,531,1 734,447,832,522,1 945,459,978,502,4
/data/user7/wt/datasets/M3FD/M3FD/VOCdevkit/VOC2007/JPEGImages/00622.jpg 125,423,435,618,1 463,458,529,510,1 609,459,693,524,1 729,445,827,513,1 571,446,602,526,4 933,456,964,493,4 991,434,1019,535,4 1,345,61,522,1 60,432,206,518,1
/data/user7/wt/datasets/M3FD/M3FD/VOCdevkit/VOC2007/JPEGImages/00623.jpg 4,352,70,603,4 172,431,447,605,1 469,470,530,520,1 578,454,614,530,4 612,465,688,529,1 721,452,822,525,1 917,464,946,500,4 973,441,1004,539,4 75,437,238,519,1
/data/user7/wt/datasets/M3FD/M3FD/VOCdevkit/VOC2007/JPEGImages/00624.jpg 56,337,118,571,4 116,417,262,514,1 208,417,456,573,1 477,452,532,504,1 591,437,617,515,4 609,449,689,512,1 723,437,817,507,1 908,450,936,484,4 963,428,993,525,4 1005,435,1019,477,4
/data/user7/wt/datasets/M3FD/M3FD/VOCdevkit/VOC2007/JPEGImages/00625.jpg 107,374,160,587,4 157,443,293,536,1 243,443,469,592,1 483,473,538,521,1 598,455,624,539,4 619,468,690,531,1 727,457,815,523,1 901,469,928,503,4 954,449,981,535,4 994,455,1018,535,4 1,309,132,545,1
/data/user7/wt/datasets/M3FD/M3FD/VOCdevkit/VOC2007/JPEGImages/00626.jpg 3,304,168,539,1 149,379,197,573,4 196,442,314,528,1 275,439,482,573,1 492,467,544,508,1 606,452,635,529,4 629,465,692,523,1 728,450,815,515,1 892,460,921,494,4 947,440,973,526,4 962,404,1023,673,1
/data/user7/wt/datasets/M3FD/M3FD/VOCdevkit/VOC2007/JPEGImages/00627.jpg 3,298,189,544,1 181,396,225,581,4 223,453,326,535,1 297,456,491,586,1 498,481,548,524,1 616,466,648,543,4 637,482,695,534,1 938,425,1024,683,1 725,469,814,532,1 889,482,917,512,4 941,461,964,496,4
/data/user7/wt/datasets/M3FD/M3FD/VOCdevkit/VOC2007/JPEGImages/00629.jpg 1,249,177,768,4 88,292,248,506,1 248,372,285,530,4 282,420,363,498,1 348,423,518,534,1 517,445,564,486,1 629,430,649,505,4 619,448,707,501,1 739,433,815,490,1 894,386,1024,609,1
/data/user7/wt/datasets/M3FD/M3FD/VOCdevkit/VOC2007/JPEGImages/00630.jpg 1,372,132,549,1 163,303,284,749,4 271,398,309,547,4 305,446,378,519,1 365,444,527,560,1 525,466,571,504,1 382,446,400,475,4 638,452,666,523,4 629,464,711,520,1 745,454,820,511,1 882,409,1024,618,1
/data/user7/wt/datasets/M3FD/M3FD/VOCdevkit/VOC2007/JPEGImages/00631.jpg 291,395,338,535,4 307,323,451,705,4 1,360,162,532,1 151,347,302,511,1 421,437,530,537,1 535,461,579,497,1 645,445,674,516,4 664,459,715,514,1 748,452,818,511,1 870,411,1024,643,1
/data/user7/wt/datasets/M3FD/M3FD/VOCdevkit/VOC2007/JPEGImages/00632.jpg 3,395,191,555,1 179,389,308,536,1 318,426,363,559,4 396,464,421,490,4 420,459,435,490,4 402,465,537,562,1 417,377,603,701,4 643,473,674,541,4 644,487,719,539,1 749,478,825,531,1 853,447,1024,662,1
/data/user7/wt/datasets/M3FD/M3FD/VOCdevkit/VOC2007/JPEGImages/00634.jpg 1,315,47,688,4 47,415,95,604,4 57,403,217,552,1 218,404,326,536,1 364,431,408,556,4 409,464,425,487,4 426,461,445,488,4 419,466,548,560,1 550,488,590,517,1 591,390,686,653,4 742,472,821,526,1 831,444,1024,630,1 956,512,1024,665,1
/data/user7/wt/datasets/M3FD/M3FD/VOCdevkit/VOC2007/JPEGImages/00635.jpg 2,309,112,662,4 103,403,227,546,1 212,399,335,529,1 376,426,416,544,4 425,454,448,481,4 424,459,549,547,1 550,480,590,508,1 639,462,677,528,4 637,393,774,631,4 753,464,817,520,1 929,455,1024,638,1 824,435,1019,601,1
/data/user7/wt/datasets/M3FD/M3FD/VOCdevkit/VOC2007/JPEGImages/00636.jpg 12,314,129,663,4 124,397,244,538,1 240,395,336,526,1 335,456,395,519,1 382,426,425,542,4 429,454,451,480,4 428,458,555,550,1 549,471,592,507,1 637,461,670,525,4 705,395,788,622,4 763,465,814,519,1 664,475,715,522,1 818,439,1009,595,1 909,444,1017,636,1
/data/user7/wt/datasets/M3FD/M3FD/VOCdevkit/VOC2007/JPEGImages/00637.jpg 43,327,159,653,4 128,437,175,587,4 151,411,260,543,1 246,405,347,529,1 394,432,435,546,4 438,458,460,487,4 440,463,559,551,1 556,483,596,509,1 641,461,673,526,4 637,475,718,519,1 757,398,831,609,4 808,438,985,595,1 893,421,1024,644,1
/data/user7/wt/datasets/M3FD/M3FD/VOCdevkit/VOC2007/JPEGImages/00638.jpg 20,401,62,489,4 87,332,194,652,4 410,433,448,546,4 454,460,473,486,4 647,465,676,531,4 797,411,898,604,4 452,464,568,548,1 568,485,601,510,1 748,470,818,523,1 673,480,726,524,1 269,417,364,528,1 357,465,417,525,1 808,442,976,595,1 886,426,1024,685,1
/data/user7/wt/datasets/M3FD/M3FD/VOCdevkit/VOC2007/JPEGImages/00639.jpg 1,371,45,653,4 25,375,78,653,4 94,341,217,659,4 422,441,465,549,4 466,466,485,493,4 650,468,683,534,4 854,413,916,599,4 681,480,735,529,1 292,423,377,535,1 467,471,576,545,1 581,489,623,515,1 762,474,826,521,1 822,448,967,573,1 885,431,1024,663,1
/data/user7/wt/datasets/M3FD/M3FD/VOCdevkit/VOC2007/JPEGImages/00641.jpg 68,375,136,629,4 118,340,219,647,4 221,430,261,574,4 245,431,273,572,4 448,438,476,542,4 474,460,489,493,4 492,464,510,486,4 653,466,682,530,4 490,467,602,543,1 604,483,659,510,1 693,480,751,526,1 781,472,839,517,1 822,447,958,586,1 884,433,1024,643,1
/data/user7/wt/datasets/M3FD/M3FD/VOCdevkit/VOC2007/JPEGImages/00642.jpg 95,377,154,622,4 123,331,226,642,4 237,429,281,569,4 259,430,286,476,4 453,436,481,538,4 478,459,498,484,4 497,462,516,489,4 498,466,610,538,1 648,464,680,528,4 700,478,752,524,1 784,470,843,516,1 823,449,960,579,1 883,438,1024,632,1 612,482,656,509,1
/data/user7/wt/datasets/M3FD/M3FD/VOCdevkit/VOC2007/JPEGImages/00644.jpg 349,397,424,468,1 425,423,438,438,1 452,416,479,436,1 438,419,445,435,4
/data/user7/wt/datasets/M3FD/M3FD/VOCdevkit/VOC2007/JPEGImages/00645.jpg 343,396,420,472,1 423,422,440,437,1 452,416,477,436,1 440,421,447,437,4
/data/user7/wt/datasets/M3FD/M3FD/VOCdevkit/VOC2007/JPEGImages/00646.jpg 438,421,444,435,4 422,422,438,436,1 449,415,473,438,1 331,394,412,472,1
/data/user7/wt/datasets/M3FD/M3FD/VOCdevkit/VOC2007/JPEGImages/00647.jpg 328,397,408,476,1 421,423,438,438,1 438,422,444,437,4 448,416,471,437,1
/data/user7/wt/datasets/M3FD/M3FD/VOCdevkit/VOC2007/JPEGImages/00648.jpg 321,392,401,469,1 421,422,437,434,1 444,415,470,435,1 437,419,442,434,4
/data/user7/wt/datasets/M3FD/M3FD/VOCdevkit/VOC2007/JPEGImages/00650.jpg 316,397,392,478,1 421,426,436,438,1 439,418,465,440,1
/data/user7/wt/datasets/M3FD/M3FD/VOCdevkit/VOC2007/JPEGImages/00652.jpg 323,394,410,472,1 293,408,333,457,1 443,415,470,438,1 429,424,443,435,1
/data/user7/wt/datasets/M3FD/M3FD/VOCdevkit/VOC2007/JPEGImages/00654.jpg 700,415,758,458,1 651,419,678,450,1 618,420,651,445,1 474,418,495,440,1 410,423,440,442,1 128,395,297,513,1 353,419,361,438,4
/data/user7/wt/datasets/M3FD/M3FD/VOCdevkit/VOC2007/JPEGImages/00656.jpg 548,375,951,543,1 252,395,715,591,1 1,333,214,621,1
/data/user7/wt/datasets/M3FD/M3FD/VOCdevkit/VOC2007/JPEGImages/00657.jpg 630,380,1024,542,1 348,399,789,582,1 1,337,320,613,1
/data/user7/wt/datasets/M3FD/M3FD/VOCdevkit/VOC2007/JPEGImages/00658.jpg 709,378,1024,536,1 436,398,856,573,1 1,352,408,599,1
/data/user7/wt/datasets/M3FD/M3FD/VOCdevkit/VOC2007/JPEGImages/00661.jpg 891,369,1024,484,1 640,390,1023,544,1 64,354,617,576,1
/data/user7/wt/datasets/M3FD/M3FD/VOCdevkit/VOC2007/JPEGImages/00663.jpg 990,369,1024,422,1 745,378,1024,520,1 234,345,723,545,1 1,451,60,494,4
/data/user7/wt/datasets/M3FD/M3FD/VOCdevkit/VOC2007/JPEGImages/00664.jpg 801,375,1024,522,1 322,344,782,536,1 96,444,153,486,4
/data/user7/wt/datasets/M3FD/M3FD/VOCdevkit/VOC2007/JPEGImages/00665.jpg 850,377,1024,522,1 379,347,826,532,1 174,439,228,482,4
/data/user7/wt/datasets/M3FD/M3FD/VOCdevkit/VOC2007/JPEGImages/00666.jpg 905,377,1024,502,1 465,348,874,517,1 264,437,313,474,4 1,388,54,562,1
/data/user7/wt/datasets/M3FD/M3FD/VOCdevkit/VOC2007/JPEGImages/00667.jpg 940,378,1024,495,1 530,353,909,516,1 1,385,157,549,1 339,434,385,471,1
/data/user7/wt/datasets/M3FD/M3FD/VOCdevkit/VOC2007/JPEGImages/00669.jpg 601,364,947,509,1 99,395,300,529,1 438,436,480,473,4
/data/user7/wt/datasets/M3FD/M3FD/VOCdevkit/VOC2007/JPEGImages/00670.jpg 633,370,941,501,1 182,398,344,516,1 1,441,53,504,1 843,322,1024,660,1 478,436,518,466,4
/data/user7/wt/datasets/M3FD/M3FD/VOCdevkit/VOC2007/JPEGImages/00671.jpg 715,307,1024,645,1 652,376,846,493,1 241,396,386,504,1 1,413,120,499,1 509,433,547,461,4
/data/user7/wt/datasets/M3FD/M3FD/VOCdevkit/VOC2007/JPEGImages/00672.jpg 617,306,1024,658,1 278,398,411,495,1 1,404,163,493,1 525,430,562,467,4
/data/user7/wt/datasets/M3FD/M3FD/VOCdevkit/VOC2007/JPEGImages/00673.jpg 514,318,993,625,1 314,395,438,489,1 1,398,207,480,1 970,365,1024,496,1
/data/user7/wt/datasets/M3FD/M3FD/VOCdevkit/VOC2007/JPEGImages/00675.jpg 37,398,271,476,1 400,342,783,589,1 779,378,998,506,1 366,399,458,474,1 984,408,1024,484,1
/data/user7/wt/datasets/M3FD/M3FD/VOCdevkit/VOC2007/JPEGImages/00676.jpg 912,405,1024,484,1 62,389,290,462,1 378,395,444,430,1 711,376,915,494,1 367,342,721,566,1
/data/user7/wt/datasets/M3FD/M3FD/VOCdevkit/VOC2007/JPEGImages/00677.jpg 830,413,914,475,1 783,419,841,465,1 711,419,760,458,1 606,412,697,455,1 76,366,182,447,0 235,403,301,433,1 280,399,372,489,1 347,372,545,536,1 30,390,45,422,4 560,426,574,438,4
/data/user7/wt/datasets/M3FD/M3FD/VOCdevkit/VOC2007/JPEGImages/00679.jpg 874,421,936,465,1 801,417,860,465,1 763,420,814,459,1 703,421,745,456,1 604,414,683,454,1 563,427,575,438,4 321,399,379,489,1 349,375,543,543,1 222,407,309,433,1 280,407,324,430,1 1,381,193,547,1 136,373,221,446,0
/data/user7/wt/datasets/M3FD/M3FD/VOCdevkit/VOC2007/JPEGImages/00680.jpg 980,404,1009,467,4 789,416,848,462,1 766,419,799,451,1 697,420,738,453,1 605,413,678,449,1 564,425,575,437,4 9,385,241,518,1 126,373,241,433,0 238,405,300,432,1 287,406,349,432,1 341,396,384,490,1 350,372,544,535,1
/data/user7/wt/datasets/M3FD/M3FD/VOCdevkit/VOC2007/JPEGImages/00682.jpg 900,409,929,464,4 787,419,839,456,1 746,419,793,454,1 690,422,728,452,1 597,414,675,450,1 565,426,573,437,4 1,399,172,543,1 151,393,299,500,1 294,409,358,433,1 348,375,543,535,1
/data/user7/wt/datasets/M3FD/M3FD/VOCdevkit/VOC2007/JPEGImages/00683.jpg 875,410,893,447,4 779,420,842,457,1 752,421,785,447,1 684,422,722,452,1 601,415,667,451,1 563,428,569,437,4 185,383,279,431,0 310,411,363,434,1 37,405,217,520,1 196,398,319,491,1 338,376,535,539,1
/data/user7/wt/datasets/M3FD/M3FD/VOCdevkit/VOC2007/JPEGImages/00684.jpg 841,411,862,455,4 557,426,565,435,4 776,420,840,459,1 727,419,776,455,1 672,421,711,452,1 590,414,661,451,1 1,393,109,544,1 93,409,253,512,1 234,404,329,479,1 210,385,288,416,0 328,375,528,541,1
/data/user7/wt/datasets/M3FD/M3FD/VOCdevkit/VOC2007/JPEGImages/00685.jpg 816,413,835,450,4 772,423,817,455,1 722,420,762,452,1 662,422,692,451,1 585,414,647,448,1 548,426,557,437,4 1,398,155,549,1 136,413,266,502,1 250,406,320,473,1 214,386,287,423,0 312,375,513,543,1
/data/user7/wt/datasets/M3FD/M3FD/VOCdevkit/VOC2007/JPEGImages/00686.jpg 784,413,803,442,4 702,419,745,452,1 649,421,684,450,1 572,415,638,448,1 538,426,544,436,4 1,402,189,518,1 177,413,282,485,1 292,373,499,544,1 272,407,328,473,1 214,388,287,429,0 484,415,507,435,1
/data/user7/wt/datasets/M3FD/M3FD/VOCdevkit/VOC2007/JPEGImages/00687.jpg 760,408,778,445,4 38,399,51,447,4 529,420,536,430,4 688,414,729,445,1 637,416,671,443,1 563,410,626,439,1 46,396,223,497,1 275,405,312,433,1 207,410,294,470,1 221,384,292,411,0 275,366,489,542,1 475,410,501,431,1
/data/user7/wt/datasets/M3FD/M3FD/VOCdevkit/VOC2007/JPEGImages/00688.jpg 679,423,721,453,1 631,424,664,451,1 552,419,622,448,1 525,428,533,438,4 475,419,500,444,1 63,410,83,455,4 107,412,249,496,1 237,422,300,471,1 229,394,297,424,0 266,376,480,552,1
/data/user7/wt/datasets/M3FD/M3FD/VOCdevkit/VOC2007/JPEGImages/00689.jpg 736,413,753,446,4 682,419,718,450,1 630,420,661,446,1 559,415,618,446,1 474,415,501,440,1 147,408,274,484,1 86,406,105,449,4 255,371,476,542,1
/data/user7/wt/datasets/M3FD/M3FD/VOCdevkit/VOC2007/JPEGImages/00691.jpg 733,415,743,438,4 681,419,709,449,1 629,421,658,446,1 562,416,621,444,1 480,416,506,439,1 145,409,159,448,4 220,372,451,544,1
/data/user7/wt/datasets/M3FD/M3FD/VOCdevkit/VOC2007/JPEGImages/00692.jpg 880,414,1024,475,1 694,418,728,447,1 676,418,703,446,1 628,418,656,444,1 568,413,616,440,1 485,413,509,431,1 732,412,742,437,4 1,382,12,416,4 12,391,35,423,4 162,407,179,444,4 204,369,438,539,1
/data/user7/wt/datasets/M3FD/M3FD/VOCdevkit/VOC2007/JPEGImages/00695.jpg 736,419,793,457,1 624,422,655,444,1 645,421,697,443,1 563,417,616,442,1 493,418,517,433,1 417,417,468,436,1 365,414,392,455,1 90,398,106,426,4 125,372,382,550,1 377,411,414,450,1
/data/user7/wt/datasets/M3FD/M3FD/VOCdevkit/VOC2007/JPEGImages/00696.jpg 710,419,761,451,1 620,416,678,443,1 672,418,687,432,1 564,416,607,440,1 493,415,515,432,1 418,416,468,436,1 391,412,416,443,1 369,416,397,449,1 352,415,375,456,1 107,397,119,421,4 95,369,367,554,1
/data/user7/wt/datasets/M3FD/M3FD/VOCdevkit/VOC2007/JPEGImages/00697.jpg 488,415,514,436,1 831,395,986,490,1 688,412,737,448,1 663,418,688,441,1 602,416,651,441,1 562,415,606,438,1 429,416,468,433,1 334,416,388,450,1 377,416,409,444,1 393,413,423,441,1 412,409,430,436,1 9,402,31,452,4 49,369,340,557,1
/data/user7/wt/datasets/M3FD/M3FD/VOCdevkit/VOC2007/JPEGImages/00699.jpg 703,405,782,466,1 611,421,636,441,1 492,416,512,432,1 345,418,398,450,1 390,418,414,444,1 400,414,426,441,1 420,412,446,439,1 441,418,468,434,1 264,397,314,487,1 1,364,295,581,1
/data/user7/wt/datasets/M3FD/M3FD/VOCdevkit/VOC2007/JPEGImages/00701.jpg 844,399,959,473,1 648,405,693,445,1 431,409,463,436,1 417,409,435,436,1 401,410,424,437,1 365,413,409,443,1 204,390,309,487,1 1,347,237,590,1 494,412,512,430,1
/data/user7/wt/datasets/M3FD/M3FD/VOCdevkit/VOC2007/JPEGImages/00702.jpg 796,399,883,458,1 639,402,675,438,1 437,406,471,431,1 420,406,437,434,1 407,406,425,438,1 371,410,415,440,1 199,388,309,488,1 1,346,215,602,1 495,409,514,426,1
/data/user7/wt/datasets/M3FD/M3FD/VOCdevkit/VOC2007/JPEGImages/00703.jpg 745,407,811,453,1 625,409,660,441,1 444,409,477,437,1 425,412,441,439,1 415,415,430,441,1 379,415,421,446,1 181,392,309,490,1 1,342,193,616,1 315,409,323,433,4 312,410,319,433,4 924,389,1024,478,1 496,414,514,428,1
/data/user7/wt/datasets/M3FD/M3FD/VOCdevkit/VOC2007/JPEGImages/00704.jpg 839,401,912,475,1 716,410,770,452,1 611,412,650,450,1 455,414,484,439,1 430,414,445,437,1 419,418,433,440,1 386,419,424,443,1 165,394,308,496,1 1,342,166,638,1 321,413,329,435,4 321,412,331,436,4
/data/user7/wt/datasets/M3FD/M3FD/VOCdevkit/VOC2007/JPEGImages/00706.jpg 851,405,980,481,1 741,410,796,465,1 671,419,718,454,1 598,419,623,448,1 466,418,491,443,1 447,420,471,438,1 435,421,452,447,1 425,422,440,448,1 396,424,430,448,1 337,419,344,441,4 158,398,311,503,1 1,349,113,606,1
/data/user7/wt/datasets/M3FD/M3FD/VOCdevkit/VOC2007/JPEGImages/00707.jpg 797,408,884,471,1 712,408,752,452,1 654,417,694,448,1 469,414,495,440,1 438,418,451,437,1 427,421,442,440,1 402,421,433,441,1 447,419,475,434,1 340,415,347,439,4 152,395,306,503,1 1,352,69,608,1
/data/user7/wt/datasets/M3FD/M3FD/VOCdevkit/VOC2007/JPEGImages/00708.jpg 751,408,826,463,1 684,415,720,445,1 647,414,675,446,1 471,412,497,437,1 451,417,464,436,1 441,415,454,440,1 432,417,445,440,1 406,419,436,439,1 346,414,354,434,4 144,391,303,503,1
/data/user7/wt/datasets/M3FD/M3FD/VOCdevkit/VOC2007/JPEGImages/00709.jpg 405,501,451,624,4
/data/user7/wt/datasets/M3FD/M3FD/VOCdevkit/VOC2007/JPEGImages/00710.jpg 488,504,520,633,4
/data/user7/wt/datasets/M3FD/M3FD/VOCdevkit/VOC2007/JPEGImages/00711.jpg 411,501,456,623,4
/data/user7/wt/datasets/M3FD/M3FD/VOCdevkit/VOC2007/JPEGImages/00712.jpg 419,501,455,625,4
/data/user7/wt/datasets/M3FD/M3FD/VOCdevkit/VOC2007/JPEGImages/00713.jpg 426,502,459,621,4
/data/user7/wt/datasets/M3FD/M3FD/VOCdevkit/VOC2007/JPEGImages/00714.jpg 432,501,463,629,4
/data/user7/wt/datasets/M3FD/M3FD/VOCdevkit/VOC2007/JPEGImages/00715.jpg 440,504,478,628,4
/data/user7/wt/datasets/M3FD/M3FD/VOCdevkit/VOC2007/JPEGImages/00716.jpg 447,507,497,633,4
/data/user7/wt/datasets/M3FD/M3FD/VOCdevkit/VOC2007/JPEGImages/00717.jpg 450,508,503,630,4
/data/user7/wt/datasets/M3FD/M3FD/VOCdevkit/VOC2007/JPEGImages/00718.jpg 478,506,527,630,4
/data/user7/wt/datasets/M3FD/M3FD/VOCdevkit/VOC2007/JPEGImages/00719.jpg 423,281,463,330,4
/data/user7/wt/datasets/M3FD/M3FD/VOCdevkit/VOC2007/JPEGImages/00721.jpg 36,208,372,728,4 420,282,461,327,4
/data/user7/wt/datasets/M3FD/M3FD/VOCdevkit/VOC2007/JPEGImages/00722.jpg 235,202,483,703,4 419,282,460,326,4
/data/user7/wt/datasets/M3FD/M3FD/VOCdevkit/VOC2007/JPEGImages/00723.jpg 421,282,459,326,4 425,213,621,682,4
/data/user7/wt/datasets/M3FD/M3FD/VOCdevkit/VOC2007/JPEGImages/00724.jpg 422,283,462,327,4
/data/user7/wt/datasets/M3FD/M3FD/VOCdevkit/VOC2007/JPEGImages/00725.jpg 422,284,459,328,4 517,230,747,673,4
/data/user7/wt/datasets/M3FD/M3FD/VOCdevkit/VOC2007/JPEGImages/00726.jpg 420,280,461,328,4 624,236,850,655,4
/data/user7/wt/datasets/M3FD/M3FD/VOCdevkit/VOC2007/JPEGImages/00728.jpg 847,239,1020,635,4 419,282,461,328,4
/data/user7/wt/datasets/M3FD/M3FD/VOCdevkit/VOC2007/JPEGImages/00729.jpg 421,282,462,328,4 908,301,1023,643,4
/data/user7/wt/datasets/M3FD/M3FD/VOCdevkit/VOC2007/JPEGImages/00730.jpg 420,282,462,327,4
/data/user7/wt/datasets/M3FD/M3FD/VOCdevkit/VOC2007/JPEGImages/00731.jpg 419,283,463,327,4
/data/user7/wt/datasets/M3FD/M3FD/VOCdevkit/VOC2007/JPEGImages/00732.jpg 906,336,955,482,4
/data/user7/wt/datasets/M3FD/M3FD/VOCdevkit/VOC2007/JPEGImages/00733.jpg 871,347,911,472,4
/data/user7/wt/datasets/M3FD/M3FD/VOCdevkit/VOC2007/JPEGImages/00734.jpg 863,342,905,470,4
/data/user7/wt/datasets/M3FD/M3FD/VOCdevkit/VOC2007/JPEGImages/00737.jpg 849,344,891,474,4
/data/user7/wt/datasets/M3FD/M3FD/VOCdevkit/VOC2007/JPEGImages/00738.jpg 890,339,943,484,4
/data/user7/wt/datasets/M3FD/M3FD/VOCdevkit/VOC2007/JPEGImages/00739.jpg 837,343,880,474,4
/data/user7/wt/datasets/M3FD/M3FD/VOCdevkit/VOC2007/JPEGImages/00740.jpg 875,342,930,480,4
/data/user7/wt/datasets/M3FD/M3FD/VOCdevkit/VOC2007/JPEGImages/00741.jpg 870,343,920,478,4
/data/user7/wt/datasets/M3FD/M3FD/VOCdevkit/VOC2007/JPEGImages/00742.jpg 867,348,914,474,4
/data/user7/wt/datasets/M3FD/M3FD/VOCdevkit/VOC2007/JPEGImages/00743.jpg 668,454,701,538,4
/data/user7/wt/datasets/M3FD/M3FD/VOCdevkit/VOC2007/JPEGImages/00746.jpg 747,446,781,522,4
/data/user7/wt/datasets/M3FD/M3FD/VOCdevkit/VOC2007/JPEGImages/00747.jpg 782,436,806,456,4
/data/user7/wt/datasets/M3FD/M3FD/VOCdevkit/VOC2007/JPEGImages/00749.jpg 771,424,789,447,4
/data/user7/wt/datasets/M3FD/M3FD/VOCdevkit/VOC2007/JPEGImages/00751.jpg 756,441,792,478,4
/data/user7/wt/datasets/M3FD/M3FD/VOCdevkit/VOC2007/JPEGImages/00752.jpg 705,426,754,511,4
/data/user7/wt/datasets/M3FD/M3FD/VOCdevkit/VOC2007/JPEGImages/00753.jpg 571,505,589,537,4
/data/user7/wt/datasets/M3FD/M3FD/VOCdevkit/VOC2007/JPEGImages/00755.jpg 628,430,672,530,4
/data/user7/wt/datasets/M3FD/M3FD/VOCdevkit/VOC2007/JPEGImages/00756.jpg 622,428,668,533,4
/data/user7/wt/datasets/M3FD/M3FD/VOCdevkit/VOC2007/JPEGImages/00757.jpg 614,423,668,526,4
/data/user7/wt/datasets/M3FD/M3FD/VOCdevkit/VOC2007/JPEGImages/00759.jpg 572,409,636,515,4
/data/user7/wt/datasets/M3FD/M3FD/VOCdevkit/VOC2007/JPEGImages/00760.jpg 597,486,632,555,4
/data/user7/wt/datasets/M3FD/M3FD/VOCdevkit/VOC2007/JPEGImages/00761.jpg 628,462,667,539,4
/data/user7/wt/datasets/M3FD/M3FD/VOCdevkit/VOC2007/JPEGImages/00762.jpg 518,387,614,570,4
/data/user7/wt/datasets/M3FD/M3FD/VOCdevkit/VOC2007/JPEGImages/00763.jpg 289,439,353,589,4
/data/user7/wt/datasets/M3FD/M3FD/VOCdevkit/VOC2007/JPEGImages/00764.jpg 232,436,308,568,4
/data/user7/wt/datasets/M3FD/M3FD/VOCdevkit/VOC2007/JPEGImages/00765.jpg 217,444,288,564,4
/data/user7/wt/datasets/M3FD/M3FD/VOCdevkit/VOC2007/JPEGImages/00766.jpg 228,435,274,552,4
/data/user7/wt/datasets/M3FD/M3FD/VOCdevkit/VOC2007/JPEGImages/00767.jpg 255,436,308,520,4
/data/user7/wt/datasets/M3FD/M3FD/VOCdevkit/VOC2007/JPEGImages/00769.jpg 356,448,408,518,4
/data/user7/wt/datasets/M3FD/M3FD/VOCdevkit/VOC2007/JPEGImages/00770.jpg 379,454,427,511,4
/data/user7/wt/datasets/M3FD/M3FD/VOCdevkit/VOC2007/JPEGImages/00771.jpg 382,457,427,516,4
/data/user7/wt/datasets/M3FD/M3FD/VOCdevkit/VOC2007/JPEGImages/00772.jpg 395,462,437,517,4
/data/user7/wt/datasets/M3FD/M3FD/VOCdevkit/VOC2007/JPEGImages/00773.jpg 399,462,444,521,4
/data/user7/wt/datasets/M3FD/M3FD/VOCdevkit/VOC2007/JPEGImages/00774.jpg 459,420,565,586,4
/data/user7/wt/datasets/M3FD/M3FD/VOCdevkit/VOC2007/JPEGImages/00775.jpg 387,466,455,616,4
/data/user7/wt/datasets/M3FD/M3FD/VOCdevkit/VOC2007/JPEGImages/00776.jpg 336,454,397,604,4
/data/user7/wt/datasets/M3FD/M3FD/VOCdevkit/VOC2007/JPEGImages/00777.jpg 409,283,453,335,4
/data/user7/wt/datasets/M3FD/M3FD/VOCdevkit/VOC2007/JPEGImages/00778.jpg 412,283,452,334,4
/data/user7/wt/datasets/M3FD/M3FD/VOCdevkit/VOC2007/JPEGImages/00779.jpg 410,284,452,331,4
/data/user7/wt/datasets/M3FD/M3FD/VOCdevkit/VOC2007/JPEGImages/00780.jpg 412,285,451,331,4
/data/user7/wt/datasets/M3FD/M3FD/VOCdevkit/VOC2007/JPEGImages/00781.jpg 411,284,451,331,4
/data/user7/wt/datasets/M3FD/M3FD/VOCdevkit/VOC2007/JPEGImages/00784.jpg 410,285,451,331,4 770,259,885,568,4
/data/user7/wt/datasets/M3FD/M3FD/VOCdevkit/VOC2007/JPEGImages/00785.jpg 413,285,450,331,4 724,265,847,564,4
/data/user7/wt/datasets/M3FD/M3FD/VOCdevkit/VOC2007/JPEGImages/00786.jpg 414,285,452,332,4 665,265,782,562,4
/data/user7/wt/datasets/M3FD/M3FD/VOCdevkit/VOC2007/JPEGImages/00789.jpg 414,285,451,332,4 437,276,561,548,4
/data/user7/wt/datasets/M3FD/M3FD/VOCdevkit/VOC2007/JPEGImages/00790.jpg 412,284,451,331,4 401,278,515,542,4
/data/user7/wt/datasets/M3FD/M3FD/VOCdevkit/VOC2007/JPEGImages/00791.jpg 328,287,444,545,4 416,284,450,324,4
/data/user7/wt/datasets/M3FD/M3FD/VOCdevkit/VOC2007/JPEGImages/00792.jpg 413,285,451,330,4
/data/user7/wt/datasets/M3FD/M3FD/VOCdevkit/VOC2007/JPEGImages/00795.jpg 154,301,274,542,4 412,284,450,330,4
/data/user7/wt/datasets/M3FD/M3FD/VOCdevkit/VOC2007/JPEGImages/00797.jpg 412,285,451,331,4
/data/user7/wt/datasets/M3FD/M3FD/VOCdevkit/VOC2007/JPEGImages/00798.jpg 413,285,451,331,4
/data/user7/wt/datasets/M3FD/M3FD/VOCdevkit/VOC2007/JPEGImages/00799.jpg 413,286,451,331,4
/data/user7/wt/datasets/M3FD/M3FD/VOCdevkit/VOC2007/JPEGImages/00800.jpg 411,284,451,331,4
/data/user7/wt/datasets/M3FD/M3FD/VOCdevkit/VOC2007/JPEGImages/00801.jpg 798,318,822,388,4 821,308,871,412,4
/data/user7/wt/datasets/M3FD/M3FD/VOCdevkit/VOC2007/JPEGImages/00805.jpg 550,313,595,398,4 661,326,688,380,4
/data/user7/wt/datasets/M3FD/M3FD/VOCdevkit/VOC2007/JPEGImages/00807.jpg 495,314,539,397,4 620,324,648,381,4
/data/user7/wt/datasets/M3FD/M3FD/VOCdevkit/VOC2007/JPEGImages/00808.jpg 490,313,513,395,4 616,325,635,381,4
/data/user7/wt/datasets/M3FD/M3FD/VOCdevkit/VOC2007/JPEGImages/00810.jpg 440,314,494,395,4 587,326,610,381,4
/data/user7/wt/datasets/M3FD/M3FD/VOCdevkit/VOC2007/JPEGImages/00811.jpg 434,312,465,394,4 563,326,591,384,4
/data/user7/wt/datasets/M3FD/M3FD/VOCdevkit/VOC2007/JPEGImages/00813.jpg 439,312,481,394,4 536,325,558,381,4
/data/user7/wt/datasets/M3FD/M3FD/VOCdevkit/VOC2007/JPEGImages/00814.jpg 458,311,493,397,4 524,327,543,381,4
/data/user7/wt/datasets/M3FD/M3FD/VOCdevkit/VOC2007/JPEGImages/00815.jpg 468,312,513,397,4 507,326,522,380,4
/data/user7/wt/datasets/M3FD/M3FD/VOCdevkit/VOC2007/JPEGImages/00816.jpg 795,311,848,399,4 794,320,819,381,4
/data/user7/wt/datasets/M3FD/M3FD/VOCdevkit/VOC2007/JPEGImages/00818.jpg 474,327,494,380,4 486,310,528,401,4
/data/user7/wt/datasets/M3FD/M3FD/VOCdevkit/VOC2007/JPEGImages/00819.jpg 460,327,479,381,4 483,306,522,402,4
/data/user7/wt/datasets/M3FD/M3FD/VOCdevkit/VOC2007/JPEGImages/00820.jpg 451,326,472,380,4 481,306,520,401,4
/data/user7/wt/datasets/M3FD/M3FD/VOCdevkit/VOC2007/JPEGImages/00821.jpg 757,308,798,396,4 788,323,806,380,4
/data/user7/wt/datasets/M3FD/M3FD/VOCdevkit/VOC2007/JPEGImages/00822.jpg 743,310,785,394,4 779,321,801,382,4
/data/user7/wt/datasets/M3FD/M3FD/VOCdevkit/VOC2007/JPEGImages/00823.jpg 701,310,750,395,4 757,322,779,379,4
/data/user7/wt/datasets/M3FD/M3FD/VOCdevkit/VOC2007/JPEGImages/00824.jpg 695,309,724,396,4 747,323,772,382,4
/data/user7/wt/datasets/M3FD/M3FD/VOCdevkit/VOC2007/JPEGImages/00825.jpg 134,334,226,559,4 200,353,283,538,4 326,348,415,543,4
/data/user7/wt/datasets/M3FD/M3FD/VOCdevkit/VOC2007/JPEGImages/00827.jpg 434,360,507,479,4 505,370,550,477,4 558,366,599,478,4
/data/user7/wt/datasets/M3FD/M3FD/VOCdevkit/VOC2007/JPEGImages/00828.jpg 455,364,513,470,4 513,369,559,469,4 561,368,600,471,4
/data/user7/wt/datasets/M3FD/M3FD/VOCdevkit/VOC2007/JPEGImages/00830.jpg 464,367,513,464,4 513,371,547,465,4 561,368,598,465,4
/data/user7/wt/datasets/M3FD/M3FD/VOCdevkit/VOC2007/JPEGImages/00832.jpg 472,372,517,454,4 508,371,543,456,4 556,367,593,455,4
/data/user7/wt/datasets/M3FD/M3FD/VOCdevkit/VOC2007/JPEGImages/00834.jpg 475,382,508,453,4 510,375,537,454,4 553,372,582,453,4
/data/user7/wt/datasets/M3FD/M3FD/VOCdevkit/VOC2007/JPEGImages/00835.jpg 478,393,507,450,4 512,378,542,451,4 551,372,580,449,4
/data/user7/wt/datasets/M3FD/M3FD/VOCdevkit/VOC2007/JPEGImages/00836.jpg 172,343,272,536,4 255,354,326,525,4 362,345,433,526,4
/data/user7/wt/datasets/M3FD/M3FD/VOCdevkit/VOC2007/JPEGImages/00837.jpg 472,405,503,445,4 507,377,537,445,4 541,371,570,447,4
/data/user7/wt/datasets/M3FD/M3FD/VOCdevkit/VOC2007/JPEGImages/00838.jpg 462,403,498,448,4 500,381,528,449,4 531,378,562,451,4
/data/user7/wt/datasets/M3FD/M3FD/VOCdevkit/VOC2007/JPEGImages/00841.jpg 463,392,496,452,4 502,393,518,450,4 517,390,537,455,4
/data/user7/wt/datasets/M3FD/M3FD/VOCdevkit/VOC2007/JPEGImages/00842.jpg 464,391,492,450,4 502,393,516,445,4 516,393,533,455,4
/data/user7/wt/datasets/M3FD/M3FD/VOCdevkit/VOC2007/JPEGImages/00843.jpg 474,389,498,447,4 497,394,515,447,4 515,391,535,455,4
/data/user7/wt/datasets/M3FD/M3FD/VOCdevkit/VOC2007/JPEGImages/00844.jpg 473,396,495,445,4 495,396,511,448,4 512,394,534,453,4
/data/user7/wt/datasets/M3FD/M3FD/VOCdevkit/VOC2007/JPEGImages/00845.jpg 466,397,494,449,4 493,397,511,447,4 513,397,531,455,4
/data/user7/wt/datasets/M3FD/M3FD/VOCdevkit/VOC2007/JPEGImages/00847.jpg 235,347,327,516,4 307,352,379,515,4 408,344,468,516,4
/data/user7/wt/datasets/M3FD/M3FD/VOCdevkit/VOC2007/JPEGImages/00848.jpg 470,396,491,443,4 489,398,508,447,4 514,395,534,450,4
/data/user7/wt/datasets/M3FD/M3FD/VOCdevkit/VOC2007/JPEGImages/00850.jpg 473,399,490,447,4 490,404,504,450,4 515,400,534,451,4
/data/user7/wt/datasets/M3FD/M3FD/VOCdevkit/VOC2007/JPEGImages/00851.jpg 475,400,493,448,4 492,405,508,445,4 516,402,535,449,4
/data/user7/wt/datasets/M3FD/M3FD/VOCdevkit/VOC2007/JPEGImages/00852.jpg 481,408,494,450,4 493,412,505,453,4 517,408,533,456,4
/data/user7/wt/datasets/M3FD/M3FD/VOCdevkit/VOC2007/JPEGImages/00853.jpg 487,408,509,453,4 517,409,533,453,4
/data/user7/wt/datasets/M3FD/M3FD/VOCdevkit/VOC2007/JPEGImages/00855.jpg 490,403,504,444,4 501,402,515,441,4 515,400,531,444,4
/data/user7/wt/datasets/M3FD/M3FD/VOCdevkit/VOC2007/JPEGImages/00856.jpg 489,408,502,446,4 503,406,515,446,4 514,408,529,448,4
/data/user7/wt/datasets/M3FD/M3FD/VOCdevkit/VOC2007/JPEGImages/00857.jpg 488,410,503,449,4 501,413,512,447,4 512,409,525,449,4
/data/user7/wt/datasets/M3FD/M3FD/VOCdevkit/VOC2007/JPEGImages/00858.jpg 289,349,343,510,4 342,358,410,508,4 438,351,507,512,4
/data/user7/wt/datasets/M3FD/M3FD/VOCdevkit/VOC2007/JPEGImages/00859.jpg 486,410,500,448,4 500,413,511,446,4 509,408,522,448,4
/data/user7/wt/datasets/M3FD/M3FD/VOCdevkit/VOC2007/JPEGImages/00860.jpg 343,351,390,502,4 390,359,439,501,4 470,356,527,504,4
/data/user7/wt/datasets/M3FD/M3FD/VOCdevkit/VOC2007/JPEGImages/00861.jpg 362,356,420,499,4 420,362,471,495,4 497,358,549,497,4
/data/user7/wt/datasets/M3FD/M3FD/VOCdevkit/VOC2007/JPEGImages/00863.jpg 429,362,463,488,4 462,366,507,493,4 521,362,570,493,4
/data/user7/wt/datasets/M3FD/M3FD/VOCdevkit/VOC2007/JPEGImages/00864.jpg 443,364,492,489,4 484,371,529,486,4 538,365,582,486,4
/data/user7/wt/datasets/M3FD/M3FD/VOCdevkit/VOC2007/JPEGImages/00865.jpg 401,261,428,367,4 874,328,897,356,4
/data/user7/wt/datasets/M3FD/M3FD/VOCdevkit/VOC2007/JPEGImages/00867.jpg 402,263,427,366,4 874,329,897,358,4
/data/user7/wt/datasets/M3FD/M3FD/VOCdevkit/VOC2007/JPEGImages/00868.jpg 874,329,897,357,4 402,262,424,368,4 5,233,51,391,4
/data/user7/wt/datasets/M3FD/M3FD/VOCdevkit/VOC2007/JPEGImages/00869.jpg 6,239,77,381,4 401,262,426,368,4 874,332,898,358,4
/data/user7/wt/datasets/M3FD/M3FD/VOCdevkit/VOC2007/JPEGImages/00871.jpg 44,242,113,385,4 398,262,425,368,4 873,332,898,358,4
/data/user7/wt/datasets/M3FD/M3FD/VOCdevkit/VOC2007/JPEGImages/00873.jpg 61,246,118,378,4 397,261,428,369,4 874,330,897,358,4
/data/user7/wt/datasets/M3FD/M3FD/VOCdevkit/VOC2007/JPEGImages/00874.jpg 54,251,117,378,4 399,261,430,368,4 874,330,898,357,4
/data/user7/wt/datasets/M3FD/M3FD/VOCdevkit/VOC2007/JPEGImages/00875.jpg 74,251,114,378,4 401,262,436,365,4 874,327,898,358,4
/data/user7/wt/datasets/M3FD/M3FD/VOCdevkit/VOC2007/JPEGImages/00876.jpg 78,249,116,378,4 396,262,434,367,4 875,329,898,357,4
/data/user7/wt/datasets/M3FD/M3FD/VOCdevkit/VOC2007/JPEGImages/00877.jpg 78,248,139,378,4 389,262,425,367,4 875,329,898,357,4
/data/user7/wt/datasets/M3FD/M3FD/VOCdevkit/VOC2007/JPEGImages/00878.jpg 82,253,142,373,4 386,261,425,370,4 874,331,897,358,4
/data/user7/wt/datasets/M3FD/M3FD/VOCdevkit/VOC2007/JPEGImages/00880.jpg 404,263,428,374,4 875,330,898,358,4
/data/user7/wt/datasets/M3FD/M3FD/VOCdevkit/VOC2007/JPEGImages/00881.jpg 134,257,173,370,4 375,266,429,369,4 876,329,898,358,4
/data/user7/wt/datasets/M3FD/M3FD/VOCdevkit/VOC2007/JPEGImages/00882.jpg 143,260,178,378,4 379,263,430,369,4 874,330,899,358,4
/data/user7/wt/datasets/M3FD/M3FD/VOCdevkit/VOC2007/JPEGImages/00883.jpg 168,266,204,377,4 401,261,444,369,4 874,328,898,359,4
/data/user7/wt/datasets/M3FD/M3FD/VOCdevkit/VOC2007/JPEGImages/00885.jpg 201,266,246,376,4 400,263,439,370,4 876,328,899,358,4
/data/user7/wt/datasets/M3FD/M3FD/VOCdevkit/VOC2007/JPEGImages/00886.jpg 212,266,239,371,4 408,260,445,370,4 874,327,901,357,4
/data/user7/wt/datasets/M3FD/M3FD/VOCdevkit/VOC2007/JPEGImages/00887.jpg 403,262,431,367,4 874,330,897,358,4
/data/user7/wt/datasets/M3FD/M3FD/VOCdevkit/VOC2007/JPEGImages/00888.jpg 215,267,240,370,4 413,261,447,366,4 872,331,898,358,4
/data/user7/wt/datasets/M3FD/M3FD/VOCdevkit/VOC2007/JPEGImages/00890.jpg 215,269,250,374,4 400,265,429,368,4 874,326,899,357,4
/data/user7/wt/datasets/M3FD/M3FD/VOCdevkit/VOC2007/JPEGImages/00891.jpg 224,267,252,374,4 397,262,425,366,4 875,329,900,357,4
/data/user7/wt/datasets/M3FD/M3FD/VOCdevkit/VOC2007/JPEGImages/00892.jpg 220,263,255,374,4 393,263,423,365,4 875,327,900,357,4
/data/user7/wt/datasets/M3FD/M3FD/VOCdevkit/VOC2007/JPEGImages/00893.jpg 401,263,432,370,4 874,330,898,358,4
/data/user7/wt/datasets/M3FD/M3FD/VOCdevkit/VOC2007/JPEGImages/00896.jpg 523,322,554,414,4 533,418,576,574,4
/data/user7/wt/datasets/M3FD/M3FD/VOCdevkit/VOC2007/JPEGImages/00897.jpg 494,323,525,412,4 496,416,548,579,4
/data/user7/wt/datasets/M3FD/M3FD/VOCdevkit/VOC2007/JPEGImages/00898.jpg 425,323,465,414,4 422,418,484,580,4
/data/user7/wt/datasets/M3FD/M3FD/VOCdevkit/VOC2007/JPEGImages/00899.jpg 400,323,436,414,4 388,417,444,578,4
/data/user7/wt/datasets/M3FD/M3FD/VOCdevkit/VOC2007/JPEGImages/00900.jpg 385,322,413,414,4 357,416,411,578,4
/data/user7/wt/datasets/M3FD/M3FD/VOCdevkit/VOC2007/JPEGImages/00901.jpg 315,323,351,414,4 266,416,333,582,4
/data/user7/wt/datasets/M3FD/M3FD/VOCdevkit/VOC2007/JPEGImages/00902.jpg 287,325,322,417,4 230,418,294,581,4
/data/user7/wt/datasets/M3FD/M3FD/VOCdevkit/VOC2007/JPEGImages/00903.jpg 226,326,269,414,4 302,419,373,579,4
/data/user7/wt/datasets/M3FD/M3FD/VOCdevkit/VOC2007/JPEGImages/00904.jpg 243,325,284,413,4 345,414,393,579,4
/data/user7/wt/datasets/M3FD/M3FD/VOCdevkit/VOC2007/JPEGImages/00905.jpg 251,326,286,417,4 387,417,428,578,4
/data/user7/wt/datasets/M3FD/M3FD/VOCdevkit/VOC2007/JPEGImages/00906.jpg 298,324,332,414,4 479,417,527,572,4
/data/user7/wt/datasets/M3FD/M3FD/VOCdevkit/VOC2007/JPEGImages/00907.jpg 301,322,340,415,4 489,418,550,575,4
/data/user7/wt/datasets/M3FD/M3FD/VOCdevkit/VOC2007/JPEGImages/00908.jpg 326,324,366,413,4 535,420,584,571,4
/data/user7/wt/datasets/M3FD/M3FD/VOCdevkit/VOC2007/JPEGImages/00910.jpg 549,313,599,411,4 623,419,675,567,4
/data/user7/wt/datasets/M3FD/M3FD/VOCdevkit/VOC2007/JPEGImages/00911.jpg 475,326,506,413,4 692,427,737,568,4
/data/user7/wt/datasets/M3FD/M3FD/VOCdevkit/VOC2007/JPEGImages/00912.jpg 495,323,523,413,4 734,444,797,582,4
/data/user7/wt/datasets/M3FD/M3FD/VOCdevkit/VOC2007/JPEGImages/00913.jpg 501,323,538,411,4 800,441,846,575,4
/data/user7/wt/datasets/M3FD/M3FD/VOCdevkit/VOC2007/JPEGImages/00914.jpg 496,322,532,410,4 862,441,909,567,4
/data/user7/wt/datasets/M3FD/M3FD/VOCdevkit/VOC2007/JPEGImages/00916.jpg 498,323,534,410,4 910,451,962,565,4
/data/user7/wt/datasets/M3FD/M3FD/VOCdevkit/VOC2007/JPEGImages/00917.jpg 549,308,584,411,4 591,418,632,571,4
/data/user7/wt/datasets/M3FD/M3FD/VOCdevkit/VOC2007/JPEGImages/00918.jpg 496,324,531,410,4 907,453,952,562,4
/data/user7/wt/datasets/M3FD/M3FD/VOCdevkit/VOC2007/JPEGImages/00919.jpg 467,323,492,411,4 900,453,944,559,4
/data/user7/wt/datasets/M3FD/M3FD/VOCdevkit/VOC2007/JPEGImages/00920.jpg 422,324,473,412,4 890,446,932,552,4
/data/user7/wt/datasets/M3FD/M3FD/VOCdevkit/VOC2007/JPEGImages/00921.jpg 417,323,454,412,4 889,439,933,538,4
/data/user7/wt/datasets/M3FD/M3FD/VOCdevkit/VOC2007/JPEGImages/00922.jpg 387,323,428,411,4 881,400,926,493,4
/data/user7/wt/datasets/M3FD/M3FD/VOCdevkit/VOC2007/JPEGImages/00924.jpg 540,307,571,411,4 553,419,607,570,4
/data/user7/wt/datasets/M3FD/M3FD/VOCdevkit/VOC2007/JPEGImages/00925.jpg 229,326,262,411,4 624,320,666,412,4
/data/user7/wt/datasets/M3FD/M3FD/VOCdevkit/VOC2007/JPEGImages/00927.jpg 356,325,379,411,4 397,316,434,411,4
/data/user7/wt/datasets/M3FD/M3FD/VOCdevkit/VOC2007/JPEGImages/00928.jpg 369,327,396,411,4 393,317,430,412,4
/data/user7/wt/datasets/M3FD/M3FD/VOCdevkit/VOC2007/JPEGImages/00929.jpg 324,318,371,412,4 430,327,468,412,4
/data/user7/wt/datasets/M3FD/M3FD/VOCdevkit/VOC2007/JPEGImages/00930.jpg 284,318,327,414,4 459,325,494,412,4
/data/user7/wt/datasets/M3FD/M3FD/VOCdevkit/VOC2007/JPEGImages/00931.jpg 248,318,277,414,4 485,326,523,413,4
/data/user7/wt/datasets/M3FD/M3FD/VOCdevkit/VOC2007/JPEGImages/00932.jpg 274,325,308,415,4 545,318,577,413,4
/data/user7/wt/datasets/M3FD/M3FD/VOCdevkit/VOC2007/JPEGImages/00933.jpg 299,327,325,413,4 500,319,541,413,4
/data/user7/wt/datasets/M3FD/M3FD/VOCdevkit/VOC2007/JPEGImages/00934.jpg 314,325,338,415,4 472,318,506,413,4
/data/user7/wt/datasets/M3FD/M3FD/VOCdevkit/VOC2007/JPEGImages/00935.jpg 174,473,269,686,4 754,488,776,555,4 753,507,797,659,4
/data/user7/wt/datasets/M3FD/M3FD/VOCdevkit/VOC2007/JPEGImages/00936.jpg 257,489,333,657,4 796,490,823,574,4 875,501,925,643,4
/data/user7/wt/datasets/M3FD/M3FD/VOCdevkit/VOC2007/JPEGImages/00937.jpg 292,489,357,648,4 812,492,858,575,4 904,500,948,641,4
/data/user7/wt/datasets/M3FD/M3FD/VOCdevkit/VOC2007/JPEGImages/00939.jpg 325,492,392,646,4 854,487,885,574,4 919,498,980,634,4
/data/user7/wt/datasets/M3FD/M3FD/VOCdevkit/VOC2007/JPEGImages/00940.jpg 349,491,403,639,4 854,487,892,572,4 910,495,962,634,4
/data/user7/wt/datasets/M3FD/M3FD/VOCdevkit/VOC2007/JPEGImages/00941.jpg 372,489,472,634,4 859,488,890,574,4 879,500,930,638,4
/data/user7/wt/datasets/M3FD/M3FD/VOCdevkit/VOC2007/JPEGImages/00943.jpg 393,489,451,632,4 867,487,910,578,4 812,500,873,633,4
/data/user7/wt/datasets/M3FD/M3FD/VOCdevkit/VOC2007/JPEGImages/00944.jpg 389,490,450,630,4 874,487,914,577,4 800,498,846,633,4
/data/user7/wt/datasets/M3FD/M3FD/VOCdevkit/VOC2007/JPEGImages/00945.jpg 395,491,454,645,4 877,488,921,580,4 768,502,817,631,4
/data/user7/wt/datasets/M3FD/M3FD/VOCdevkit/VOC2007/JPEGImages/00946.jpg 381,492,440,632,4 880,488,911,580,4 739,500,794,629,4
/data/user7/wt/datasets/M3FD/M3FD/VOCdevkit/VOC2007/JPEGImages/00947.jpg 390,491,459,632,4 709,504,757,633,4 877,488,909,577,4
/data/user7/wt/datasets/M3FD/M3FD/VOCdevkit/VOC2007/JPEGImages/00948.jpg 388,492,471,633,4 692,507,747,634,4 872,488,906,576,4
/data/user7/wt/datasets/M3FD/M3FD/VOCdevkit/VOC2007/JPEGImages/00949.jpg 393,497,449,633,4 660,508,717,634,4 870,487,904,572,4
/data/user7/wt/datasets/M3FD/M3FD/VOCdevkit/VOC2007/JPEGImages/00950.jpg 200,478,288,677,4 760,488,789,572,4 773,509,823,653,4
/data/user7/wt/datasets/M3FD/M3FD/VOCdevkit/VOC2007/JPEGImages/00951.jpg 402,495,456,622,4 609,509,680,638,4 856,487,893,571,4
/data/user7/wt/datasets/M3FD/M3FD/VOCdevkit/VOC2007/JPEGImages/00952.jpg 407,493,464,618,4 593,515,675,636,4 848,488,888,570,4
/data/user7/wt/datasets/M3FD/M3FD/VOCdevkit/VOC2007/JPEGImages/00953.jpg 416,493,467,615,4 575,515,626,637,4 845,488,876,567,4
/data/user7/wt/datasets/M3FD/M3FD/VOCdevkit/VOC2007/JPEGImages/00954.jpg 418,492,467,617,4 566,515,621,634,4 832,489,869,567,4
/data/user7/wt/datasets/M3FD/M3FD/VOCdevkit/VOC2007/JPEGImages/00955.jpg 422,493,464,612,4 551,517,614,638,4 829,488,860,563,4
/data/user7/wt/datasets/M3FD/M3FD/VOCdevkit/VOC2007/JPEGImages/00956.jpg 432,494,475,611,4 548,516,608,635,4 826,489,857,563,4
/data/user7/wt/datasets/M3FD/M3FD/VOCdevkit/VOC2007/JPEGImages/00957.jpg 195,483,285,679,4 755,488,792,567,4 790,508,857,652,4
/data/user7/wt/datasets/M3FD/M3FD/VOCdevkit/VOC2007/JPEGImages/00958.jpg 448,496,495,611,4 549,506,600,636,4 821,486,854,562,4
/data/user7/wt/datasets/M3FD/M3FD/VOCdevkit/VOC2007/JPEGImages/00960.jpg 539,490,582,604,4 515,506,558,634,4 823,484,855,560,4
/data/user7/wt/datasets/M3FD/M3FD/VOCdevkit/VOC2007/JPEGImages/00962.jpg 485,504,537,633,4 580,480,626,598,4 834,484,862,553,4
/data/user7/wt/datasets/M3FD/M3FD/VOCdevkit/VOC2007/JPEGImages/00963.jpg 508,506,560,630,4 612,491,660,607,4 836,484,866,551,4
/data/user7/wt/datasets/M3FD/M3FD/VOCdevkit/VOC2007/JPEGImages/00964.jpg 516,507,564,629,4 637,493,687,606,4 839,482,869,550,4
/data/user7/wt/datasets/M3FD/M3FD/VOCdevkit/VOC2007/JPEGImages/00965.jpg 528,506,570,631,4 630,494,719,606,4 839,483,868,550,4
/data/user7/wt/datasets/M3FD/M3FD/VOCdevkit/VOC2007/JPEGImages/00967.jpg 219,486,296,671,4 753,489,789,569,4 823,509,885,651,4
/data/user7/wt/datasets/M3FD/M3FD/VOCdevkit/VOC2007/JPEGImages/00968.jpg 213,484,299,666,4 758,489,795,570,4 839,510,886,652,4
/data/user7/wt/datasets/M3FD/M3FD/VOCdevkit/VOC2007/JPEGImages/00969.jpg 243,487,311,660,4 780,489,810,573,4 855,501,925,642,4
/data/user7/wt/datasets/M3FD/M3FD/VOCdevkit/VOC2007/JPEGImages/00970.jpg 487,379,552,527,4
/data/user7/wt/datasets/M3FD/M3FD/VOCdevkit/VOC2007/JPEGImages/00971.jpg 623,409,649,487,4 548,413,571,466,4 455,419,478,473,4 292,401,324,508,4 313,386,400,460,0 247,432,257,457,4 233,430,246,463,4 213,431,226,462,4 134,430,146,466,4 122,437,134,463,4 108,435,119,451,4 1,430,118,494,1
/data/user7/wt/datasets/M3FD/M3FD/VOCdevkit/VOC2007/JPEGImages/00972.jpg 28,432,198,496,1 202,436,212,466,4 213,431,225,468,4 291,433,302,460,4 311,434,322,461,4 324,433,335,459,4 387,405,416,508,4 534,419,550,468,4 546,424,558,462,4 625,413,647,472,4 383,385,472,459,0 702,408,739,489,4 11,440,39,463,1
/data/user7/wt/datasets/M3FD/M3FD/VOCdevkit/VOC2007/JPEGImages/00973.jpg 82,447,115,473,1 136,452,168,475,1 162,438,323,503,1 324,446,334,469,4 305,443,314,456,4 334,439,346,476,4 412,439,421,466,4 433,439,443,469,4 444,437,456,464,4 529,409,562,517,4 657,423,673,475,4 670,426,691,482,4 749,416,776,482,4 847,410,879,494,4 495,389,585,470,0 47,455,78,473,1
/data/user7/wt/datasets/M3FD/M3FD/VOCdevkit/VOC2007/JPEGImages/00974.jpg 127,443,157,465,1 181,445,207,466,1 206,436,365,502,1 343,439,352,450,4 373,434,385,471,4 452,435,461,464,4 476,436,486,462,4 486,435,498,460,4 575,403,612,515,4 698,421,719,474,4 720,425,740,479,4 797,412,819,477,4 902,410,940,494,4 531,388,624,461,0 92,452,122,468,1
/data/user7/wt/datasets/M3FD/M3FD/VOCdevkit/VOC2007/JPEGImages/00975.jpg 153,442,185,465,1 205,442,233,461,1 232,433,385,496,1 363,435,373,448,4 387,436,395,458,4 397,430,410,467,4 477,435,487,461,4 504,433,513,464,4 512,432,523,463,4 618,397,658,509,4 732,414,751,470,4 756,417,777,474,4 825,408,854,477,4 957,399,1000,491,4 556,382,646,459,0 118,449,146,463,1
/data/user7/wt/datasets/M3FD/M3FD/VOCdevkit/VOC2007/JPEGImages/00976.jpg 151,440,183,468,1 207,443,233,463,1 229,434,387,496,1 364,436,372,449,4 386,437,395,457,4 398,432,409,470,4 479,436,489,461,4 503,434,515,463,4 516,433,526,460,4 630,398,672,517,4 735,416,757,474,4 764,419,785,478,4 831,411,860,478,4 983,402,1024,497,4 548,383,649,464,0 115,450,147,464,1
/data/user7/wt/datasets/M3FD/M3FD/VOCdevkit/VOC2007/JPEGImages/00977.jpg 691,383,778,530,4
/data/user7/wt/datasets/M3FD/M3FD/VOCdevkit/VOC2007/JPEGImages/00978.jpg 151,441,184,468,1 204,444,236,469,1 229,437,387,499,1 363,439,371,451,4 389,440,397,461,4 399,434,412,468,4 484,439,494,461,4 506,435,517,463,4 517,434,528,460,4 652,396,702,520,4 746,418,763,476,4 778,421,806,480,4 840,411,872,483,4 552,385,643,467,0 117,451,147,468,1
/data/user7/wt/datasets/M3FD/M3FD/VOCdevkit/VOC2007/JPEGImages/00979.jpg 150,443,182,467,1 204,445,230,466,1 229,437,386,500,1 388,439,397,464,4 400,432,415,470,4 489,436,498,466,4 508,436,519,462,4 520,434,530,462,4 673,396,732,523,4 756,414,778,476,4 795,421,823,481,4 852,411,884,479,4 548,383,643,467,0 363,440,370,450,4 116,452,145,466,1
/data/user7/wt/datasets/M3FD/M3FD/VOCdevkit/VOC2007/JPEGImages/00980.jpg 148,446,183,469,1 204,447,232,465,1 225,436,385,499,1 390,441,399,462,4 402,433,416,470,4 488,441,500,460,4 508,436,521,466,4 519,435,530,467,4 696,394,746,526,4 760,417,786,478,4 805,422,834,482,4 861,412,894,484,4 554,387,647,465,0 116,453,144,467,1
/data/user7/wt/datasets/M3FD/M3FD/VOCdevkit/VOC2007/JPEGImages/00981.jpg 148,444,184,470,1 204,444,230,469,1 227,436,386,500,1 392,438,402,462,4 407,434,421,472,4 494,437,504,462,4 511,436,521,466,4 522,434,533,465,4 736,393,796,530,4 779,415,797,478,4 827,419,853,482,4 872,410,901,485,4 548,386,642,468,0 116,451,145,469,1
/data/user7/wt/datasets/M3FD/M3FD/VOCdevkit/VOC2007/JPEGImages/00982.jpg 149,444,182,469,1 200,446,234,471,1 229,436,386,498,1 394,439,403,460,4 409,434,424,471,4 497,439,506,464,4 513,435,523,465,4 524,434,536,465,4 756,389,805,531,4 834,419,863,483,4 872,409,911,486,4 549,386,646,465,0 364,441,370,450,4 116,452,145,468,1
/data/user7/wt/datasets/M3FD/M3FD/VOCdevkit/VOC2007/JPEGImages/00983.jpg 150,444,183,468,1 202,445,233,467,1 226,435,386,499,1 395,438,406,461,4 412,431,428,471,4 500,432,510,463,4 516,434,525,464,4 526,433,540,465,4 552,384,645,465,0 795,386,858,531,4 859,415,886,478,4 897,408,925,483,4 116,450,146,465,1
/data/user7/wt/datasets/M3FD/M3FD/VOCdevkit/VOC2007/JPEGImages/00984.jpg 226,437,384,495,1 397,439,407,459,4 413,432,429,472,4 501,434,512,463,4 517,435,528,463,4 529,435,539,462,4 552,385,646,470,0 818,387,864,537,4 811,414,826,472,4 868,417,893,480,4 905,407,934,483,4 202,450,230,469,1 151,448,182,469,1 363,439,370,451,4 117,450,143,469,1
/data/user7/wt/datasets/M3FD/M3FD/VOCdevkit/VOC2007/JPEGImages/00985.jpg 151,441,185,469,1 204,442,231,466,1 230,435,388,501,1 399,437,409,460,4 415,430,430,468,4 505,433,515,463,4 518,433,529,458,4 531,432,544,457,4 550,385,642,464,0 812,411,844,477,4 841,381,890,539,4 881,414,907,482,4 913,405,948,485,4 361,436,370,450,4 115,449,145,463,1
/data/user7/wt/datasets/M3FD/M3FD/VOCdevkit/VOC2007/JPEGImages/00986.jpg 151,442,182,463,1 200,442,235,464,1 230,433,386,497,1 363,435,370,447,4 401,436,411,457,4 417,430,432,468,4 505,430,516,461,4 522,432,532,463,4 533,431,546,459,4 832,409,854,475,4 857,379,932,538,4 929,404,959,482,4 552,384,645,462,0 114,448,145,462,1
/data/user7/wt/datasets/M3FD/M3FD/VOCdevkit/VOC2007/JPEGImages/00987.jpg 151,441,183,465,1 203,443,234,461,1 227,433,386,493,1 363,435,371,448,4 405,434,415,458,4 420,428,438,472,4 506,430,518,461,4 525,432,537,461,4 538,430,549,457,4 847,408,881,476,4 907,373,974,545,4 954,405,979,482,4 552,383,646,461,0 114,448,145,463,1
/data/user7/wt/datasets/M3FD/M3FD/VOCdevkit/VOC2007/JPEGImages/00988.jpg 148,443,185,464,1 204,443,232,462,1 222,433,383,496,1 407,436,417,464,4 423,430,440,467,4 508,431,520,457,4 528,433,538,457,4 538,429,552,458,4 552,383,646,462,0 863,406,891,478,4 918,412,945,480,4 946,372,1015,544,4 116,449,145,463,1
/data/user7/wt/datasets/M3FD/M3FD/VOCdevkit/VOC2007/JPEGImages/00989.jpg 150,440,182,464,1 202,440,236,463,1 226,434,385,493,1 409,433,419,458,4 427,429,447,470,4 510,431,521,460,4 533,431,543,458,4 543,428,555,457,4 553,383,646,461,0 878,406,905,476,4 938,410,968,481,4 979,398,1015,483,4 116,447,146,463,1
/data/user7/wt/datasets/M3FD/M3FD/VOCdevkit/VOC2007/JPEGImages/00991.jpg 150,442,183,465,1 203,444,234,466,1 223,433,386,495,1 363,432,370,448,4 413,436,423,457,4 439,428,457,473,4 519,434,529,462,4 538,432,547,459,4 547,431,559,461,4 553,384,645,461,0 901,406,931,479,4 965,410,998,486,4 114,449,145,463,1 1006,406,1024,491,4
/data/user7/wt/datasets/M3FD/M3FD/VOCdevkit/VOC2007/JPEGImages/00993.jpg 148,443,180,467,1 202,444,231,466,1 224,434,385,497,1 359,432,368,448,4 415,435,425,459,4 446,429,465,474,4 525,433,535,461,4 540,431,549,461,4 546,429,561,465,4 919,405,942,481,4 985,409,1015,487,4 552,382,645,463,0 113,449,143,465,1
/data/user7/wt/datasets/M3FD/M3FD/VOCdevkit/VOC2007/JPEGImages/00995.jpg 145,441,177,464,1 198,442,228,460,1 218,432,380,496,1 420,431,431,461,4 459,427,476,471,4 532,433,541,461,4 540,429,551,458,4 549,427,563,464,4 548,383,643,458,0 951,399,983,482,4 110,448,139,464,1
/data/user7/wt/datasets/M3FD/M3FD/VOCdevkit/VOC2007/JPEGImages/00996.jpg 139,436,179,464,1 196,438,227,459,1 219,430,379,493,1 423,431,433,454,4 463,424,482,467,4 532,429,541,456,4 541,427,550,460,4 550,426,564,461,4 547,378,643,458,1 961,396,997,477,4 107,445,138,463,1
/data/user7/wt/datasets/M3FD/M3FD/VOCdevkit/VOC2007/JPEGImages/00999.jpg 6,430,32,485,4 44,446,70,478,4 130,418,155,488,4 160,421,192,497,4
/data/user7/wt/datasets/M3FD/M3FD/VOCdevkit/VOC2007/JPEGImages/01001.jpg 125,438,158,464,1 181,438,210,461,1 192,429,364,497,1 427,430,437,454,4 480,423,498,470,4 533,429,543,457,4 545,427,556,460,4 554,423,565,461,4 526,379,631,460,0 90,445,121,462,1
/data/user7/wt/datasets/M3FD/M3FD/VOCdevkit/VOC2007/JPEGImages/01003.jpg 75,437,99,467,1 131,439,160,461,1 141,429,317,495,1 291,428,299,444,4 385,429,403,455,4 446,421,467,470,4 491,427,503,457,4 509,427,522,459,4 521,424,533,463,4 496,377,591,458,0 39,445,72,463,1
/data/user7/wt/datasets/M3FD/M3FD/VOCdevkit/VOC2007/JPEGImages/01004.jpg 37,440,58,469,1 99,439,123,457,1 99,430,283,490,1 259,428,267,445,4 356,430,374,454,4 419,421,440,471,4 463,428,474,459,4 484,426,494,461,4 463,378,558,462,0 1,447,33,466,1 493,427,504,463,4
/data/user7/wt/datasets/M3FD/M3FD/VOCdevkit/VOC2007/JPEGImages/01005.jpg 7,428,198,503,1 275,431,297,457,4 350,423,367,468,4 385,428,400,457,4 409,428,421,460,4 377,378,481,462,0 421,432,435,465,4
/data/user7/wt/datasets/M3FD/M3FD/VOCdevkit/VOC2007/JPEGImages/01006.jpg 1,428,138,500,1 120,427,129,446,4 222,429,245,456,4 301,424,320,474,4 335,424,350,459,4 337,375,430,463,0 982,382,1017,491,4 360,431,376,463,4
/data/user7/wt/datasets/M3FD/M3FD/VOCdevkit/VOC2007/JPEGImages/01007.jpg 1,378,65,475,0 82,428,108,485,4 112,440,135,477,4 197,418,228,482,4 234,415,271,493,4
/data/user7/wt/datasets/M3FD/M3FD/VOCdevkit/VOC2007/JPEGImages/01009.jpg 8,427,16,447,4 113,429,138,458,4 199,421,220,472,4 230,424,246,462,4 262,428,281,466,4 213,375,330,465,0 918,378,957,493,4
/data/user7/wt/datasets/M3FD/M3FD/VOCdevkit/VOC2007/JPEGImages/01010.jpg 52,429,70,458,4 140,420,160,479,4 171,424,186,461,4 161,379,268,464,0 880,377,922,494,4 982,390,1024,507,4
/data/user7/wt/datasets/M3FD/M3FD/VOCdevkit/VOC2007/JPEGImages/01011.jpg 87,420,111,478,4 119,425,137,462,4 154,429,173,465,4 114,377,214,467,0 841,382,897,499,4 955,387,1006,509,4
/data/user7/wt/datasets/M3FD/M3FD/VOCdevkit/VOC2007/JPEGImages/01012.jpg 17,416,41,471,4 51,419,69,464,4 75,424,93,467,4 94,425,113,470,4 32,369,146,463,0 807,374,850,493,4 917,382,964,502,4
/data/user7/wt/datasets/M3FD/M3FD/VOCdevkit/VOC2007/JPEGImages/01013.jpg 1,366,79,462,0 774,373,814,490,4 884,378,936,505,4
/data/user7/wt/datasets/M3FD/M3FD/VOCdevkit/VOC2007/JPEGImages/01014.jpg 736,370,778,493,4 850,380,903,505,4 975,356,1022,520,4
/data/user7/wt/datasets/M3FD/M3FD/VOCdevkit/VOC2007/JPEGImages/01015.jpg 724,374,769,498,4 851,379,899,508,4 962,362,1024,519,4
/data/user7/wt/datasets/M3FD/M3FD/VOCdevkit/VOC2007/JPEGImages/01016.jpg 24,380,135,471,0 163,425,184,476,4 184,427,209,475,4 274,415,301,478,4 318,411,351,491,4
/data/user7/wt/datasets/M3FD/M3FD/VOCdevkit/VOC2007/JPEGImages/01017.jpg 709,368,754,499,4 845,379,918,512,4 960,357,1024,528,4
/data/user7/wt/datasets/M3FD/M3FD/VOCdevkit/VOC2007/JPEGImages/01019.jpg 692,361,740,498,4 791,379,831,475,4 851,372,920,513,4 973,352,1024,524,4
/data/user7/wt/datasets/M3FD/M3FD/VOCdevkit/VOC2007/JPEGImages/01020.jpg 737,376,760,469,4 747,357,817,498,4 931,363,1007,515,4
/data/user7/wt/datasets/M3FD/M3FD/VOCdevkit/VOC2007/JPEGImages/01021.jpg 792,354,841,499,4 711,381,732,455,4 972,362,1017,513,4
/data/user7/wt/datasets/M3FD/M3FD/VOCdevkit/VOC2007/JPEGImages/01022.jpg 674,380,708,466,4 851,353,927,499,4
/data/user7/wt/datasets/M3FD/M3FD/VOCdevkit/VOC2007/JPEGImages/01023.jpg 651,379,682,466,4 878,349,934,496,4
/data/user7/wt/datasets/M3FD/M3FD/VOCdevkit/VOC2007/JPEGImages/01024.jpg 610,382,641,466,4 879,355,948,501,4
/data/user7/wt/datasets/M3FD/M3FD/VOCdevkit/VOC2007/JPEGImages/01025.jpg 559,385,584,467,4 878,356,958,503,4
/data/user7/wt/datasets/M3FD/M3FD/VOCdevkit/VOC2007/JPEGImages/01026.jpg 433,387,459,466,4 827,356,897,505,4
/data/user7/wt/datasets/M3FD/M3FD/VOCdevkit/VOC2007/JPEGImages/01027.jpg 340,386,367,462,4 780,354,851,496,4
/data/user7/wt/datasets/M3FD/M3FD/VOCdevkit/VOC2007/JPEGImages/01029.jpg 532,359,606,497,4 744,370,786,498,4 866,350,932,501,4
/data/user7/wt/datasets/M3FD/M3FD/VOCdevkit/VOC2007/JPEGImages/01030.jpg 331,367,408,497,4 533,378,603,504,4 655,362,725,503,4
/data/user7/wt/datasets/M3FD/M3FD/VOCdevkit/VOC2007/JPEGImages/01031.jpg 234,368,295,501,4 431,381,484,501,4 548,365,595,500,4
/data/user7/wt/datasets/M3FD/M3FD/VOCdevkit/VOC2007/JPEGImages/01034.jpg 643,390,666,423,4 424,387,434,412,4 269,428,287,466,4 203,421,222,465,4 181,415,197,466,4 140,402,176,486,4
/data/user7/wt/datasets/M3FD/M3FD/VOCdevkit/VOC2007/JPEGImages/01035.jpg 641,397,663,429,4 427,395,436,416,4 276,434,293,471,4 211,428,229,473,4 189,422,205,475,4 156,410,189,490,4
/data/user7/wt/datasets/M3FD/M3FD/VOCdevkit/VOC2007/JPEGImages/01036.jpg 639,394,664,424,4 429,391,439,415,4 283,431,301,464,4 217,424,234,465,4 197,418,212,465,4 177,407,203,483,4
/data/user7/wt/datasets/M3FD/M3FD/VOCdevkit/VOC2007/JPEGImages/01037.jpg 640,392,661,421,4 430,390,440,410,4 290,428,306,462,4 222,421,238,464,4 204,417,216,462,4 188,406,213,472,4
/data/user7/wt/datasets/M3FD/M3FD/VOCdevkit/VOC2007/JPEGImages/01039.jpg 641,394,661,422,4 439,391,448,414,4 304,426,320,461,4 240,422,255,466,4 218,409,244,479,4
/data/user7/wt/datasets/M3FD/M3FD/VOCdevkit/VOC2007/JPEGImages/01041.jpg 977,411,1024,511,1 629,397,651,424,4 437,395,446,416,4 309,429,321,460,4 246,430,259,469,4 221,421,235,463,4 238,414,254,475,4 53,407,83,499,4 17,404,51,497,4
/data/user7/wt/datasets/M3FD/M3FD/VOCdevkit/VOC2007/JPEGImages/01042.jpg 613,397,634,424,4 428,395,437,416,4 300,430,316,460,4 231,416,255,478,4 213,423,228,459,4 926,405,1024,507,1 37,404,67,496,4 66,408,102,493,4
/data/user7/wt/datasets/M3FD/M3FD/VOCdevkit/VOC2007/JPEGImages/01043.jpg 601,401,621,427,4 418,398,428,419,4 295,432,307,459,4 227,417,250,467,4 207,425,221,463,4 78,412,107,492,4 45,408,75,493,4 885,410,1024,507,1
/data/user7/wt/datasets/M3FD/M3FD/VOCdevkit/VOC2007/JPEGImages/01044.jpg 516,390,529,428,4 276,389,287,415,4 57,432,78,482,4 1,422,16,483,4
/data/user7/wt/datasets/M3FD/M3FD/VOCdevkit/VOC2007/JPEGImages/01045.jpg 586,401,603,426,4 409,399,418,418,4 286,431,297,460,4 219,432,231,465,4 222,418,246,475,4 194,425,209,463,4 86,413,117,491,4 848,411,1022,503,1 60,410,89,490,4
/data/user7/wt/datasets/M3FD/M3FD/VOCdevkit/VOC2007/JPEGImages/01046.jpg 813,414,977,498,1 572,403,587,427,4 399,399,409,420,4 279,429,290,458,4 209,430,223,464,4 185,426,199,458,4 98,415,122,479,4 70,412,98,486,4 218,420,237,472,4
/data/user7/wt/datasets/M3FD/M3FD/VOCdevkit/VOC2007/JPEGImages/01047.jpg 787,412,945,494,1 559,400,574,426,4 391,397,401,420,4 273,426,283,454,4 213,418,235,470,4 203,427,215,457,4 178,422,191,457,4 103,413,129,483,4 79,411,106,482,4 1,409,18,482,4
/data/user7/wt/datasets/M3FD/M3FD/VOCdevkit/VOC2007/JPEGImages/01048.jpg 759,416,905,493,1 547,402,561,425,4 383,401,390,417,4 263,426,276,455,4 208,419,227,468,4 192,429,206,461,4 170,426,182,457,4 110,415,134,477,4 87,412,117,479,4 1,412,28,481,4
/data/user7/wt/datasets/M3FD/M3FD/VOCdevkit/VOC2007/JPEGImages/01049.jpg 732,417,872,490,1 539,403,547,426,4 375,400,382,416,4 256,425,267,453,4 200,420,220,470,4 183,429,196,458,4 92,414,125,479,4 118,417,140,476,4 6,413,33,477,4
/data/user7/wt/datasets/M3FD/M3FD/VOCdevkit/VOC2007/JPEGImages/01050.jpg 709,415,842,485,1 527,401,536,424,4 365,399,375,418,4 250,421,261,450,4 196,419,216,467,4 173,429,188,458,4 145,425,157,455,4 124,416,145,476,4 99,414,122,479,4 12,418,39,475,4
/data/user7/wt/datasets/M3FD/M3FD/VOCdevkit/VOC2007/JPEGImages/01051.jpg 693,420,824,486,1 522,405,532,427,4 363,402,371,417,4 249,424,260,453,4 197,422,214,469,4 170,431,182,457,4 146,428,156,457,4 133,419,152,477,4 105,417,130,477,4 22,417,46,472,4
/data/user7/wt/datasets/M3FD/M3FD/VOCdevkit/VOC2007/JPEGImages/01052.jpg 698,425,825,487,1 536,406,545,432,4 379,406,386,421,4 267,427,279,458,4 216,426,233,472,4 186,435,197,460,4 159,429,169,459,4 162,425,181,478,4 138,423,161,480,4 56,421,74,476,4
/data/user7/wt/datasets/M3FD/M3FD/VOCdevkit/VOC2007/JPEGImages/01053.jpg 718,425,839,486,1 562,408,574,434,4 408,406,416,421,4 302,427,311,452,4 249,427,268,470,4 206,424,229,475,4 184,424,207,477,4 102,423,121,473,4
/data/user7/wt/datasets/M3FD/M3FD/VOCdevkit/VOC2007/JPEGImages/01054.jpg 746,426,865,487,1 594,410,607,430,4 443,409,450,426,4 340,429,350,455,4 288,429,307,471,4 252,427,270,475,4 227,426,251,479,4 150,424,167,468,4 1,397,34,518,4
/data/user7/wt/datasets/M3FD/M3FD/VOCdevkit/VOC2007/JPEGImages/01055.jpg 537,392,551,428,4 299,388,311,415,4 92,432,111,480,4 26,422,47,481,4 1,418,18,482,4
/data/user7/wt/datasets/M3FD/M3FD/VOCdevkit/VOC2007/JPEGImages/01056.jpg 791,430,913,489,1 649,410,663,432,4 498,409,506,424,4 401,431,410,451,4 351,431,368,471,4 319,430,335,473,4 303,430,319,477,4 288,438,297,462,4 218,428,233,469,4 84,401,127,509,4
/data/user7/wt/datasets/M3FD/M3FD/VOCdevkit/VOC2007/JPEGImages/01058.jpg 957,435,1024,491,1 829,413,841,433,4 671,413,680,427,4 579,432,589,456,4 533,437,544,471,4 505,435,521,478,4 488,435,505,478,4 480,445,488,467,4 408,433,425,474,4 1,1,101,585,0 321,412,361,507,4
/data/user7/wt/datasets/M3FD/M3FD/VOCdevkit/VOC2007/JPEGImages/01059.jpg 888,411,895,429,4 785,429,803,457,4 738,438,757,473,4 717,435,733,473,4 701,436,720,476,4 615,433,635,472,4 553,416,590,504,4 663,446,676,466,4 685,447,693,466,4 1,1,392,637,0
/data/user7/wt/datasets/M3FD/M3FD/VOCdevkit/VOC2007/JPEGImages/01060.jpg 997,433,1011,466,4 967,431,985,467,4 951,431,968,472,4 907,442,917,463,4 855,430,877,472,4 791,413,833,495,4 1,1,642,612,0
/data/user7/wt/datasets/M3FD/M3FD/VOCdevkit/VOC2007/JPEGImages/01062.jpg 1,1,1000,630,0
/data/user7/wt/datasets/M3FD/M3FD/VOCdevkit/VOC2007/JPEGImages/01063.jpg 566,392,578,429,4 326,391,338,417,4 132,434,149,479,4 64,424,86,481,4 39,420,57,482,4
/data/user7/wt/datasets/M3FD/M3FD/VOCdevkit/VOC2007/JPEGImages/01064.jpg 1,5,1024,612,0
/data/user7/wt/datasets/M3FD/M3FD/VOCdevkit/VOC2007/JPEGImages/01065.jpg 190,92,1023,577,0
/data/user7/wt/datasets/M3FD/M3FD/VOCdevkit/VOC2007/JPEGImages/01066.jpg 489,143,1024,562,0
/data/user7/wt/datasets/M3FD/M3FD/VOCdevkit/VOC2007/JPEGImages/01067.jpg 733,164,1024,539,0
/data/user7/wt/datasets/M3FD/M3FD/VOCdevkit/VOC2007/JPEGImages/01068.jpg 862,189,1024,520,0
/data/user7/wt/datasets/M3FD/M3FD/VOCdevkit/VOC2007/JPEGImages/01069.jpg 585,389,602,424,4 351,388,360,414,4 166,429,188,475,4 98,420,122,475,4 74,416,94,476,4
/data/user7/wt/datasets/M3FD/M3FD/VOCdevkit/VOC2007/JPEGImages/01070.jpg 99,359,211,565,4
/data/user7/wt/datasets/M3FD/M3FD/VOCdevkit/VOC2007/JPEGImages/01071.jpg 309,366,419,555,4
/data/user7/wt/datasets/M3FD/M3FD/VOCdevkit/VOC2007/JPEGImages/01072.jpg 505,367,613,543,4 101,346,205,612,4
/data/user7/wt/datasets/M3FD/M3FD/VOCdevkit/VOC2007/JPEGImages/01073.jpg 651,366,720,539,4 249,357,405,598,4
/data/user7/wt/datasets/M3FD/M3FD/VOCdevkit/VOC2007/JPEGImages/01075.jpg 969,367,1024,527,4 613,359,716,577,4
/data/user7/wt/datasets/M3FD/M3FD/VOCdevkit/VOC2007/JPEGImages/01076.jpg 772,367,895,576,4
/data/user7/wt/datasets/M3FD/M3FD/VOCdevkit/VOC2007/JPEGImages/01078.jpg 45,407,73,450,4 18,397,51,450,4
/data/user7/wt/datasets/M3FD/M3FD/VOCdevkit/VOC2007/JPEGImages/01079.jpg 184,404,203,446,4 158,396,187,446,4
/data/user7/wt/datasets/M3FD/M3FD/VOCdevkit/VOC2007/JPEGImages/01080.jpg 261,395,290,447,4 284,408,310,448,4
/data/user7/wt/datasets/M3FD/M3FD/VOCdevkit/VOC2007/JPEGImages/01083.jpg 618,404,636,443,4 594,395,621,442,4
/data/user7/wt/datasets/M3FD/M3FD/VOCdevkit/VOC2007/JPEGImages/01085.jpg 811,400,835,439,4 788,393,815,439,4 105,415,194,448,1
/data/user7/wt/datasets/M3FD/M3FD/VOCdevkit/VOC2007/JPEGImages/01086.jpg 933,392,962,435,4 908,384,942,435,4 231,410,311,440,1 17,400,142,473,1
/data/user7/wt/datasets/M3FD/M3FD/VOCdevkit/VOC2007/JPEGImages/01087.jpg 351,412,429,440,1 79,413,158,475,1 156,402,270,478,1
/data/user7/wt/datasets/M3FD/M3FD/VOCdevkit/VOC2007/JPEGImages/01088.jpg 1,413,97,485,1 183,413,258,471,1 255,404,364,475,1 439,411,515,441,1
/data/user7/wt/datasets/M3FD/M3FD/VOCdevkit/VOC2007/JPEGImages/01089.jpg 541,412,613,439,1 293,416,368,469,1 363,405,470,474,1 77,412,216,483,1
/data/user7/wt/datasets/M3FD/M3FD/VOCdevkit/VOC2007/JPEGImages/01090.jpg 634,413,708,439,1 398,416,467,467,1 464,405,564,473,1 193,413,324,475,1
/data/user7/wt/datasets/M3FD/M3FD/VOCdevkit/VOC2007/JPEGImages/01091.jpg 703,419,773,447,1 469,422,536,474,1 531,413,631,480,1 273,420,396,481,1
/data/user7/wt/datasets/M3FD/M3FD/VOCdevkit/VOC2007/JPEGImages/01092.jpg 804,423,874,448,1 581,426,644,472,1 640,416,736,480,1 397,424,509,478,1 1,431,123,482,1
/data/user7/wt/datasets/M3FD/M3FD/VOCdevkit/VOC2007/JPEGImages/01093.jpg 812,425,885,449,1 591,426,651,474,1 649,418,744,478,1 406,426,523,480,1 1,432,143,483,1
/data/user7/wt/datasets/M3FD/M3FD/VOCdevkit/VOC2007/JPEGImages/01095.jpg 780,421,841,443,1 569,423,623,465,1 622,413,713,471,1 401,421,503,472,1 9,427,142,475,1
/data/user7/wt/datasets/M3FD/M3FD/VOCdevkit/VOC2007/JPEGImages/01096.jpg 743,419,807,440,1 547,419,600,462,1 595,411,684,470,1 385,418,483,466,1 3,423,133,467,1
/data/user7/wt/datasets/M3FD/M3FD/VOCdevkit/VOC2007/JPEGImages/01097.jpg 721,421,785,443,1 535,424,586,463,1 583,416,665,468,1 381,423,475,472,1 16,430,139,476,1
/data/user7/wt/datasets/M3FD/M3FD/VOCdevkit/VOC2007/JPEGImages/01098.jpg 710,421,774,446,1 531,427,583,464,1 578,419,656,469,1 381,426,472,471,1 24,429,143,475,1
/data/user7/wt/datasets/M3FD/M3FD/VOCdevkit/VOC2007/JPEGImages/01099.jpg 700,425,757,446,1 523,429,570,466,1 563,422,642,471,1 377,428,466,473,1 38,434,150,476,1
/data/user7/wt/datasets/M3FD/M3FD/VOCdevkit/VOC2007/JPEGImages/01100.jpg 691,424,745,447,1 519,430,564,466,1 561,422,634,468,1 379,428,464,469,1 45,432,154,470,1
/data/user7/wt/datasets/M3FD/M3FD/VOCdevkit/VOC2007/JPEGImages/01104.jpg 926,417,947,477,4 911,420,929,458,4 900,421,916,447,4 937,421,963,476,4 609,436,649,451,1 463,439,501,468,1 498,433,561,471,1 349,438,417,470,1 59,442,147,477,1
/data/user7/wt/datasets/M3FD/M3FD/VOCdevkit/VOC2007/JPEGImages/01105.jpg 917,421,937,475,4 880,420,896,445,4 890,418,904,454,4 903,419,923,476,4 595,436,642,450,1 453,438,492,471,1 488,432,549,472,1 343,436,411,473,1 57,443,145,477,1
/data/user7/wt/datasets/M3FD/M3FD/VOCdevkit/VOC2007/JPEGImages/01107.jpg 858,427,874,461,4 828,422,850,472,4 823,417,840,475,4 804,414,817,445,4 812,418,824,445,4 555,434,598,449,1 456,430,512,467,1 422,435,458,464,1 318,435,380,465,1 43,439,126,471,1
/data/user7/wt/datasets/M3FD/M3FD/VOCdevkit/VOC2007/JPEGImages/01109.jpg 785,434,798,462,4 753,424,762,459,4 761,422,775,460,4 741,420,755,472,4 727,419,745,474,4 999,420,1021,473,4 496,434,537,450,1 375,439,408,467,1 403,433,459,468,1 270,438,334,468,1 7,442,88,471,1
/data/user7/wt/datasets/M3FD/M3FD/VOCdevkit/VOC2007/JPEGImages/01110.jpg 277,397,304,453,4
/data/user7/wt/datasets/M3FD/M3FD/VOCdevkit/VOC2007/JPEGImages/01111.jpg 409,397,423,427,4 482,419,502,474,4 357,416,383,484,4 389,423,412,486,4 377,419,389,461,4
/data/user7/wt/datasets/M3FD/M3FD/VOCdevkit/VOC2007/JPEGImages/01112.jpg 413,419,436,471,4 302,421,330,489,4 330,421,355,488,4
/data/user7/wt/datasets/M3FD/M3FD/VOCdevkit/VOC2007/JPEGImages/01113.jpg 280,425,304,494,4 299,427,321,490,4 375,424,394,477,4 270,424,285,463,4
/data/user7/wt/datasets/M3FD/M3FD/VOCdevkit/VOC2007/JPEGImages/01114.jpg 243,425,261,457,4 266,425,287,490,4 284,426,305,489,4 351,428,365,477,4
/data/user7/wt/datasets/M3FD/M3FD/VOCdevkit/VOC2007/JPEGImages/01115.jpg 226,428,245,456,4 275,428,294,489,4 331,429,350,476,4 261,428,279,490,4
/data/user7/wt/datasets/M3FD/M3FD/VOCdevkit/VOC2007/JPEGImages/01116.jpg 1,393,32,499,4 213,428,228,459,4 252,431,272,491,4 270,433,287,491,4 316,433,335,478,4
/data/user7/wt/datasets/M3FD/M3FD/VOCdevkit/VOC2007/JPEGImages/01117.jpg 28,398,62,491,4 204,426,219,454,4 243,427,269,483,4 269,428,290,479,4 309,429,324,471,4
/data/user7/wt/datasets/M3FD/M3FD/VOCdevkit/VOC2007/JPEGImages/01118.jpg 53,401,104,491,4 197,430,212,456,4 244,430,268,485,4 268,432,288,485,4 303,431,320,474,4
/data/user7/wt/datasets/M3FD/M3FD/VOCdevkit/VOC2007/JPEGImages/01119.jpg 189,431,205,459,4 93,404,123,490,4 245,432,264,486,4 263,432,283,486,4 294,433,310,477,4
/data/user7/wt/datasets/M3FD/M3FD/VOCdevkit/VOC2007/JPEGImages/01121.jpg 45,395,71,453,4
/data/user7/wt/datasets/M3FD/M3FD/VOCdevkit/VOC2007/JPEGImages/01122.jpg 138,415,178,488,4 173,437,184,459,4 231,437,254,488,4 251,438,270,486,4 279,437,295,478,4 279,402,288,425,4 271,405,280,426,4
/data/user7/wt/datasets/M3FD/M3FD/VOCdevkit/VOC2007/JPEGImages/01124.jpg 152,437,166,460,4 181,420,212,487,4 221,437,241,485,4 240,438,257,483,4 262,439,275,473,4 272,398,282,424,4 262,400,271,424,4
/data/user7/wt/datasets/M3FD/M3FD/VOCdevkit/VOC2007/JPEGImages/01125.jpg 147,439,159,461,4 202,426,236,491,4 234,442,253,485,4 253,443,270,479,4
/data/user7/wt/datasets/M3FD/M3FD/VOCdevkit/VOC2007/JPEGImages/01126.jpg 140,448,150,470,4 212,449,227,483,4 225,434,247,495,4 247,448,262,483,4
/data/user7/wt/datasets/M3FD/M3FD/VOCdevkit/VOC2007/JPEGImages/01127.jpg 132,456,144,471,4 210,451,227,486,4 224,453,239,486,4 239,437,264,497,4
/data/user7/wt/datasets/M3FD/M3FD/VOCdevkit/VOC2007/JPEGImages/01128.jpg 204,458,218,485,4 218,460,232,494,4 234,459,245,492,4 250,444,284,502,4
/data/user7/wt/datasets/M3FD/M3FD/VOCdevkit/VOC2007/JPEGImages/01129.jpg 198,455,213,480,4 213,456,225,487,4 227,456,238,487,4 266,441,290,499,4
/data/user7/wt/datasets/M3FD/M3FD/VOCdevkit/VOC2007/JPEGImages/01130.jpg 195,455,209,477,4 207,457,218,487,4 220,457,233,489,4 277,440,303,497,4
/data/user7/wt/datasets/M3FD/M3FD/VOCdevkit/VOC2007/JPEGImages/01131.jpg 191,447,203,471,4 202,448,215,471,4 212,448,224,479,4 289,433,317,488,4
/data/user7/wt/datasets/M3FD/M3FD/VOCdevkit/VOC2007/JPEGImages/01132.jpg 927,329,1020,492,4
/data/user7/wt/datasets/M3FD/M3FD/VOCdevkit/VOC2007/JPEGImages/01133.jpg 298,426,321,480,4 183,440,198,464,4 194,441,206,461,4 205,443,218,465,4
/data/user7/wt/datasets/M3FD/M3FD/VOCdevkit/VOC2007/JPEGImages/01134.jpg 177,444,191,466,4 192,444,209,464,4 305,430,329,482,4 249,405,260,417,4 860,342,1024,669,1
/data/user7/wt/datasets/M3FD/M3FD/VOCdevkit/VOC2007/JPEGImages/01135.jpg 173,442,187,462,4 185,445,201,464,4 311,430,343,482,4 583,329,990,589,1 245,402,257,417,4
/data/user7/wt/datasets/M3FD/M3FD/VOCdevkit/VOC2007/JPEGImages/01136.jpg 482,378,705,536,1 324,433,347,485,4 240,404,252,420,4 165,447,179,468,4 179,445,192,467,4
/data/user7/wt/datasets/M3FD/M3FD/VOCdevkit/VOC2007/JPEGImages/01138.jpg 234,409,244,421,4 155,448,167,470,4 168,449,177,468,4 334,437,359,481,4 400,404,521,500,1
/data/user7/wt/datasets/M3FD/M3FD/VOCdevkit/VOC2007/JPEGImages/01139.jpg 230,414,240,422,4 149,448,161,469,4 160,449,174,467,4 342,434,364,481,4 376,413,472,491,1
/data/user7/wt/datasets/M3FD/M3FD/VOCdevkit/VOC2007/JPEGImages/01140.jpg 228,411,236,422,4 343,433,361,478,4 362,418,441,485,1 142,451,155,467,4 155,451,167,467,4
/data/user7/wt/datasets/M3FD/M3FD/VOCdevkit/VOC2007/JPEGImages/01141.jpg 224,408,235,423,4 338,423,411,483,1 139,451,150,471,4 149,453,159,471,4
/data/user7/wt/datasets/M3FD/M3FD/VOCdevkit/VOC2007/JPEGImages/01142.jpg 136,455,143,470,4 143,452,152,471,4 226,410,232,424,4 217,416,224,425,4 316,431,383,483,1
/data/user7/wt/datasets/M3FD/M3FD/VOCdevkit/VOC2007/JPEGImages/01143.jpg 730,339,791,486,4
/data/user7/wt/datasets/M3FD/M3FD/VOCdevkit/VOC2007/JPEGImages/01144.jpg 360,441,372,479,4 222,411,229,423,4 215,412,221,426,4 131,455,138,469,4 138,454,146,468,4 301,433,360,482,1
/data/user7/wt/datasets/M3FD/M3FD/VOCdevkit/VOC2007/JPEGImages/01145.jpg 285,438,344,480,1 357,437,378,476,4 220,406,227,422,4 212,412,219,425,4 125,454,133,467,4 133,455,142,467,4
/data/user7/wt/datasets/M3FD/M3FD/VOCdevkit/VOC2007/JPEGImages/01146.jpg 210,411,220,425,4 222,405,229,421,4 361,436,379,470,4 127,455,134,465,4 134,455,140,465,4 274,440,326,479,1
/data/user7/wt/datasets/M3FD/M3FD/VOCdevkit/VOC2007/JPEGImages/01147.jpg 125,455,134,466,4 133,455,140,466,4 215,410,222,425,4 222,406,230,420,4 366,434,385,470,4 264,443,314,478,1
/data/user7/wt/datasets/M3FD/M3FD/VOCdevkit/VOC2007/JPEGImages/01148.jpg 375,429,390,465,4 227,408,234,417,4 220,408,225,422,4 255,443,301,475,1 693,399,701,411,4
/data/user7/wt/datasets/M3FD/M3FD/VOCdevkit/VOC2007/JPEGImages/01149.jpg 223,409,229,421,4 228,409,235,419,4 378,429,399,466,4 247,445,292,477,1 683,403,692,416,4
/data/user7/wt/datasets/M3FD/M3FD/VOCdevkit/VOC2007/JPEGImages/01151.jpg 509,349,586,495,4
/data/user7/wt/datasets/M3FD/M3FD/VOCdevkit/VOC2007/JPEGImages/01153.jpg 790,386,804,412,4 900,408,921,468,4 740,406,767,478,4 770,411,797,482,4 183,361,246,494,4
/data/user7/wt/datasets/M3FD/M3FD/VOCdevkit/VOC2007/JPEGImages/01156.jpg 290,436,304,468,4 199,410,228,504,4 228,408,265,502,4
/data/user7/wt/datasets/M3FD/M3FD/VOCdevkit/VOC2007/JPEGImages/01157.jpg 368,429,380,471,4 382,426,401,477,4
/data/user7/wt/datasets/M3FD/M3FD/VOCdevkit/VOC2007/JPEGImages/01158.jpg 376,428,392,470,4 389,425,406,470,4
/data/user7/wt/datasets/M3FD/M3FD/VOCdevkit/VOC2007/JPEGImages/01159.jpg 385,432,394,453,4 392,424,403,464,4 404,423,417,467,4 970,435,1024,544,1
/data/user7/wt/datasets/M3FD/M3FD/VOCdevkit/VOC2007/JPEGImages/01160.jpg 392,436,400,458,4 399,429,410,467,4 411,428,426,468,4 907,424,1024,549,1
/data/user7/wt/datasets/M3FD/M3FD/VOCdevkit/VOC2007/JPEGImages/01161.jpg 859,391,1024,543,1 400,438,409,460,4 409,432,420,469,4 420,432,433,468,4
/data/user7/wt/datasets/M3FD/M3FD/VOCdevkit/VOC2007/JPEGImages/01162.jpg 407,444,414,464,4 418,437,429,472,4 429,436,442,471,4 814,397,1024,530,1
/data/user7/wt/datasets/M3FD/M3FD/VOCdevkit/VOC2007/JPEGImages/01164.jpg 421,438,428,460,4 433,434,443,465,4 444,432,454,467,4 766,400,1024,518,1
/data/user7/wt/datasets/M3FD/M3FD/VOCdevkit/VOC2007/JPEGImages/01165.jpg 740,403,1024,504,1 422,437,431,459,1 437,431,447,462,1 448,430,459,463,1
/data/user7/wt/datasets/M3FD/M3FD/VOCdevkit/VOC2007/JPEGImages/01166.jpg 422,437,430,455,4 437,433,447,461,4 447,430,457,460,4 717,408,978,494,1
/data/user7/wt/datasets/M3FD/M3FD/VOCdevkit/VOC2007/JPEGImages/01167.jpg 300,433,312,462,4 228,413,258,500,4 235,412,281,500,4
/data/user7/wt/datasets/M3FD/M3FD/VOCdevkit/VOC2007/JPEGImages/01168.jpg 421,443,430,462,4 436,439,446,465,4 446,439,455,467,4 701,415,940,495,1
/data/user7/wt/datasets/M3FD/M3FD/VOCdevkit/VOC2007/JPEGImages/01169.jpg 677,417,900,499,1 420,443,429,461,4 437,438,446,466,4 447,438,457,467,4
/data/user7/wt/datasets/M3FD/M3FD/VOCdevkit/VOC2007/JPEGImages/01170.jpg 419,441,428,461,4 436,438,445,463,4 446,437,456,465,4 663,417,867,492,1
/data/user7/wt/datasets/M3FD/M3FD/VOCdevkit/VOC2007/JPEGImages/01171.jpg 655,420,845,489,1 416,443,426,459,4 438,437,445,463,4 445,436,454,464,4
/data/user7/wt/datasets/M3FD/M3FD/VOCdevkit/VOC2007/JPEGImages/01172.jpg 416,448,423,466,4 437,444,444,469,4 445,444,453,468,4 639,427,817,489,1
/data/user7/wt/datasets/M3FD/M3FD/VOCdevkit/VOC2007/JPEGImages/01173.jpg 414,444,422,461,1 436,441,444,465,4 444,441,452,465,4 629,425,793,485,1
/data/user7/wt/datasets/M3FD/M3FD/VOCdevkit/VOC2007/JPEGImages/01174.jpg 411,446,421,463,4 435,441,443,465,4 443,440,452,465,4 620,429,776,483,1
/data/user7/wt/datasets/M3FD/M3FD/VOCdevkit/VOC2007/JPEGImages/01175.jpg 409,445,419,462,4 434,441,442,466,4 442,441,450,465,4 611,430,755,481,1
/data/user7/wt/datasets/M3FD/M3FD/VOCdevkit/VOC2007/JPEGImages/01176.jpg 601,430,738,479,1 408,444,416,463,4 434,443,441,464,4 441,440,450,465,4
/data/user7/wt/datasets/M3FD/M3FD/VOCdevkit/VOC2007/JPEGImages/01177.jpg 408,445,415,461,4 435,442,441,464,4 441,442,449,465,4 595,432,724,479,1
/data/user7/wt/datasets/M3FD/M3FD/VOCdevkit/VOC2007/JPEGImages/01178.jpg 310,434,323,460,4 254,414,281,494,4 262,412,306,494,4
/data/user7/wt/datasets/M3FD/M3FD/VOCdevkit/VOC2007/JPEGImages/01179.jpg 413,444,419,459,4 441,440,446,461,4 446,438,455,462,4 592,431,718,474,1
/data/user7/wt/datasets/M3FD/M3FD/VOCdevkit/VOC2007/JPEGImages/01180.jpg 321,437,330,459,4 275,415,301,488,4 279,415,320,489,4
/data/user7/wt/datasets/M3FD/M3FD/VOCdevkit/VOC2007/JPEGImages/01181.jpg 296,420,315,485,4 301,419,339,489,4
/data/user7/wt/datasets/M3FD/M3FD/VOCdevkit/VOC2007/JPEGImages/01182.jpg 315,417,335,483,4 320,418,353,483,4
/data/user7/wt/datasets/M3FD/M3FD/VOCdevkit/VOC2007/JPEGImages/01183.jpg 324,418,346,479,4 330,418,364,479,4
/data/user7/wt/datasets/M3FD/M3FD/VOCdevkit/VOC2007/JPEGImages/01184.jpg 343,411,358,463,4 349,410,377,463,4
/data/user7/wt/datasets/M3FD/M3FD/VOCdevkit/VOC2007/JPEGImages/01185.jpg 354,422,372,475,4 361,418,392,476,4
/data/user7/wt/datasets/M3FD/M3FD/VOCdevkit/VOC2007/JPEGImages/01186.jpg 559,415,602,444,1 503,411,534,445,1 187,419,226,444,1 258,420,298,446,1 232,416,246,446,4 247,415,255,448,4 322,412,340,451,4 490,413,506,449,4 532,413,547,454,4 306,417,359,445,1 139,424,200,446,1 148,404,213,425,1 196,406,251,430,1 437,410,479,450,1 701,399,919,538,1 325,400,397,440,1 243,413,270,441,1 409,347,423,380,2 621,343,637,378,2 430,403,436,421,4 439,401,447,419,4 379,419,394,456,4
/data/user7/wt/datasets/M3FD/M3FD/VOCdevkit/VOC2007/JPEGImages/01187.jpg 353,440,363,467,4 610,441,660,511,1 646,426,763,526,1 453,443,487,465,1 508,440,534,472,1 602,392,616,418,2 317,449,341,468,1 316,426,355,448,1 364,433,416,469,1 494,443,510,462,1 501,450,514,464,4 536,451,549,476,4 501,460,513,480,3 536,462,550,482,3 533,438,559,455,1 440,434,446,450,4 446,431,453,449,4 459,430,478,443,1 1010,436,1021,458,4
/data/user7/wt/datasets/M3FD/M3FD/VOCdevkit/VOC2007/JPEGImages/01188.jpg 457,439,489,464,1 633,429,743,519,1 608,444,656,503,1 601,386,616,415,2 353,440,393,467,1 382,430,419,462,1 319,419,364,442,1 509,442,538,467,1 533,433,554,448,1 511,429,529,440,1 507,445,522,463,4 546,445,561,469,4 508,455,522,477,3 539,456,564,475,3 983,430,1003,455,4 1010,433,1024,455,4 356,437,364,460,4 444,429,450,445,4 450,426,458,444,4 461,425,480,439,1
/data/user7/wt/datasets/M3FD/M3FD/VOCdevkit/VOC2007/JPEGImages/01190.jpg 597,387,612,418,2 594,444,634,497,1 620,433,708,511,1 362,442,396,465,1 410,430,425,460,1 334,423,369,440,1 460,438,491,467,1 508,440,534,467,1 464,431,480,444,1 530,436,546,449,1 541,431,553,439,1 512,431,526,441,1 532,448,544,464,4 543,446,554,458,4 570,442,585,471,4 530,457,545,480,3 543,454,554,471,3 569,454,586,476,3 357,440,365,459,4 447,430,452,448,4 452,429,459,444,4 941,432,955,454,4 959,436,970,454,4
/data/user7/wt/datasets/M3FD/M3FD/VOCdevkit/VOC2007/JPEGImages/01191.jpg 592,449,628,498,1 614,437,699,510,1 508,444,539,473,1 460,441,491,469,1 540,434,553,443,1 511,435,525,444,1 465,436,479,447,1 581,450,604,464,1 544,449,556,473,4 580,450,590,472,4 538,457,560,481,3 577,460,598,480,3 365,445,401,469,1 390,436,426,469,1 343,428,370,445,1 448,434,453,452,4 453,432,458,446,4 921,437,940,456,4
/data/user7/wt/datasets/M3FD/M3FD/VOCdevkit/VOC2007/JPEGImages/01192.jpg 570,441,597,462,1 587,441,621,490,1 608,432,687,500,1 602,414,614,440,2 509,439,541,465,2 372,439,404,461,1 376,431,428,459,1 339,421,373,442,1 460,437,493,462,1 508,427,523,438,1 539,428,554,437,1 526,433,543,446,1 484,429,501,439,1 564,445,578,469,4 557,448,578,475,3 829,443,897,457,1 921,439,993,457,1 895,428,912,452,4 452,424,459,441,4 465,426,481,439,1
/data/user7/wt/datasets/M3FD/M3FD/VOCdevkit/VOC2007/JPEGImages/01193.jpg 806,322,1024,625,1 584,445,615,490,1 603,436,676,499,1 781,447,835,462,1 559,445,588,463,1 511,441,544,469,1 464,440,495,464,1 510,431,523,441,1 540,429,552,439,1 526,435,542,449,1 383,443,407,464,1 385,435,430,462,1 592,392,606,419,2 576,451,592,476,3 582,449,595,471,4 466,427,483,441,1 449,431,454,445,4 454,429,460,444,4
/data/user7/wt/datasets/M3FD/M3FD/VOCdevkit/VOC2007/JPEGImages/01194.jpg 732,364,995,579,1 583,445,611,487,1 599,436,669,497,1 519,442,550,467,1 466,437,495,467,1 553,442,578,461,1 527,432,542,443,1 541,428,554,437,1 378,441,410,460,1 388,432,426,460,1 593,392,606,417,2 469,424,484,438,1 452,428,457,447,4 457,427,463,442,4
/data/user7/wt/datasets/M3FD/M3FD/VOCdevkit/VOC2007/JPEGImages/01195.jpg 594,397,607,423,2 581,449,609,487,1 597,439,662,496,1 680,393,853,546,1 885,445,955,461,1 552,444,574,464,1 523,443,557,473,1 386,436,434,464,1 470,444,500,470,1 469,429,488,443,1
/data/user7/wt/datasets/M3FD/M3FD/VOCdevkit/VOC2007/JPEGImages/01197.jpg 679,402,864,528,1 609,418,706,460,1 189,421,231,446,1 155,407,214,426,1 198,408,248,430,1 262,421,301,447,1 240,419,249,445,4 252,418,260,446,4 331,418,342,449,4 381,424,398,458,4 527,418,542,454,4 488,414,503,437,4 306,417,361,446,1 251,392,287,414,1 325,404,396,442,1 291,396,339,414,1 501,412,531,444,1 551,414,587,437,1 437,414,480,448,1 539,404,553,414,1 520,406,539,420,1 452,400,470,418,1 496,404,512,413,1 384,407,417,430,1 408,353,422,382,2 616,348,630,376,2 380,435,395,457,3 485,424,504,453,3 526,429,541,455,3 428,402,435,423,4 437,401,445,420,4
/data/user7/wt/datasets/M3FD/M3FD/VOCdevkit/VOC2007/JPEGImages/01198.jpg 866,454,937,466,1 805,449,816,466,4 535,453,572,480,1 520,453,540,474,1 478,449,507,479,1 581,457,612,489,1 593,449,648,499,1 638,423,744,523,1 396,454,421,473,1 407,445,445,471,1 596,406,607,433,2 465,439,471,454,4 476,438,492,450,1
/data/user7/wt/datasets/M3FD/M3FD/VOCdevkit/VOC2007/JPEGImages/01199.jpg 863,472,926,485,1 793,468,804,485,4 580,477,600,507,1 592,467,633,515,1 624,447,711,532,1 595,425,608,453,2 544,474,582,498,1 520,473,547,495,1 480,472,512,497,1 529,464,543,473,1 550,459,561,469,1 497,462,514,475,1 405,465,450,489,1 803,463,812,482,4 464,460,475,472,4 480,458,495,470,1
/data/user7/wt/datasets/M3FD/M3FD/VOCdevkit/VOC2007/JPEGImages/01200.jpg 857,469,914,481,1 784,466,792,481,4 527,472,550,494,1 554,472,586,498,1 581,476,602,504,1 591,468,624,510,1 616,449,688,524,1 598,424,611,450,2 486,470,517,497,1 546,467,563,480,1 532,463,545,471,1 552,459,565,467,1 498,463,517,475,1 412,462,455,488,1 1,354,55,575,4
/data/user7/wt/datasets/M3FD/M3FD/VOCdevkit/VOC2007/JPEGImages/01202.jpg 141,383,204,536,4 574,473,602,498,1 585,477,603,505,1 594,470,618,508,1 609,456,665,515,1 500,473,528,499,1 532,471,564,495,1 552,468,568,480,1 560,460,573,469,1 538,464,551,473,1 603,426,616,454,2 420,462,466,490,1 752,467,764,484,4 766,459,781,484,4
/data/user7/wt/datasets/M3FD/M3FD/VOCdevkit/VOC2007/JPEGImages/01204.jpg 105,371,171,524,4 234,398,288,512,4 551,468,576,487,1 512,465,541,491,1 590,472,602,495,1 596,463,614,495,1 604,449,653,502,1 607,419,622,446,2 555,461,575,474,1 544,457,557,467,1 568,454,581,462,1 427,459,475,480,1 756,454,770,472,4 747,455,758,474,4
/data/user7/wt/datasets/M3FD/M3FD/VOCdevkit/VOC2007/JPEGImages/01205.jpg 183,386,240,518,4 267,406,322,512,4 739,464,751,481,4 749,459,764,481,4 563,469,591,493,1 647,471,668,496,1 607,456,647,505,1 520,469,551,498,1 446,464,481,485,1 559,466,574,477,1 548,463,559,471,1 505,466,523,479,1 536,469,555,481,1 611,427,625,453,2
/data/user7/wt/datasets/M3FD/M3FD/VOCdevkit/VOC2007/JPEGImages/01207.jpg 276,407,317,507,4 330,417,368,504,4 733,459,749,480,4 661,470,712,497,1 458,464,496,487,1 608,463,645,501,1 577,473,604,493,1 564,467,578,478,1 524,472,562,496,1 515,467,534,480,1 616,431,629,454,2
/data/user7/wt/datasets/M3FD/M3FD/VOCdevkit/VOC2007/JPEGImages/01208.jpg 924,394,1024,651,1 660,414,821,522,1 501,430,610,468,1 240,422,252,448,4 253,420,265,449,4 329,418,342,457,4 483,423,501,453,4 526,424,536,444,4 266,428,303,454,1 156,413,216,432,1 207,416,254,437,1 310,424,361,451,1 436,421,474,455,1 450,412,468,424,1 292,403,338,420,1 252,399,286,420,1 498,419,528,448,1 609,356,623,385,2 482,433,499,459,3 512,413,534,428,1 492,411,508,420,1 536,411,549,420,1 426,410,433,426,4 435,409,443,424,4 407,364,420,391,2
/data/user7/wt/datasets/M3FD/M3FD/VOCdevkit/VOC2007/JPEGImages/01210.jpg 912,429,1024,632,1 332,412,364,497,4 367,420,398,496,4 469,464,501,485,1 611,461,645,499,1 549,466,579,496,1 707,469,752,492,1 729,459,742,480,4
/data/user7/wt/datasets/M3FD/M3FD/VOCdevkit/VOC2007/JPEGImages/01211.jpg 757,420,1024,586,1 738,466,783,477,1 615,461,647,496,1 555,466,585,494,1 478,459,509,485,1 362,415,389,493,4 390,418,416,493,4 721,457,736,481,4 629,431,640,453,2 708,460,718,480,4
/data/user7/wt/datasets/M3FD/M3FD/VOCdevkit/VOC2007/JPEGImages/01212.jpg 709,431,893,548,1 376,420,408,491,4 398,426,426,492,4 618,463,648,496,1 645,470,663,492,1 705,465,713,490,4 557,469,589,493,1
/data/user7/wt/datasets/M3FD/M3FD/VOCdevkit/VOC2007/JPEGImages/01213.jpg 645,472,679,493,1 618,465,648,495,1 565,467,593,493,1 596,470,622,492,1 675,441,800,529,1 397,425,422,493,4 416,434,437,492,4 491,463,520,484,1 636,435,647,456,2
/data/user7/wt/datasets/M3FD/M3FD/VOCdevkit/VOC2007/JPEGImages/01215.jpg 425,431,450,491,4 437,436,459,490,4 624,465,650,495,1 649,448,727,506,1 642,437,652,457,2 574,471,604,494,1 545,471,565,485,1
/data/user7/wt/datasets/M3FD/M3FD/VOCdevkit/VOC2007/JPEGImages/01216.jpg 436,432,457,487,4 450,434,469,486,4 642,448,710,501,1 630,466,648,491,1 550,472,568,486,1 576,468,607,490,1 645,436,656,457,2
/data/user7/wt/datasets/M3FD/M3FD/VOCdevkit/VOC2007/JPEGImages/01217.jpg 706,470,736,487,1 642,455,696,496,1 451,435,472,484,4 464,437,481,484,4 583,468,611,489,4 649,438,659,456,2
/data/user7/wt/datasets/M3FD/M3FD/VOCdevkit/VOC2007/JPEGImages/01219.jpg 812,335,1024,643,1 647,415,790,520,1 414,433,519,469,1 538,421,568,443,1 496,421,523,446,1 520,425,536,460,4 482,425,495,437,4 605,359,618,386,2 406,362,419,391,2 268,430,306,457,1 311,427,360,453,1 220,428,237,454,1 330,408,389,452,1 257,401,285,422,1 259,424,279,448,1 510,412,529,430,1 446,414,464,426,1 518,436,534,462,3 251,421,265,450,4 328,421,343,457,4
/data/user7/wt/datasets/M3FD/M3FD/VOCdevkit/VOC2007/JPEGImages/01220.jpg 472,443,486,488,4 482,445,497,490,4 636,466,678,501,1 653,445,664,463,2 588,473,617,496,1 710,469,719,493,4
/data/user7/wt/datasets/M3FD/M3FD/VOCdevkit/VOC2007/JPEGImages/01221.jpg 632,468,672,498,1 587,474,618,496,1 472,445,491,490,4 483,446,499,490,4 655,446,664,463,2 708,471,717,491,4
/data/user7/wt/datasets/M3FD/M3FD/VOCdevkit/VOC2007/JPEGImages/01222.jpg 473,436,490,478,4 488,434,499,481,4 627,457,664,486,1 587,461,618,484,1 652,434,661,452,2 700,459,711,480,4
/data/user7/wt/datasets/M3FD/M3FD/VOCdevkit/VOC2007/JPEGImages/01223.jpg 599,365,612,391,2 404,370,418,398,2 740,375,1024,589,1 634,422,755,513,1 256,425,271,453,4 333,430,344,455,4 517,430,530,463,4 479,428,492,462,4 515,439,530,464,3 477,437,491,462,3 273,433,307,457,1 312,431,350,457,1 314,433,415,474,1 327,416,392,439,1 288,408,337,426,1 257,405,283,427,1 218,422,248,443,1 434,424,471,458,1 531,420,564,446,1 492,425,523,454,1 505,417,524,431,1 529,415,543,425,1 445,418,461,430,1 422,416,429,432,4 429,413,437,431,4
/data/user7/wt/datasets/M3FD/M3FD/VOCdevkit/VOC2007/JPEGImages/01224.jpg 904,431,970,452,1 696,389,927,557,1 621,427,720,512,1 595,371,607,393,2 406,373,419,402,2 515,434,527,465,4 478,435,491,451,4 264,430,274,453,4 514,444,527,469,3 476,443,490,467,3 527,429,553,449,1 490,429,518,459,1 433,435,468,462,1 443,422,459,435,1 460,423,479,437,1 501,421,522,440,1 315,434,363,460,1 260,447,333,474,1 331,422,395,454,1 257,412,278,430,1 292,413,336,430,1 254,433,264,452,4 331,430,344,462,4 421,420,428,438,4 429,418,437,434,4
/data/user7/wt/datasets/M3FD/M3FD/VOCdevkit/VOC2007/JPEGImages/01225.jpg 844,435,909,470,1 618,431,704,507,1 675,405,863,544,1 281,442,316,464,1 335,438,366,463,1 342,427,398,458,1 262,415,295,434,1 298,417,341,434,1 437,438,471,464,1 527,431,552,450,1 447,426,463,437,1 517,438,531,464,4 481,440,495,463,4 480,449,495,470,3 518,447,529,470,3 597,373,607,399,2 409,377,422,406,2 495,433,519,461,1 502,424,520,435,1 528,422,544,431,1 392,444,402,470,4 392,455,401,474,3 335,433,346,464,4 271,432,280,459,4 426,423,431,441,4 432,420,440,438,4
/data/user7/wt/datasets/M3FD/M3FD/VOCdevkit/VOC2007/JPEGImages/01226.jpg 800,436,843,469,1 660,410,815,532,1 614,431,681,507,1 601,378,610,401,2 418,379,430,406,2 487,438,500,453,4 523,437,533,456,4 399,440,411,468,4 522,447,533,467,3 487,445,501,467,3 398,451,409,471,3 500,431,525,459,1 529,430,553,448,1 504,422,522,433,1 532,419,547,430,1 292,439,326,459,1 337,435,377,459,1 352,424,405,454,1 272,413,300,431,1 303,414,345,431,1 441,431,478,461,1 450,420,467,432,1 431,421,439,439,4 436,419,444,436,4 707,399,718,413,2
/data/user7/wt/datasets/M3FD/M3FD/VOCdevkit/VOC2007/JPEGImages/01228.jpg 168,409,301,486,1 396,411,448,465,1 420,384,622,531,1 797,406,805,423,4 803,385,937,457,5 751,375,761,399,2
/data/user7/wt/datasets/M3FD/M3FD/VOCdevkit/VOC2007/JPEGImages/01229.jpg 792,392,927,461,5 405,408,454,470,1 143,410,294,493,1 416,384,624,535,1 758,378,768,401,2
/data/user7/wt/datasets/M3FD/M3FD/VOCdevkit/VOC2007/JPEGImages/01230.jpg 112,404,277,495,1 405,380,621,534,1 782,388,910,456,5 759,374,769,399,2
/data/user7/wt/datasets/M3FD/M3FD/VOCdevkit/VOC2007/JPEGImages/01231.jpg 59,401,250,501,1 374,377,598,541,1 760,392,879,451,5 748,380,757,400,2
/data/user7/wt/datasets/M3FD/M3FD/VOCdevkit/VOC2007/JPEGImages/01235.jpg 685,403,778,450,5 486,393,553,470,1 268,378,520,550,1 1,399,89,527,1 708,389,716,403,2 941,372,951,391,2
/data/user7/wt/datasets/M3FD/M3FD/VOCdevkit/VOC2007/JPEGImages/01237.jpg 662,414,743,452,5 459,397,535,475,1 239,387,489,558,1 687,403,697,416,2
/data/user7/wt/datasets/M3FD/M3FD/VOCdevkit/VOC2007/JPEGImages/01238.jpg 647,416,731,455,5 449,395,529,475,1 227,384,478,555,1 679,401,688,415,2
/data/user7/wt/datasets/M3FD/M3FD/VOCdevkit/VOC2007/JPEGImages/01240.jpg 630,415,709,451,5 435,392,522,483,1 199,386,459,552,1 674,406,685,417,2
/data/user7/wt/datasets/M3FD/M3FD/VOCdevkit/VOC2007/JPEGImages/01241.jpg 619,416,690,448,5 174,385,442,550,1 423,389,515,479,1 668,409,678,418,2
/data/user7/wt/datasets/M3FD/M3FD/VOCdevkit/VOC2007/JPEGImages/01242.jpg 146,385,428,555,1 413,389,508,480,1 506,428,528,451,1 613,418,685,451,5 663,406,671,419,2
/data/user7/wt/datasets/M3FD/M3FD/VOCdevkit/VOC2007/JPEGImages/01243.jpg 482,433,511,458,1 275,414,321,468,1 307,385,451,509,1 1,378,234,617,1
/data/user7/wt/datasets/M3FD/M3FD/VOCdevkit/VOC2007/JPEGImages/01244.jpg 1,374,197,635,1 287,382,436,502,1 267,416,296,473,1 474,431,507,464,1
/data/user7/wt/datasets/M3FD/M3FD/VOCdevkit/VOC2007/JPEGImages/01245.jpg 1,371,143,610,1 259,384,427,518,1 423,429,448,461,1 469,437,502,465,1
/data/user7/wt/datasets/M3FD/M3FD/VOCdevkit/VOC2007/JPEGImages/01246.jpg 1,387,92,623,1 235,376,418,525,1 413,426,445,457,1 467,432,499,458,1
/data/user7/wt/datasets/M3FD/M3FD/VOCdevkit/VOC2007/JPEGImages/01247.jpg 468,430,504,456,1 417,425,449,452,1 213,371,410,524,1
/data/user7/wt/datasets/M3FD/M3FD/VOCdevkit/VOC2007/JPEGImages/01248.jpg 1,399,74,480,1 187,369,404,528,1 420,428,453,457,1 472,431,506,459,1
/data/user7/wt/datasets/M3FD/M3FD/VOCdevkit/VOC2007/JPEGImages/01249.jpg 1,398,115,477,1 150,363,397,537,1 422,424,456,451,1 473,428,511,456,1
/data/user7/wt/datasets/M3FD/M3FD/VOCdevkit/VOC2007/JPEGImages/01250.jpg 41,403,131,469,1 110,359,382,551,1 475,424,512,458,1 426,423,459,453,1
/data/user7/wt/datasets/M3FD/M3FD/VOCdevkit/VOC2007/JPEGImages/01251.jpg 63,362,366,574,1 476,433,515,464,1 426,432,459,459,1
/data/user7/wt/datasets/M3FD/M3FD/VOCdevkit/VOC2007/JPEGImages/01252.jpg 1,348,346,583,1 428,425,460,452,1 472,425,516,460,1
/data/user7/wt/datasets/M3FD/M3FD/VOCdevkit/VOC2007/JPEGImages/01253.jpg 1,330,317,600,1 429,420,463,446,1 475,419,515,455,1
/data/user7/wt/datasets/M3FD/M3FD/VOCdevkit/VOC2007/JPEGImages/01254.jpg 277,413,328,481,1 431,425,464,452,1 472,424,517,460,1 1,322,288,638,1
/data/user7/wt/datasets/M3FD/M3FD/VOCdevkit/VOC2007/JPEGImages/01255.jpg 1,287,238,698,1 230,408,323,473,1 470,416,516,455,1 433,418,468,451,1
/data/user7/wt/datasets/M3FD/M3FD/VOCdevkit/VOC2007/JPEGImages/01257.jpg 1,328,86,694,1 206,408,308,473,1 432,416,458,453,1 453,414,504,454,1
/data/user7/wt/datasets/M3FD/M3FD/VOCdevkit/VOC2007/JPEGImages/01258.jpg 196,403,300,467,1 427,409,451,447,1 438,407,491,449,1
/data/user7/wt/datasets/M3FD/M3FD/VOCdevkit/VOC2007/JPEGImages/01259.jpg 187,403,292,469,1 423,407,480,451,1
/data/user7/wt/datasets/M3FD/M3FD/VOCdevkit/VOC2007/JPEGImages/01260.jpg 183,399,288,464,1 276,402,306,439,1 408,400,471,449,1 468,410,497,443,1
/data/user7/wt/datasets/M3FD/M3FD/VOCdevkit/VOC2007/JPEGImages/01262.jpg 444,414,466,447,1 482,422,509,445,1 377,410,451,464,1 168,410,280,476,1 283,411,327,448,1
/data/user7/wt/datasets/M3FD/M3FD/VOCdevkit/VOC2007/JPEGImages/01263.jpg 643,390,799,478,5 789,416,856,464,1 136,401,302,522,1 107,416,162,469,1 1,419,56,473,1 605,432,639,449,1 494,382,509,401,2 801,362,817,386,2 552,424,580,444,1 517,423,551,446,1
/data/user7/wt/datasets/M3FD/M3FD/VOCdevkit/VOC2007/JPEGImages/01264.jpg 925,409,935,440,4 640,413,649,429,4 708,417,716,436,4 720,381,882,470,5 868,414,917,461,1 261,397,431,526,1 227,416,285,471,1 101,406,172,487,1 1,356,117,585,1 597,374,610,401,2 904,353,918,383,2 643,423,678,443,1 704,430,723,448,1 609,422,637,442,1
/data/user7/wt/datasets/M3FD/M3FD/VOCdevkit/VOC2007/JPEGImages/01265.jpg 1,336,147,609,1 139,410,230,486,1 293,413,351,472,1 329,397,506,529,1 759,383,917,472,5 979,411,989,439,4 696,412,703,430,4 653,422,679,442,1 654,376,665,400,2 701,422,735,445,1 962,351,974,385,2 608,420,628,432,1
/data/user7/wt/datasets/M3FD/M3FD/VOCdevkit/VOC2007/JPEGImages/01266.jpg 774,383,933,462,5 364,388,550,524,1 332,412,391,467,1 141,413,259,481,1 1,314,141,594,1 1011,405,1021,435,4 733,410,740,426,4 994,350,1007,382,2 689,374,699,397,2 738,420,770,439,1 677,420,705,437,1 642,416,663,431,1
/data/user7/wt/datasets/M3FD/M3FD/VOCdevkit/VOC2007/JPEGImages/01267.jpg 295,393,738,604,0
/data/user7/wt/datasets/M3FD/M3FD/VOCdevkit/VOC2007/JPEGImages/01268.jpg 698,414,869,523,1 520,420,598,486,1 665,424,717,470,1 613,427,655,462,1 865,424,878,455,4 978,432,1024,496,1 979,345,999,388,2 710,341,727,382,2 209,150,273,255,2 350,230,378,297,2
/data/user7/wt/datasets/M3FD/M3FD/VOCdevkit/VOC2007/JPEGImages/01270.jpg 320,241,358,310,2 932,338,955,388,2 520,415,595,482,1 612,416,649,454,1 659,416,720,462,1 713,399,916,523,1 873,416,953,473,1 598,416,616,443,1 692,335,710,373,2
/data/user7/wt/datasets/M3FD/M3FD/VOCdevkit/VOC2007/JPEGImages/01271.jpg 515,424,596,497,1 602,429,644,470,1 593,431,609,456,1 655,431,717,481,1 711,428,734,451,1 739,402,1012,559,1 675,365,689,396,2 895,360,911,401,2 959,425,1022,476,1 471,405,480,425,2
/data/user7/wt/datasets/M3FD/M3FD/VOCdevkit/VOC2007/JPEGImages/01272.jpg 880,344,900,386,2 670,343,686,375,2 518,409,594,477,1 521,406,531,423,4 604,414,646,451,1 648,412,716,465,1 761,381,1024,554,1 705,412,724,433,1 472,381,483,402,2
/data/user7/wt/datasets/M3FD/M3FD/VOCdevkit/VOC2007/JPEGImages/01273.jpg 516,412,599,489,1 605,416,643,455,1 647,415,714,469,1 801,384,1022,581,1 804,414,814,439,4 744,421,789,457,1 668,360,682,388,2 868,356,890,393,2
/data/user7/wt/datasets/M3FD/M3FD/VOCdevkit/VOC2007/JPEGImages/01275.jpg 509,411,599,491,1 602,416,643,455,1 644,416,709,470,1 704,416,732,444,1 730,420,767,450,1 774,412,786,437,4 787,420,835,452,1 832,364,844,396,2 651,370,662,397,2 474,389,486,409,2
/data/user7/wt/datasets/M3FD/M3FD/VOCdevkit/VOC2007/JPEGImages/01276.jpg 170,386,611,591,0
/data/user7/wt/datasets/M3FD/M3FD/VOCdevkit/VOC2007/JPEGImages/01277.jpg 502,393,596,480,1 600,405,641,441,1 640,405,704,457,1 703,401,741,432,1 767,405,807,436,1 763,397,773,420,4 640,357,654,383,2 947,379,964,415,2 472,378,483,397,2
/data/user7/wt/datasets/M3FD/M3FD/VOCdevkit/VOC2007/JPEGImages/01279.jpg 500,400,601,494,1 603,410,641,447,1 639,409,707,468,1 588,409,608,428,1 630,360,644,386,2 790,359,806,396,2 472,380,484,404,2 907,389,919,418,2
/data/user7/wt/datasets/M3FD/M3FD/VOCdevkit/VOC2007/JPEGImages/01280.jpg 499,395,601,490,1 587,401,607,425,1 596,405,640,441,1 634,401,709,462,1 709,401,761,439,1 780,355,794,386,2 891,383,904,409,2 624,356,639,382,2 474,378,483,397,2
/data/user7/wt/datasets/M3FD/M3FD/VOCdevkit/VOC2007/JPEGImages/01281.jpg 475,382,485,398,2 764,362,778,388,2 622,357,632,381,2 869,389,880,409,2 497,402,602,488,1 639,405,716,470,1 603,412,640,445,1
/data/user7/wt/datasets/M3FD/M3FD/VOCdevkit/VOC2007/JPEGImages/01282.jpg 474,401,486,420,2 617,375,629,399,2 756,386,771,413,2 642,424,721,486,1 496,415,610,513,1 606,424,648,462,1 590,419,609,444,1 886,423,973,473,1 858,411,867,428,2
/data/user7/wt/datasets/M3FD/M3FD/VOCdevkit/VOC2007/JPEGImages/01283.jpg 494,374,613,476,1 646,381,726,447,1 606,385,649,426,1 594,385,612,405,1 477,359,486,378,2 616,341,627,364,2 752,348,764,375,2 828,381,910,429,1 849,374,859,390,2
/data/user7/wt/datasets/M3FD/M3FD/VOCdevkit/VOC2007/JPEGImages/01284.jpg 55,378,487,577,0 870,232,937,342,2
/data/user7/wt/datasets/M3FD/M3FD/VOCdevkit/VOC2007/JPEGImages/01286.jpg 502,385,628,489,1 617,395,655,433,1 660,390,752,460,1 747,394,783,425,1 912,397,923,429,4 482,374,491,389,2 613,357,623,377,2 739,363,749,386,2
/data/user7/wt/datasets/M3FD/M3FD/VOCdevkit/VOC2007/JPEGImages/01287.jpg 504,404,632,511,1 615,412,658,453,1 666,406,759,482,1 899,418,913,447,4 973,369,1021,466,0 482,391,493,409,2 610,380,621,400,2 734,382,746,403,2
/data/user7/wt/datasets/M3FD/M3FD/VOCdevkit/VOC2007/JPEGImages/01288.jpg 505,393,637,505,1 619,405,662,444,1 675,398,787,474,1 861,356,1024,453,0 724,371,736,391,2 609,365,618,387,2 488,382,495,400,2 805,391,813,406,2
/data/user7/wt/datasets/M3FD/M3FD/VOCdevkit/VOC2007/JPEGImages/01289.jpg 505,397,641,509,1 678,399,798,482,1 622,407,663,449,1 723,371,735,394,2 607,366,619,389,2 836,365,979,453,0 800,395,808,408,2
/data/user7/wt/datasets/M3FD/M3FD/VOCdevkit/VOC2007/JPEGImages/01290.jpg 503,402,644,520,1 620,412,667,459,1 690,404,810,487,1 805,378,924,453,0 605,376,616,397,2 488,388,498,409,2 793,404,800,416,2
/data/user7/wt/datasets/M3FD/M3FD/VOCdevkit/VOC2007/JPEGImages/01291.jpg 493,392,501,407,2 511,394,649,516,1 705,394,845,494,1 777,384,846,412,0 631,407,671,455,1 692,404,700,423,4 605,378,614,394,2
/data/user7/wt/datasets/M3FD/M3FD/VOCdevkit/VOC2007/JPEGImages/01292.jpg 512,384,652,503,1 633,398,671,444,1 711,386,861,489,1 688,393,695,409,4 494,381,503,394,2 603,369,612,383,2
/data/user7/wt/datasets/M3FD/M3FD/VOCdevkit/VOC2007/JPEGImages/01293.jpg 4,390,338,580,0 695,274,758,362,2
/data/user7/wt/datasets/M3FD/M3FD/VOCdevkit/VOC2007/JPEGImages/01294.jpg 520,397,658,515,1 724,390,883,503,1 636,409,678,457,1 601,384,612,396,2 498,394,505,407,2
/data/user7/wt/datasets/M3FD/M3FD/VOCdevkit/VOC2007/JPEGImages/01295.jpg 1,396,219,543,0 555,306,617,393,2 911,507,923,530,4 923,506,932,531,4 978,481,1023,621,1 942,508,951,526,4
/data/user7/wt/datasets/M3FD/M3FD/VOCdevkit/VOC2007/JPEGImages/01296.jpg 840,495,995,623,1 976,500,1023,561,1 798,508,809,532,4 809,512,815,531,4 831,511,838,525,4 816,510,821,531,4 820,506,824,523,4 457,321,515,399,2 1,403,118,508,0
/data/user7/wt/datasets/M3FD/M3FD/VOCdevkit/VOC2007/JPEGImages/01297.jpg 693,509,702,530,4 703,511,710,532,4 711,506,718,519,4 722,495,857,608,1 723,510,730,519,4 860,504,932,564,1 954,483,1024,597,1 368,325,416,406,2
/data/user7/wt/datasets/M3FD/M3FD/VOCdevkit/VOC2007/JPEGImages/01298.jpg 620,509,629,533,4 306,344,348,415,2 630,513,635,533,4 637,510,642,521,4 636,496,764,609,1 775,506,850,564,1 854,494,1021,600,1
/data/user7/wt/datasets/M3FD/M3FD/VOCdevkit/VOC2007/JPEGImages/01299.jpg 596,500,715,605,1 735,505,806,561,1 803,497,957,596,1 581,511,593,532,4 591,511,598,522,4 598,509,607,522,4 286,352,325,413,2
/data/user7/wt/datasets/M3FD/M3FD/VOCdevkit/VOC2007/JPEGImages/01300.jpg 59,355,112,453,4 228,382,269,447,4 120,362,166,509,4 217,381,541,573,1 511,412,582,482,1 582,387,784,533,1 754,409,856,517,1 920,385,964,507,4 954,379,1021,490,1
/data/user7/wt/datasets/M3FD/M3FD/VOCdevkit/VOC2007/JPEGImages/01301.jpg 217,94,256,227,4 304,83,358,299,4
/data/user7/wt/datasets/M3FD/M3FD/VOCdevkit/VOC2007/JPEGImages/01302.jpg 216,95,249,229,4 268,86,326,298,4
/data/user7/wt/datasets/M3FD/M3FD/VOCdevkit/VOC2007/JPEGImages/01303.jpg 242,92,313,297,4 218,94,250,228,4
/data/user7/wt/datasets/M3FD/M3FD/VOCdevkit/VOC2007/JPEGImages/01304.jpg 203,89,291,293,4
/data/user7/wt/datasets/M3FD/M3FD/VOCdevkit/VOC2007/JPEGImages/01305.jpg 178,88,244,290,4 222,94,251,229,4
/data/user7/wt/datasets/M3FD/M3FD/VOCdevkit/VOC2007/JPEGImages/01306.jpg 174,90,233,289,4 217,95,253,227,4
/data/user7/wt/datasets/M3FD/M3FD/VOCdevkit/VOC2007/JPEGImages/01308.jpg 137,89,204,277,4 213,93,251,226,4
/data/user7/wt/datasets/M3FD/M3FD/VOCdevkit/VOC2007/JPEGImages/01309.jpg 129,93,206,277,4 207,93,244,224,4
/data/user7/wt/datasets/M3FD/M3FD/VOCdevkit/VOC2007/JPEGImages/01311.jpg 113,97,180,265,4 181,96,222,229,4
/data/user7/wt/datasets/M3FD/M3FD/VOCdevkit/VOC2007/JPEGImages/01312.jpg 218,95,252,229,4 304,83,361,299,4
/data/user7/wt/datasets/M3FD/M3FD/VOCdevkit/VOC2007/JPEGImages/01313.jpg 99,99,156,266,4 173,103,221,229,4
/data/user7/wt/datasets/M3FD/M3FD/VOCdevkit/VOC2007/JPEGImages/01314.jpg 85,106,133,261,4 162,97,204,228,4
/data/user7/wt/datasets/M3FD/M3FD/VOCdevkit/VOC2007/JPEGImages/01317.jpg 218,96,250,230,4 302,84,362,300,4
/data/user7/wt/datasets/M3FD/M3FD/VOCdevkit/VOC2007/JPEGImages/01318.jpg 301,83,360,301,4 216,94,251,228,4
/data/user7/wt/datasets/M3FD/M3FD/VOCdevkit/VOC2007/JPEGImages/01321.jpg 1,108,20,244,4 72,112,119,247,4 134,92,218,263,4 192,117,242,247,4
/data/user7/wt/datasets/M3FD/M3FD/VOCdevkit/VOC2007/JPEGImages/01322.jpg 1,111,45,241,4 35,116,83,252,4 177,90,234,262,4
/data/user7/wt/datasets/M3FD/M3FD/VOCdevkit/VOC2007/JPEGImages/01323.jpg 11,115,54,255,4 152,116,206,245,4 185,92,252,263,4 23,114,71,240,4
/data/user7/wt/datasets/M3FD/M3FD/VOCdevkit/VOC2007/JPEGImages/01324.jpg 1,114,35,257,4 42,109,84,234,4 142,116,182,246,4 231,97,282,264,4
/data/user7/wt/datasets/M3FD/M3FD/VOCdevkit/VOC2007/JPEGImages/01325.jpg 59,116,92,233,4 110,118,175,246,4 244,96,318,260,4
/data/user7/wt/datasets/M3FD/M3FD/VOCdevkit/VOC2007/JPEGImages/01326.jpg 299,85,360,299,4 217,95,249,228,4
/data/user7/wt/datasets/M3FD/M3FD/VOCdevkit/VOC2007/JPEGImages/01327.jpg 100,116,139,244,4 286,92,347,264,4 72,121,99,227,4
/data/user7/wt/datasets/M3FD/M3FD/VOCdevkit/VOC2007/JPEGImages/01329.jpg 126,100,175,229,4 328,89,403,265,4 58,126,88,240,4
/data/user7/wt/datasets/M3FD/M3FD/VOCdevkit/VOC2007/JPEGImages/01330.jpg 21,122,78,242,4 144,99,206,228,4 333,85,414,265,4
/data/user7/wt/datasets/M3FD/M3FD/VOCdevkit/VOC2007/JPEGImages/01332.jpg 1,121,32,242,4 195,97,246,225,4 320,86,382,266,4
/data/user7/wt/datasets/M3FD/M3FD/VOCdevkit/VOC2007/JPEGImages/01335.jpg 387,479,395,500,4 579,488,588,507,4 588,488,599,508,4 603,489,613,509,4 692,492,700,514,4 698,493,709,515,4 717,493,727,513,4 1011,505,1021,526,4 940,502,948,521,4 813,500,822,518,4
/data/user7/wt/datasets/M3FD/M3FD/VOCdevkit/VOC2007/JPEGImages/01336.jpg 1017,506,1024,521,4 946,502,954,523,4 716,493,723,512,4 685,493,693,512,4 691,493,701,513,4 596,489,604,508,4 582,490,591,509,4 384,483,392,501,4 819,499,829,518,4 574,489,581,508,4
/data/user7/wt/datasets/M3FD/M3FD/VOCdevkit/VOC2007/JPEGImages/01337.jpg 951,502,960,522,4 824,499,833,519,4 709,492,720,513,4 679,492,690,512,4 687,492,697,513,4 591,489,599,508,4 568,489,577,507,4 574,488,588,508,4 378,483,385,500,4
/data/user7/wt/datasets/M3FD/M3FD/VOCdevkit/VOC2007/JPEGImages/01338.jpg 372,481,382,500,4 956,501,964,523,4 830,501,839,520,4 825,500,834,521,4 81,454,89,469,4 564,488,570,508,4 572,490,581,508,4 585,489,596,508,4 676,492,683,512,4 683,493,693,512,4 704,493,716,513,4
/data/user7/wt/datasets/M3FD/M3FD/VOCdevkit/VOC2007/JPEGImages/01339.jpg 367,480,376,500,4 963,504,971,523,4 830,502,838,519,4 834,501,844,520,4 559,488,566,506,4 566,489,576,507,4 579,488,590,508,4 669,492,677,512,4 677,491,687,513,4 699,492,710,513,4
/data/user7/wt/datasets/M3FD/M3FD/VOCdevkit/VOC2007/JPEGImages/01342.jpg 350,482,360,500,4 846,501,854,519,4 851,501,860,520,4 976,503,986,524,4 64,453,74,471,4 542,487,550,506,4 549,487,558,506,4 564,490,573,508,4 653,492,661,511,4 661,490,672,511,4 685,492,697,512,4
/data/user7/wt/datasets/M3FD/M3FD/VOCdevkit/VOC2007/JPEGImages/01343.jpg 345,480,355,499,4 851,500,857,521,4 854,499,864,522,4 982,504,992,525,4 60,455,69,470,4 558,487,568,507,4 544,487,554,507,4 536,487,546,508,4 647,491,657,511,4 656,491,667,512,4 680,491,692,513,4
/data/user7/wt/datasets/M3FD/M3FD/VOCdevkit/VOC2007/JPEGImages/01344.jpg 342,479,352,499,4 855,501,863,519,4 859,501,869,520,4 986,504,998,525,4 554,487,563,507,4 538,488,549,507,4 532,488,540,506,4 645,491,653,511,4 676,491,686,511,4 653,490,662,511,4
/data/user7/wt/datasets/M3FD/M3FD/VOCdevkit/VOC2007/JPEGImages/01345.jpg 335,479,344,498,4 992,503,1002,525,4 861,501,869,520,4 865,501,876,521,4 52,454,61,472,4 547,488,556,507,4 533,488,542,506,4 525,487,534,506,4 670,492,681,511,4 648,491,659,510,4 637,491,648,511,4
/data/user7/wt/datasets/M3FD/M3FD/VOCdevkit/VOC2007/JPEGImages/01346.jpg 329,477,339,498,4 998,504,1008,523,4 866,503,874,521,4 871,501,881,521,4 46,455,55,472,4 541,489,551,507,4 526,488,536,506,4 520,488,529,506,4 632,491,642,511,4 642,491,653,512,4 666,491,677,511,4
/data/user7/wt/datasets/M3FD/M3FD/VOCdevkit/VOC2007/JPEGImages/01348.jpg 320,476,330,498,4 1008,505,1017,526,4 876,501,885,520,4 881,499,891,521,4 40,453,49,471,4 510,486,518,505,4 517,487,525,505,4 531,487,540,506,4 622,490,632,511,4 632,491,645,511,4 655,490,667,511,4
/data/user7/wt/datasets/M3FD/M3FD/VOCdevkit/VOC2007/JPEGImages/01349.jpg 316,474,326,496,4 1012,505,1022,524,4 882,502,890,519,4 886,501,896,521,4 34,454,44,473,4 505,486,513,507,4 511,487,519,507,4 525,487,535,506,4 616,489,626,510,4 627,490,639,511,4 650,492,661,511,4
/data/user7/wt/datasets/M3FD/M3FD/VOCdevkit/VOC2007/JPEGImages/01351.jpg 307,472,318,496,4 897,500,907,520,4 892,501,901,521,4 24,452,34,472,4 494,487,502,505,4 500,487,509,505,4 507,489,514,505,4 515,486,524,505,4 607,490,617,510,4 617,490,629,510,4 642,491,653,511,4
/data/user7/wt/datasets/M3FD/M3FD/VOCdevkit/VOC2007/JPEGImages/01352.jpg 301,478,310,496,4 902,500,913,520,4 898,500,907,521,4 488,485,496,505,4 497,485,506,505,4 508,487,518,506,4 602,491,611,509,4 614,490,623,510,4 637,491,648,512,4
/data/user7/wt/datasets/M3FD/M3FD/VOCdevkit/VOC2007/JPEGImages/01353.jpg 297,478,306,496,4 907,499,917,520,4 902,502,910,521,4 483,486,490,505,4 491,485,499,505,4 504,487,513,505,4 599,489,607,510,4 610,489,618,510,4 633,490,643,510,4
/data/user7/wt/datasets/M3FD/M3FD/VOCdevkit/VOC2007/JPEGImages/01354.jpg 291,476,301,496,4 913,503,921,520,4 907,503,915,521,4 477,486,485,504,4 485,485,494,504,4 592,488,601,509,4 603,490,614,510,4 627,488,639,511,4
/data/user7/wt/datasets/M3FD/M3FD/VOCdevkit/VOC2007/JPEGImages/01355.jpg 288,474,297,496,4 918,505,927,520,4 913,504,921,521,4 471,485,481,504,4 480,485,490,505,4 492,485,501,505,4 585,487,595,508,4 597,488,607,509,4 622,490,633,510,4
/data/user7/wt/datasets/M3FD/M3FD/VOCdevkit/VOC2007/JPEGImages/01356.jpg 283,477,293,495,4 922,503,931,522,4 918,504,926,522,4 468,486,477,504,4 476,486,486,504,4 488,485,498,505,4 582,490,591,508,4 593,490,604,508,4 618,490,629,510,4
/data/user7/wt/datasets/M3FD/M3FD/VOCdevkit/VOC2007/JPEGImages/01358.jpg 275,474,284,495,4 931,503,941,522,4 927,503,937,523,4 456,484,464,504,4 463,483,475,505,4 477,485,487,505,4 571,488,580,508,4 582,488,592,509,4 607,489,618,510,4
/data/user7/wt/datasets/M3FD/M3FD/VOCdevkit/VOC2007/JPEGImages/01359.jpg 270,475,278,494,4 939,502,947,521,4 934,503,942,522,4 449,483,457,503,4 458,482,468,504,4 470,484,483,505,4 566,488,575,508,4 578,488,587,508,4 602,488,613,509,4
/data/user7/wt/datasets/M3FD/M3FD/VOCdevkit/VOC2007/JPEGImages/01360.jpg 265,475,275,492,4 942,503,951,521,4 939,503,947,522,4 446,485,454,504,4 455,485,464,504,4 467,484,477,504,4 560,487,570,507,4 573,487,586,508,4 598,490,608,508,4
/data/user7/wt/datasets/M3FD/M3FD/VOCdevkit/VOC2007/JPEGImages/01361.jpg 261,471,270,493,4 948,502,958,521,4 942,503,951,522,4 441,483,449,503,4 447,483,457,504,4 461,485,469,503,4 555,485,565,507,4 568,487,579,508,4 592,488,603,508,4
/data/user7/wt/datasets/M3FD/M3FD/VOCdevkit/VOC2007/JPEGImages/01363.jpg 251,474,260,493,4 958,502,968,521,4 951,502,961,522,4 545,488,556,507,4 559,488,570,508,4 584,489,596,508,4 436,484,446,502,4 449,485,459,503,4 430,485,439,503,4
/data/user7/wt/datasets/M3FD/M3FD/VOCdevkit/VOC2007/JPEGImages/01364.jpg 247,474,256,492,4 964,502,973,521,4 956,503,965,521,4 423,482,431,502,4 431,481,443,503,4 445,483,455,503,4 542,486,551,507,4 553,485,563,507,4 580,488,591,508,4
/data/user7/wt/datasets/M3FD/M3FD/VOCdevkit/VOC2007/JPEGImages/01365.jpg 243,473,252,491,4 969,501,979,522,4 962,503,971,523,4 420,482,428,502,4 426,481,435,503,4 439,484,449,503,4 537,486,546,506,4 547,486,558,507,4 573,488,585,509,4
/data/user7/wt/datasets/M3FD/M3FD/VOCdevkit/VOC2007/JPEGImages/01366.jpg 240,473,248,492,4 973,502,984,523,4 966,503,975,524,4 421,483,430,502,4 435,483,444,503,4 532,487,541,506,4 545,488,556,507,4 571,487,582,508,4
/data/user7/wt/datasets/M3FD/M3FD/VOCdevkit/VOC2007/JPEGImages/01367.jpg 234,468,246,491,4 978,502,991,523,4 972,503,981,525,4 526,485,535,506,4 539,486,548,507,4 566,487,576,508,4 410,482,418,502,4 429,483,438,502,4
/data/user7/wt/datasets/M3FD/M3FD/VOCdevkit/VOC2007/JPEGImages/01369.jpg 225,471,234,490,4 987,502,999,524,4 980,504,990,524,4 516,486,525,505,4 529,486,541,507,4 557,484,568,508,4 403,482,413,502,4 417,483,426,502,4
/data/user7/wt/datasets/M3FD/M3FD/VOCdevkit/VOC2007/JPEGImages/01370.jpg 222,472,230,489,4 993,504,1005,524,4 987,506,996,524,4 512,485,520,506,4 523,486,534,506,4 552,485,561,507,4 400,482,409,501,4 411,481,421,501,4
/data/user7/wt/datasets/M3FD/M3FD/VOCdevkit/VOC2007/JPEGImages/01371.jpg 216,470,226,491,4 999,501,1009,526,4 991,502,1000,526,4 505,485,516,506,4 518,486,531,507,4 546,486,556,507,4 390,481,401,504,4 407,481,418,502,4
/data/user7/wt/datasets/M3FD/M3FD/VOCdevkit/VOC2007/JPEGImages/01372.jpg 211,468,222,490,4 1002,504,1014,525,4 996,506,1005,526,4 498,485,511,507,4 514,485,525,507,4 541,485,553,506,4 388,483,398,502,4 408,482,419,502,4
/data/user7/wt/datasets/M3FD/M3FD/VOCdevkit/VOC2007/JPEGImages/01375.jpg 1019,505,1024,525,4 1012,508,1020,525,4 486,485,495,505,4 503,487,512,506,4 527,486,537,506,4 370,481,379,500,4 385,481,394,501,4
/data/user7/wt/datasets/M3FD/M3FD/VOCdevkit/VOC2007/JPEGImages/01377.jpg 477,485,486,505,4 487,486,494,504,4 494,486,502,505,4 517,486,526,506,4 360,480,370,499,4 372,480,382,500,4
/data/user7/wt/datasets/M3FD/M3FD/VOCdevkit/VOC2007/JPEGImages/01378.jpg 180,464,189,487,4 471,484,481,505,4 482,484,490,506,4 490,486,497,506,4 511,486,521,505,4 356,480,365,500,4 367,480,377,501,4
/data/user7/wt/datasets/M3FD/M3FD/VOCdevkit/VOC2007/JPEGImages/01380.jpg 462,484,472,506,4 472,483,480,504,4 479,486,489,505,4 503,486,514,506,4 347,477,356,499,4 358,477,368,499,4
/data/user7/wt/datasets/M3FD/M3FD/VOCdevkit/VOC2007/JPEGImages/01381.jpg 497,486,508,505,4 458,484,466,505,4 468,485,476,505,4 475,485,484,505,4 339,479,349,498,4 352,479,363,498,4
/data/user7/wt/datasets/M3FD/M3FD/VOCdevkit/VOC2007/JPEGImages/01382.jpg 160,464,170,483,4 455,483,463,505,4 463,483,470,505,4 468,482,478,505,4 495,483,505,506,4 336,481,344,499,4 348,481,358,499,4
/data/user7/wt/datasets/M3FD/M3FD/VOCdevkit/VOC2007/JPEGImages/01383.jpg 159,465,169,486,4 451,484,460,505,4 464,484,473,505,4 488,485,498,506,4 331,478,342,498,4 344,479,355,499,4
/data/user7/wt/datasets/M3FD/M3FD/VOCdevkit/VOC2007/JPEGImages/01384.jpg 153,463,164,485,4 455,482,466,505,4 483,484,495,505,4 326,477,336,497,4 338,478,347,498,4
/data/user7/wt/datasets/M3FD/M3FD/VOCdevkit/VOC2007/JPEGImages/01386.jpg 436,483,444,504,4 449,484,457,505,4 475,484,484,505,4 318,478,326,496,4 327,479,337,498,4
/data/user7/wt/datasets/M3FD/M3FD/VOCdevkit/VOC2007/JPEGImages/01387.jpg 431,482,439,502,4 440,483,448,503,4 469,484,481,505,4 312,478,321,496,4 323,478,333,496,4
/data/user7/wt/datasets/M3FD/M3FD/VOCdevkit/VOC2007/JPEGImages/01388.jpg 426,482,435,502,4 434,482,441,503,4 439,483,447,504,4 465,483,476,505,4 308,475,318,497,4 317,474,328,497,4
/data/user7/wt/datasets/M3FD/M3FD/VOCdevkit/VOC2007/JPEGImages/01389.jpg 421,482,429,501,4 429,482,438,502,4 457,482,468,503,4 303,477,312,497,4 313,476,323,498,4
/data/user7/wt/datasets/M3FD/M3FD/VOCdevkit/VOC2007/JPEGImages/01390.jpg 415,482,424,502,4 425,482,436,503,4 309,478,320,497,4 452,488,461,503,4
/data/user7/wt/datasets/M3FD/M3FD/VOCdevkit/VOC2007/JPEGImages/01391.jpg 454,483,463,503,4 411,483,420,502,4 421,483,430,502,4 293,477,302,497,4 304,477,313,497,4
/data/user7/wt/datasets/M3FD/M3FD/VOCdevkit/VOC2007/JPEGImages/01393.jpg 524,555,559,628,4 536,531,636,766,4 700,543,742,660,4
/data/user7/wt/datasets/M3FD/M3FD/VOCdevkit/VOC2007/JPEGImages/01394.jpg 505,551,561,632,4 566,538,709,768,4 712,545,785,660,4
/data/user7/wt/datasets/M3FD/M3FD/VOCdevkit/VOC2007/JPEGImages/01396.jpg 491,556,542,633,4 643,530,758,768,4 751,546,797,667,4
/data/user7/wt/datasets/M3FD/M3FD/VOCdevkit/VOC2007/JPEGImages/01398.jpg 459,555,500,651,4 799,547,844,662,4 713,521,840,752,4
/data/user7/wt/datasets/M3FD/M3FD/VOCdevkit/VOC2007/JPEGImages/01399.jpg 438,551,479,643,4 759,529,953,768,4
/data/user7/wt/datasets/M3FD/M3FD/VOCdevkit/VOC2007/JPEGImages/01400.jpg 430,553,464,639,4 859,548,892,605,4 850,531,1016,764,4
/data/user7/wt/datasets/M3FD/M3FD/VOCdevkit/VOC2007/JPEGImages/01401.jpg 417,552,453,636,4 876,552,924,708,4 831,529,1023,768,4
/data/user7/wt/datasets/M3FD/M3FD/VOCdevkit/VOC2007/JPEGImages/01402.jpg 399,555,432,636,4 898,548,974,711,4 946,528,1023,768,4
/data/user7/wt/datasets/M3FD/M3FD/VOCdevkit/VOC2007/JPEGImages/01403.jpg 374,557,423,645,4 932,551,998,714,4
/data/user7/wt/datasets/M3FD/M3FD/VOCdevkit/VOC2007/JPEGImages/01404.jpg 357,563,403,654,4 961,555,1024,723,4
/data/user7/wt/datasets/M3FD/M3FD/VOCdevkit/VOC2007/JPEGImages/01405.jpg 336,559,383,669,4 991,552,1024,715,4
/data/user7/wt/datasets/M3FD/M3FD/VOCdevkit/VOC2007/JPEGImages/01406.jpg 232,530,320,754,4 512,554,567,628,4 690,551,724,647,4
/data/user7/wt/datasets/M3FD/M3FD/VOCdevkit/VOC2007/JPEGImages/01407.jpg 328,558,368,665,4
/data/user7/wt/datasets/M3FD/M3FD/VOCdevkit/VOC2007/JPEGImages/01408.jpg 315,559,370,665,4
/data/user7/wt/datasets/M3FD/M3FD/VOCdevkit/VOC2007/JPEGImages/01409.jpg 320,562,363,666,4
/data/user7/wt/datasets/M3FD/M3FD/VOCdevkit/VOC2007/JPEGImages/01410.jpg 309,562,358,659,4
/data/user7/wt/datasets/M3FD/M3FD/VOCdevkit/VOC2007/JPEGImages/01411.jpg 297,563,345,663,4
/data/user7/wt/datasets/M3FD/M3FD/VOCdevkit/VOC2007/JPEGImages/01414.jpg 266,565,314,659,4
/data/user7/wt/datasets/M3FD/M3FD/VOCdevkit/VOC2007/JPEGImages/01416.jpg 268,560,304,664,4
/data/user7/wt/datasets/M3FD/M3FD/VOCdevkit/VOC2007/JPEGImages/01417.jpg 253,533,382,751,4 543,553,590,645,4 667,559,716,637,4
/data/user7/wt/datasets/M3FD/M3FD/VOCdevkit/VOC2007/JPEGImages/01418.jpg 264,530,389,751,4 559,555,617,638,4 644,553,697,636,4
/data/user7/wt/datasets/M3FD/M3FD/VOCdevkit/VOC2007/JPEGImages/01419.jpg 377,555,413,632,4 815,573,872,696,4 730,522,832,766,4
/data/user7/wt/datasets/M3FD/M3FD/VOCdevkit/VOC2007/JPEGImages/01420.jpg 383,554,424,629,4 710,531,804,757,4 789,547,845,688,4
/data/user7/wt/datasets/M3FD/M3FD/VOCdevkit/VOC2007/JPEGImages/01421.jpg 394,554,428,633,4 659,532,774,757,4 789,548,846,683,4
/data/user7/wt/datasets/M3FD/M3FD/VOCdevkit/VOC2007/JPEGImages/01423.jpg 413,555,451,630,4 578,541,691,751,4 788,549,839,686,4
/data/user7/wt/datasets/M3FD/M3FD/VOCdevkit/VOC2007/JPEGImages/01424.jpg 436,558,475,645,4 542,534,623,751,4 781,550,838,683,4
/data/user7/wt/datasets/M3FD/M3FD/VOCdevkit/VOC2007/JPEGImages/01426.jpg 347,532,495,762,4 605,558,658,632,4 630,551,661,633,4
/data/user7/wt/datasets/M3FD/M3FD/VOCdevkit/VOC2007/JPEGImages/01428.jpg 552,557,584,635,4 461,535,600,764,4 671,544,720,647,4
/data/user7/wt/datasets/M3FD/M3FD/VOCdevkit/VOC2007/JPEGImages/01429.jpg 722,525,760,650,4
/data/user7/wt/datasets/M3FD/M3FD/VOCdevkit/VOC2007/JPEGImages/01431.jpg 711,530,749,648,4 979,522,1022,663,4
/data/user7/wt/datasets/M3FD/M3FD/VOCdevkit/VOC2007/JPEGImages/01432.jpg 679,530,732,642,4 742,521,780,628,4 828,539,867,649,4 934,532,974,640,4
/data/user7/wt/datasets/M3FD/M3FD/VOCdevkit/VOC2007/JPEGImages/01434.jpg 535,534,578,628,4 688,528,724,622,4 815,520,868,629,4
/data/user7/wt/datasets/M3FD/M3FD/VOCdevkit/VOC2007/JPEGImages/01435.jpg 698,517,751,602,4 837,532,878,629,4
/data/user7/wt/datasets/M3FD/M3FD/VOCdevkit/VOC2007/JPEGImages/01436.jpg 717,502,763,635,4 831,529,866,628,4 678,536,704,636,4
/data/user7/wt/datasets/M3FD/M3FD/VOCdevkit/VOC2007/JPEGImages/01437.jpg 754,524,789,628,4 813,529,837,622,4
/data/user7/wt/datasets/M3FD/M3FD/VOCdevkit/VOC2007/JPEGImages/01438.jpg 478,519,523,613,4 527,520,569,610,4 683,518,720,621,4 720,528,747,636,4
/data/user7/wt/datasets/M3FD/M3FD/VOCdevkit/VOC2007/JPEGImages/01439.jpg 594,519,625,637,4 805,526,834,635,4
/data/user7/wt/datasets/M3FD/M3FD/VOCdevkit/VOC2007/JPEGImages/01440.jpg 574,520,613,628,4 773,530,791,613,4 813,530,871,637,4
/data/user7/wt/datasets/M3FD/M3FD/VOCdevkit/VOC2007/JPEGImages/01441.jpg 551,536,594,632,4 583,517,609,609,4 742,531,788,619,4 854,522,898,638,4
/data/user7/wt/datasets/M3FD/M3FD/VOCdevkit/VOC2007/JPEGImages/01442.jpg 519,532,602,629,4 585,524,621,611,4 738,527,767,602,4 864,520,937,635,4
/data/user7/wt/datasets/M3FD/M3FD/VOCdevkit/VOC2007/JPEGImages/01444.jpg 142,464,237,518,1 47,477,117,508,1 253,480,320,514,1 290,484,343,518,1 312,488,418,525,1 412,482,485,522,1 468,489,543,527,1 525,490,602,525,1 612,491,661,530,1 659,489,675,537,4 698,485,717,540,4 736,491,753,542,4 860,473,946,544,1 911,506,982,553,1 985,509,1023,558,1 750,495,799,527,1
/data/user7/wt/datasets/M3FD/M3FD/VOCdevkit/VOC2007/JPEGImages/01446.jpg 54,510,129,541,1 120,518,167,541,1 151,517,224,543,1 231,517,291,550,1 268,521,345,552,1 325,525,401,557,1 397,520,464,562,1 447,529,526,564,1 503,534,582,566,1 567,535,705,583,1 713,535,787,582,1 839,511,919,584,1 890,545,960,594,1 969,549,1024,602,1
/data/user7/wt/datasets/M3FD/M3FD/VOCdevkit/VOC2007/JPEGImages/01447.jpg 55,510,132,541,1 120,517,170,542,1 172,518,243,546,1 231,519,294,547,1 270,521,348,552,1 323,525,405,557,1 395,524,467,559,1 447,525,568,575,1 591,529,660,570,1 645,536,713,575,1 712,535,785,578,1 840,512,918,586,1 892,547,975,592,1 971,550,1024,601,1
/data/user7/wt/datasets/M3FD/M3FD/VOCdevkit/VOC2007/JPEGImages/01448.jpg 666,465,1020,578,0 42,483,118,522,1 141,474,257,529,1 290,494,367,522,1 349,496,424,529,1 422,496,485,531,1 469,497,544,537,1 524,500,602,538,1 611,502,667,541,1
/data/user7/wt/datasets/M3FD/M3FD/VOCdevkit/VOC2007/JPEGImages/01449.jpg 66,511,129,542,1 117,517,168,545,1 145,519,227,548,1 231,520,296,552,1 269,523,347,553,1 339,522,452,570,1 454,528,528,567,1 503,530,582,566,1 592,528,655,572,1 642,536,715,577,1 714,535,782,580,1 840,513,923,588,1 892,547,972,594,1 970,551,1023,603,1
/data/user7/wt/datasets/M3FD/M3FD/VOCdevkit/VOC2007/JPEGImages/01450.jpg 52,508,133,544,1 114,513,170,545,1 145,517,229,547,1 231,519,307,552,1 261,519,366,564,1 362,526,414,558,1 398,523,469,560,1 449,528,527,567,1 504,529,584,568,1 591,528,655,572,1 644,534,713,576,1 711,535,786,580,1 839,511,923,586,1 892,545,973,594,1 974,549,1024,604,1
/data/user7/wt/datasets/M3FD/M3FD/VOCdevkit/VOC2007/JPEGImages/01451.jpg 55,511,130,543,1 118,517,169,545,1 196,517,295,564,1 147,519,214,548,1 294,520,349,554,1 323,525,406,560,1 403,523,466,562,1 450,527,524,567,1 503,530,582,569,1 592,528,654,571,1 644,536,720,577,1 714,533,781,583,1 838,512,923,586,1 890,545,975,593,1 974,549,1023,608,1
/data/user7/wt/datasets/M3FD/M3FD/VOCdevkit/VOC2007/JPEGImages/01452.jpg 21,514,95,557,1 79,511,131,543,1 115,517,162,548,1 134,513,227,559,1 230,520,296,555,1 270,523,345,555,1 322,525,407,559,1 398,526,465,562,1 448,529,523,567,1 504,531,582,569,1 589,529,653,575,1 641,537,716,577,1 712,534,782,581,1 839,514,927,588,1 889,545,978,596,1 975,549,1023,607,1
/data/user7/wt/datasets/M3FD/M3FD/VOCdevkit/VOC2007/JPEGImages/01453.jpg 87,523,204,568,1 50,509,140,546,1 174,519,245,552,1 229,521,299,556,1 269,522,346,557,1 321,526,405,563,1 401,528,462,564,1 449,530,532,567,1 503,529,583,568,1 592,530,654,573,1 640,535,715,579,1 713,534,786,581,1 821,568,897,615,3 843,554,875,596,4 839,511,922,591,1 893,547,950,594,1 968,551,1024,606,1
/data/user7/wt/datasets/M3FD/M3FD/VOCdevkit/VOC2007/JPEGImages/01455.jpg 149,517,224,549,1 122,519,166,546,1 293,521,345,549,1 328,528,401,559,1 399,526,463,562,1 449,531,519,568,1 502,533,582,568,1 590,531,652,573,1 710,536,782,583,1 839,513,923,588,1 894,548,971,597,1 972,547,1023,609,1 493,555,546,587,3 505,541,530,579,4 330,533,463,586,1 229,521,293,555,1 21,511,125,561,1 641,538,710,579,1
/data/user7/wt/datasets/M3FD/M3FD/VOCdevkit/VOC2007/JPEGImages/01456.jpg 65,511,131,540,1 230,520,296,555,1 270,523,345,555,1 322,525,407,559,1 398,526,465,562,1 448,529,523,567,1 504,531,581,553,1 589,529,653,575,1 641,537,716,577,1 712,534,782,581,1 839,514,927,588,1 889,545,978,596,1 973,549,1023,605,1 480,538,631,598,1 380,546,428,578,3 392,534,415,567,4 114,518,223,568,1 19,507,64,549,1
/data/user7/wt/datasets/M3FD/M3FD/VOCdevkit/VOC2007/JPEGImages/01457.jpg 975,550,1024,589,1 844,559,1018,618,1 838,512,921,574,1 692,552,871,619,1 711,535,777,563,1 641,539,711,577,1 573,533,652,572,1 502,532,582,569,1 449,529,523,568,1 401,526,461,562,1 338,525,402,561,1 230,521,357,579,1 171,521,231,547,1 116,517,165,545,1 55,513,123,539,1 16,509,47,550,1
/data/user7/wt/datasets/M3FD/M3FD/VOCdevkit/VOC2007/JPEGImages/01460.jpg 969,548,1024,610,1 888,546,969,596,1 838,513,920,588,1 711,535,792,582,1 650,538,711,578,1 521,537,684,600,1 503,535,564,568,1 450,530,521,567,1 401,525,460,561,1 321,526,401,559,1 267,525,342,556,1 227,522,291,555,1 135,534,176,560,3 142,522,165,554,4 174,520,227,548,1 23,516,92,558,1
/data/user7/wt/datasets/M3FD/M3FD/VOCdevkit/VOC2007/JPEGImages/01461.jpg 969,547,1024,605,1 890,548,969,593,1 839,513,923,575,1 745,548,938,623,1 712,535,776,580,1 640,538,711,576,1 574,533,651,573,1 519,533,581,569,1 420,540,547,581,1 401,527,461,561,1 322,526,400,561,1 269,526,344,557,1 229,523,295,556,1 172,522,229,550,1 94,525,200,569,1 48,514,132,538,1
/data/user7/wt/datasets/M3FD/M3FD/VOCdevkit/VOC2007/JPEGImages/01462.jpg 970,550,1024,604,1 839,513,923,575,1 712,535,785,582,1 640,538,711,576,1 574,533,651,573,1 519,533,581,569,1 401,527,461,561,1 322,526,400,561,1 48,514,132,538,1 817,555,1017,620,1 452,530,519,569,1 335,533,453,578,1 186,529,320,577,1 173,520,220,547,1 120,520,166,547,1 10,531,58,556,3 22,509,41,550,4
/data/user7/wt/datasets/M3FD/M3FD/VOCdevkit/VOC2007/JPEGImages/01463.jpg 970,550,1024,604,1 839,513,923,575,1 679,548,845,606,1 574,533,651,573,1 519,533,581,569,1 401,527,461,561,1 48,514,132,538,1 452,530,519,569,1 173,517,224,547,1 120,520,160,546,1 888,547,970,596,1 713,537,782,562,1 640,537,708,575,1 316,535,463,584,1 267,527,358,568,1 229,522,293,557,1
/data/user7/wt/datasets/M3FD/M3FD/VOCdevkit/VOC2007/JPEGImages/01465.jpg 966,556,1024,608,1 888,550,965,600,1 837,518,920,591,1 640,541,712,582,1 591,530,648,574,1 52,516,124,544,1 269,527,344,561,1 688,554,882,618,1 712,536,791,564,1 463,537,605,587,1 400,525,458,564,1 447,532,518,569,1 321,527,400,559,1 165,523,271,566,1
/data/user7/wt/datasets/M3FD/M3FD/VOCdevkit/VOC2007/JPEGImages/01466.jpg 888,550,962,596,1 837,518,920,591,1 710,539,795,589,1 640,541,712,582,1 574,533,647,579,1 500,536,582,574,1 448,533,522,572,1 52,516,124,544,1 269,527,344,561,1 229,525,285,558,1 934,568,1024,639,1 967,552,1024,574,1 320,527,397,560,1 389,535,520,581,1 398,525,461,547,1 132,522,236,564,1
/data/user7/wt/datasets/M3FD/M3FD/VOCdevkit/VOC2007/JPEGImages/01467.jpg 966,556,1024,608,1 888,550,965,600,1 837,518,920,591,1 710,539,795,589,1 640,541,712,582,1 574,536,653,579,1 500,536,582,574,1 448,533,522,572,1 409,529,461,550,1 52,516,124,544,1 269,527,344,561,1 229,525,285,558,1 330,534,454,581,1 176,523,227,550,1 114,524,209,563,1
/data/user7/wt/datasets/M3FD/M3FD/VOCdevkit/VOC2007/JPEGImages/01469.jpg 966,556,1024,608,1 888,550,965,600,1 837,518,920,591,1 710,539,795,589,1 640,541,712,582,1 574,536,653,579,1 500,536,582,574,1 448,533,522,572,1 398,529,461,568,1 344,529,402,563,1 63,518,170,559,1 252,528,370,575,1 229,526,285,558,1 173,525,226,551,1 48,516,124,544,1
/data/user7/wt/datasets/M3FD/M3FD/VOCdevkit/VOC2007/JPEGImages/01470.jpg 660,467,1021,583,1 593,500,666,544,1 522,501,601,540,1 469,500,543,539,1 418,496,486,534,1 342,496,421,529,1 289,493,366,526,1 141,475,254,530,5 42,486,126,522,1
/data/user7/wt/datasets/M3FD/M3FD/VOCdevkit/VOC2007/JPEGImages/01471.jpg 966,556,1024,608,1 888,550,965,600,1 837,518,920,591,1 710,539,795,589,1 640,541,712,582,1 574,536,653,579,1 500,536,582,574,1 448,533,522,572,1 398,529,461,568,1 323,529,402,563,1 291,527,343,552,1 150,524,221,552,1 225,527,340,572,1 52,518,153,561,1
/data/user7/wt/datasets/M3FD/M3FD/VOCdevkit/VOC2007/JPEGImages/01472.jpg 966,556,1024,608,1 888,550,965,600,1 837,518,920,591,1 710,539,795,589,1 640,541,712,582,1 574,536,653,579,1 500,536,582,574,1 448,533,522,572,1 398,529,461,568,1 323,529,402,563,1 291,527,343,552,1 205,529,321,570,1 45,519,137,561,1 148,524,221,551,1
/data/user7/wt/datasets/M3FD/M3FD/VOCdevkit/VOC2007/JPEGImages/01473.jpg 969,553,1024,609,1 889,550,969,599,1 839,517,920,591,1 711,540,784,584,1 640,541,710,582,1 575,535,651,576,1 501,535,581,574,1 448,534,526,572,1 400,528,460,567,1 321,529,400,562,1 187,527,299,570,1 38,519,133,560,1 150,524,221,548,1
/data/user7/wt/datasets/M3FD/M3FD/VOCdevkit/VOC2007/JPEGImages/01474.jpg 969,553,1024,609,1 889,550,969,599,1 839,517,920,591,1 711,540,784,584,1 640,541,710,582,1 575,535,651,576,1 501,535,581,574,1 448,534,526,572,1 400,528,459,564,1 321,529,400,562,1 38,519,133,560,1 170,526,282,569,1 278,527,346,559,1
/data/user7/wt/datasets/M3FD/M3FD/VOCdevkit/VOC2007/JPEGImages/01478.jpg 969,553,1023,606,1 889,550,969,599,1 839,517,922,592,1 714,540,784,584,1 501,535,581,574,1 448,534,526,572,1 400,528,459,566,1 321,529,400,562,1 38,519,124,563,1 138,526,249,566,1 271,526,342,561,1 581,548,732,599,1 579,537,647,564,1 17,536,51,559,3 23,516,46,547,4
/data/user7/wt/datasets/M3FD/M3FD/VOCdevkit/VOC2007/JPEGImages/01479.jpg 969,553,1023,606,1 889,550,969,599,1 839,517,922,592,1 714,540,784,584,1 400,528,459,566,1 321,529,400,562,1 25,519,120,558,1 138,526,249,566,1 271,526,342,561,1 645,545,713,584,1 466,543,602,590,1 592,534,651,578,1 447,535,522,573,1 61,538,95,563,3 72,521,94,534,4
/data/user7/wt/datasets/M3FD/M3FD/VOCdevkit/VOC2007/JPEGImages/01480.jpg 968,554,1024,610,1 889,549,967,599,1 838,516,921,590,1 711,533,785,587,1 642,542,711,582,1 575,537,653,578,1 508,536,580,573,1 392,535,521,586,1 323,530,398,565,1 271,528,341,560,1 143,525,250,569,1 29,517,115,557,1 241,528,285,558,1 116,544,146,569,3 119,521,146,559,4
/data/user7/wt/datasets/M3FD/M3FD/VOCdevkit/VOC2007/JPEGImages/01481.jpg 659,466,1020,585,0 593,499,664,546,1 520,501,601,541,1 467,500,541,539,1 422,498,481,528,1 345,497,420,530,1 288,493,362,525,1 139,475,252,530,5 43,484,126,523,1
/data/user7/wt/datasets/M3FD/M3FD/VOCdevkit/VOC2007/JPEGImages/01482.jpg 965,553,1024,611,1 890,552,963,600,1 836,517,919,589,1 709,539,779,585,1 641,541,711,583,1 569,533,653,577,1 501,535,581,573,1 448,533,523,572,1 263,524,341,564,1 22,519,101,556,1 340,535,463,581,1 318,531,382,563,1 135,524,248,567,1 157,544,196,576,3 166,525,194,566,4
/data/user7/wt/datasets/M3FD/M3FD/VOCdevkit/VOC2007/JPEGImages/01483.jpg 965,553,1024,611,1 890,552,963,600,1 838,517,919,577,1 739,557,899,611,1 709,539,779,585,1 641,541,711,583,1 569,533,653,577,1 501,535,581,573,1 448,533,523,572,1 400,529,462,566,1 307,530,432,580,1 215,547,261,582,3 263,524,341,564,1 226,523,256,571,4 137,528,231,564,1 18,519,94,556,1
/data/user7/wt/datasets/M3FD/M3FD/VOCdevkit/VOC2007/JPEGImages/01484.jpg 966,554,1024,609,1 888,553,967,600,1 838,519,924,592,1 596,548,743,600,1 720,539,783,587,1 576,538,651,577,1 501,538,577,575,1 447,535,522,573,1 397,531,468,566,1 310,535,424,577,1 272,553,320,588,3 285,529,311,576,4 131,527,237,568,1 233,526,298,560,1 19,520,76,559,1 116,519,169,550,1
/data/user7/wt/datasets/M3FD/M3FD/VOCdevkit/VOC2007/JPEGImages/01485.jpg 971,556,1024,608,1 888,551,968,599,1 838,519,917,593,1 710,539,782,585,1 643,542,710,582,1 593,536,651,561,1 509,542,643,593,1 502,538,575,571,1 447,534,527,571,1 345,554,399,592,3 360,533,390,579,4 395,530,460,567,1 302,532,423,575,1 265,528,343,564,1 228,526,295,559,1 119,525,225,566,1 49,517,131,544,1 16,520,45,556,1
/data/user7/wt/datasets/M3FD/M3FD/VOCdevkit/VOC2007/JPEGImages/01486.jpg 970,555,1024,608,1 889,553,970,599,1 839,518,922,592,1 711,541,782,585,1 643,545,711,582,1 482,543,611,590,1 592,534,649,577,1 418,561,479,599,3 433,538,465,591,4 459,534,521,561,1 304,533,425,578,1 269,528,344,563,1 229,527,291,560,1 113,524,203,565,1 50,517,130,547,1 177,525,229,552,1
/data/user7/wt/datasets/M3FD/M3FD/VOCdevkit/VOC2007/JPEGImages/01487.jpg 969,555,1024,610,1 888,548,970,601,1 839,518,919,591,1 710,540,781,586,1 641,542,711,582,1 588,534,652,578,1 475,540,604,591,1 498,564,558,603,3 510,540,548,584,4 447,533,523,572,1 299,532,419,577,1 401,530,461,566,1 265,527,335,562,1 229,525,290,560,1 173,524,231,551,1 92,524,167,563,1 52,517,128,546,1
/data/user7/wt/datasets/M3FD/M3FD/VOCdevkit/VOC2007/JPEGImages/01490.jpg 771,578,850,630,3 789,554,831,617,4 963,553,1024,609,1 885,548,963,600,1 835,516,913,592,1 705,538,781,585,1 635,541,710,581,1 567,534,651,576,1 516,535,576,574,1 389,527,460,564,1 317,529,397,562,1 182,523,294,571,1 285,525,336,558,1 44,514,128,549,1 143,522,210,547,1
/data/user7/wt/datasets/M3FD/M3FD/VOCdevkit/VOC2007/JPEGImages/01491.jpg 880,579,973,645,3 905,556,938,636,4 968,551,1024,611,1 891,550,951,589,1 834,519,914,591,1 707,541,784,585,1 640,541,708,581,1 569,536,650,576,1 502,537,579,573,1 457,534,522,569,1 363,531,483,582,1 318,529,397,565,1 263,527,340,562,1 232,527,287,559,1 135,525,236,566,1 52,514,129,551,1
/data/user7/wt/datasets/M3FD/M3FD/VOCdevkit/VOC2007/JPEGImages/01492.jpg 659,467,1021,583,0 594,500,667,545,1 523,502,604,541,1 466,500,544,541,1 418,494,485,535,1 342,495,424,529,1 289,494,365,528,1 256,492,313,526,1 136,474,250,529,5 45,483,125,522,1
/data/user7/wt/datasets/M3FD/M3FD/VOCdevkit/VOC2007/JPEGImages/01493.jpg 966,553,1024,608,1 886,551,969,601,1 834,517,917,592,1 709,535,784,586,1 637,541,709,584,1 569,535,654,578,1 500,537,579,573,1 445,534,525,572,1 395,528,459,568,1 291,528,405,580,1 265,527,331,564,1 223,525,295,564,1 170,521,223,554,1 90,524,184,562,1 49,514,128,543,1
/data/user7/wt/datasets/M3FD/M3FD/VOCdevkit/VOC2007/JPEGImages/01494.jpg 1,160,55,408,4 65,177,141,357,4 651,164,740,422,4
/data/user7/wt/datasets/M3FD/M3FD/VOCdevkit/VOC2007/JPEGImages/01495.jpg 540,241,564,344,4 271,223,322,332,4 171,231,216,333,4
/data/user7/wt/datasets/M3FD/M3FD/VOCdevkit/VOC2007/JPEGImages/01497.jpg 120,210,178,345,4 210,207,253,331,4
/data/user7/wt/datasets/M3FD/M3FD/VOCdevkit/VOC2007/JPEGImages/01498.jpg 186,234,242,333,4 279,226,322,331,4 533,240,556,339,4
/data/user7/wt/datasets/M3FD/M3FD/VOCdevkit/VOC2007/JPEGImages/01499.jpg 208,231,256,327,4 277,220,323,323,4 536,232,556,331,4
/data/user7/wt/datasets/M3FD/M3FD/VOCdevkit/VOC2007/JPEGImages/01500.jpg 286,227,326,328,4 218,235,262,331,4 537,240,554,335,4
/data/user7/wt/datasets/M3FD/M3FD/VOCdevkit/VOC2007/JPEGImages/01503.jpg 263,234,295,325,4 297,227,334,319,4
/data/user7/wt/datasets/M3FD/M3FD/VOCdevkit/VOC2007/JPEGImages/01504.jpg 273,236,311,324,4 311,226,341,321,4
/data/user7/wt/datasets/M3FD/M3FD/VOCdevkit/VOC2007/JPEGImages/01505.jpg 278,240,340,327,4 314,232,339,320,4
/data/user7/wt/datasets/M3FD/M3FD/VOCdevkit/VOC2007/JPEGImages/01506.jpg 312,245,340,323,4 303,232,340,320,4
/data/user7/wt/datasets/M3FD/M3FD/VOCdevkit/VOC2007/JPEGImages/01507.jpg 316,236,350,310,4 328,244,373,329,4
/data/user7/wt/datasets/M3FD/M3FD/VOCdevkit/VOC2007/JPEGImages/01508.jpg 125,209,171,338,4 214,206,270,326,4
/data/user7/wt/datasets/M3FD/M3FD/VOCdevkit/VOC2007/JPEGImages/01511.jpg 397,249,416,326,4 337,238,374,327,4
/data/user7/wt/datasets/M3FD/M3FD/VOCdevkit/VOC2007/JPEGImages/01512.jpg 350,241,388,328,4 411,253,453,302,4
/data/user7/wt/datasets/M3FD/M3FD/VOCdevkit/VOC2007/JPEGImages/01513.jpg 358,241,391,330,4
/data/user7/wt/datasets/M3FD/M3FD/VOCdevkit/VOC2007/JPEGImages/01514.jpg 366,244,387,329,4
/data/user7/wt/datasets/M3FD/M3FD/VOCdevkit/VOC2007/JPEGImages/01515.jpg 432,255,446,329,4 362,246,383,334,4
/data/user7/wt/datasets/M3FD/M3FD/VOCdevkit/VOC2007/JPEGImages/01516.jpg 368,250,393,336,4 441,255,450,327,4
/data/user7/wt/datasets/M3FD/M3FD/VOCdevkit/VOC2007/JPEGImages/01517.jpg 366,247,388,334,4 438,251,452,329,4
/data/user7/wt/datasets/M3FD/M3FD/VOCdevkit/VOC2007/JPEGImages/01518.jpg 368,247,390,328,4
/data/user7/wt/datasets/M3FD/M3FD/VOCdevkit/VOC2007/JPEGImages/01520.jpg 377,253,403,340,4 420,254,433,325,4
/data/user7/wt/datasets/M3FD/M3FD/VOCdevkit/VOC2007/JPEGImages/01521.jpg 367,243,399,328,4
/data/user7/wt/datasets/M3FD/M3FD/VOCdevkit/VOC2007/JPEGImages/01523.jpg 539,226,553,328,4 242,212,288,324,4 136,211,181,331,4
/data/user7/wt/datasets/M3FD/M3FD/VOCdevkit/VOC2007/JPEGImages/01524.jpg 404,258,416,336,4 441,257,453,323,4
/data/user7/wt/datasets/M3FD/M3FD/VOCdevkit/VOC2007/JPEGImages/01525.jpg 412,251,423,342,4 449,252,479,335,4
/data/user7/wt/datasets/M3FD/M3FD/VOCdevkit/VOC2007/JPEGImages/01526.jpg 409,235,419,324,4
/data/user7/wt/datasets/M3FD/M3FD/VOCdevkit/VOC2007/JPEGImages/01527.jpg 129,213,182,332,4 241,213,294,327,4 532,226,554,335,4
/data/user7/wt/datasets/M3FD/M3FD/VOCdevkit/VOC2007/JPEGImages/01528.jpg 589,243,611,328,4 377,243,411,332,4
/data/user7/wt/datasets/M3FD/M3FD/VOCdevkit/VOC2007/JPEGImages/01529.jpg 138,214,187,328,4 247,212,300,322,4 528,225,553,335,4
/data/user7/wt/datasets/M3FD/M3FD/VOCdevkit/VOC2007/JPEGImages/01530.jpg 564,536,631,605,4
/data/user7/wt/datasets/M3FD/M3FD/VOCdevkit/VOC2007/JPEGImages/01532.jpg 546,495,603,578,4
/data/user7/wt/datasets/M3FD/M3FD/VOCdevkit/VOC2007/JPEGImages/01533.jpg 565,501,627,584,4
/data/user7/wt/datasets/M3FD/M3FD/VOCdevkit/VOC2007/JPEGImages/01534.jpg 546,492,602,574,4
/data/user7/wt/datasets/M3FD/M3FD/VOCdevkit/VOC2007/JPEGImages/01535.jpg 544,493,600,569,4
/data/user7/wt/datasets/M3FD/M3FD/VOCdevkit/VOC2007/JPEGImages/01536.jpg 532,490,585,574,4
/data/user7/wt/datasets/M3FD/M3FD/VOCdevkit/VOC2007/JPEGImages/01538.jpg 533,488,587,568,4
/data/user7/wt/datasets/M3FD/M3FD/VOCdevkit/VOC2007/JPEGImages/01539.jpg 547,487,599,575,4
/data/user7/wt/datasets/M3FD/M3FD/VOCdevkit/VOC2007/JPEGImages/01540.jpg 552,485,600,578,4
/data/user7/wt/datasets/M3FD/M3FD/VOCdevkit/VOC2007/JPEGImages/01541.jpg 545,489,594,579,4
/data/user7/wt/datasets/M3FD/M3FD/VOCdevkit/VOC2007/JPEGImages/01542.jpg 540,487,588,573,4
/data/user7/wt/datasets/M3FD/M3FD/VOCdevkit/VOC2007/JPEGImages/01544.jpg 560,500,620,586,4
/data/user7/wt/datasets/M3FD/M3FD/VOCdevkit/VOC2007/JPEGImages/01545.jpg 542,489,587,572,4
/data/user7/wt/datasets/M3FD/M3FD/VOCdevkit/VOC2007/JPEGImages/01546.jpg 545,492,588,565,4
/data/user7/wt/datasets/M3FD/M3FD/VOCdevkit/VOC2007/JPEGImages/01547.jpg 532,491,579,572,4
/data/user7/wt/datasets/M3FD/M3FD/VOCdevkit/VOC2007/JPEGImages/01548.jpg 528,490,576,561,4
/data/user7/wt/datasets/M3FD/M3FD/VOCdevkit/VOC2007/JPEGImages/01550.jpg 536,490,584,570,4
/data/user7/wt/datasets/M3FD/M3FD/VOCdevkit/VOC2007/JPEGImages/01551.jpg 537,490,586,569,4
/data/user7/wt/datasets/M3FD/M3FD/VOCdevkit/VOC2007/JPEGImages/01552.jpg 540,487,582,566,4
/data/user7/wt/datasets/M3FD/M3FD/VOCdevkit/VOC2007/JPEGImages/01553.jpg 532,489,580,559,4
/data/user7/wt/datasets/M3FD/M3FD/VOCdevkit/VOC2007/JPEGImages/01554.jpg 532,489,580,563,4
/data/user7/wt/datasets/M3FD/M3FD/VOCdevkit/VOC2007/JPEGImages/01555.jpg 565,497,624,583,4
/data/user7/wt/datasets/M3FD/M3FD/VOCdevkit/VOC2007/JPEGImages/01556.jpg 538,486,583,570,4
/data/user7/wt/datasets/M3FD/M3FD/VOCdevkit/VOC2007/JPEGImages/01557.jpg 543,486,586,566,4
/data/user7/wt/datasets/M3FD/M3FD/VOCdevkit/VOC2007/JPEGImages/01558.jpg 536,489,581,563,4
/data/user7/wt/datasets/M3FD/M3FD/VOCdevkit/VOC2007/JPEGImages/01559.jpg 522,493,566,566,4
/data/user7/wt/datasets/M3FD/M3FD/VOCdevkit/VOC2007/JPEGImages/01560.jpg 513,493,555,564,4
/data/user7/wt/datasets/M3FD/M3FD/VOCdevkit/VOC2007/JPEGImages/01561.jpg 512,496,554,564,4
/data/user7/wt/datasets/M3FD/M3FD/VOCdevkit/VOC2007/JPEGImages/01562.jpg 518,493,563,565,4
/data/user7/wt/datasets/M3FD/M3FD/VOCdevkit/VOC2007/JPEGImages/01563.jpg 520,493,564,559,4
/data/user7/wt/datasets/M3FD/M3FD/VOCdevkit/VOC2007/JPEGImages/01564.jpg 520,491,564,566,4
/data/user7/wt/datasets/M3FD/M3FD/VOCdevkit/VOC2007/JPEGImages/01565.jpg 509,496,558,567,4
/data/user7/wt/datasets/M3FD/M3FD/VOCdevkit/VOC2007/JPEGImages/01566.jpg 567,493,621,582,4
/data/user7/wt/datasets/M3FD/M3FD/VOCdevkit/VOC2007/JPEGImages/01567.jpg 509,493,555,566,4
/data/user7/wt/datasets/M3FD/M3FD/VOCdevkit/VOC2007/JPEGImages/01568.jpg 509,493,551,568,4
/data/user7/wt/datasets/M3FD/M3FD/VOCdevkit/VOC2007/JPEGImages/01570.jpg 508,484,559,568,4
/data/user7/wt/datasets/M3FD/M3FD/VOCdevkit/VOC2007/JPEGImages/01572.jpg 510,478,561,570,4
/data/user7/wt/datasets/M3FD/M3FD/VOCdevkit/VOC2007/JPEGImages/01573.jpg 509,474,565,570,4
/data/user7/wt/datasets/M3FD/M3FD/VOCdevkit/VOC2007/JPEGImages/01574.jpg 504,474,562,564,4
/data/user7/wt/datasets/M3FD/M3FD/VOCdevkit/VOC2007/JPEGImages/01575.jpg 509,475,564,566,4
/data/user7/wt/datasets/M3FD/M3FD/VOCdevkit/VOC2007/JPEGImages/01576.jpg 508,475,563,567,4
/data/user7/wt/datasets/M3FD/M3FD/VOCdevkit/VOC2007/JPEGImages/01577.jpg 562,493,617,583,4
/data/user7/wt/datasets/M3FD/M3FD/VOCdevkit/VOC2007/JPEGImages/01579.jpg 520,473,559,571,4
/data/user7/wt/datasets/M3FD/M3FD/VOCdevkit/VOC2007/JPEGImages/01580.jpg 201,383,305,421,1 358,402,572,536,1 378,387,443,406,1 449,381,563,435,1 751,376,780,393,1 779,388,814,414,1 800,381,823,400,1
/data/user7/wt/datasets/M3FD/M3FD/VOCdevkit/VOC2007/JPEGImages/01581.jpg 110,391,228,424,1 297,393,379,417,1 491,397,640,496,1 505,383,586,408,1 743,376,774,393,1 781,388,817,412,1 801,380,818,395,1
/data/user7/wt/datasets/M3FD/M3FD/VOCdevkit/VOC2007/JPEGImages/01582.jpg 6,391,153,431,1 201,395,302,420,1 571,389,686,471,1 553,377,624,430,1 792,385,827,407,1 808,379,824,392,1 762,376,782,388,1 791,373,808,386,1
/data/user7/wt/datasets/M3FD/M3FD/VOCdevkit/VOC2007/JPEGImages/01583.jpg 1,394,81,426,1 118,392,231,420,1 631,386,724,451,1 596,375,660,431,1 810,379,840,401,1 821,374,837,384,1 774,372,796,382,1
/data/user7/wt/datasets/M3FD/M3FD/VOCdevkit/VOC2007/JPEGImages/01584.jpg 1,391,88,427,1 630,370,685,420,1 669,380,749,441,1 814,378,843,401,1 801,367,815,377,1 826,373,843,385,1 225,458,366,630,3 249,415,353,526,4
/data/user7/wt/datasets/M3FD/M3FD/VOCdevkit/VOC2007/JPEGImages/01586.jpg 558,370,605,436,4 553,393,614,481,3 670,347,720,389,1 717,354,778,403,1 824,351,848,370,1 830,347,847,355,1 786,345,799,353,1
/data/user7/wt/datasets/M3FD/M3FD/VOCdevkit/VOC2007/JPEGImages/01587.jpg 2,382,213,540,1 681,343,730,381,1 729,347,782,391,1 819,347,841,363,1 607,378,664,444,3 620,362,652,410,4
/data/user7/wt/datasets/M3FD/M3FD/VOCdevkit/VOC2007/JPEGImages/01588.jpg 165,370,391,477,1 701,347,747,383,1 747,350,796,392,1 830,352,851,370,1 668,365,698,405,4 665,376,703,433,3
/data/user7/wt/datasets/M3FD/M3FD/VOCdevkit/VOC2007/JPEGImages/01589.jpg 308,366,476,451,1 717,347,758,380,1 759,352,803,388,1 833,351,855,367,1 696,362,723,399,4 698,372,727,422,3 785,344,797,354,1
/data/user7/wt/datasets/M3FD/M3FD/VOCdevkit/VOC2007/JPEGImages/01590.jpg 412,370,536,441,1 718,353,754,384,1 758,357,798,391,1 823,355,846,376,1 710,366,736,401,4 711,378,736,420,3
/data/user7/wt/datasets/M3FD/M3FD/VOCdevkit/VOC2007/JPEGImages/01591.jpg 488,360,583,420,1 728,352,762,378,1 766,356,802,385,1 730,363,750,391,4 728,373,753,407,3 828,355,848,370,1 770,348,783,357,1
/data/user7/wt/datasets/M3FD/M3FD/VOCdevkit/VOC2007/JPEGImages/01592.jpg 533,358,619,409,1 831,352,851,367,1 738,348,771,375,1 772,350,806,380,1 743,368,766,402,3 746,359,763,383,4 770,346,783,354,1
/data/user7/wt/datasets/M3FD/M3FD/VOCdevkit/VOC2007/JPEGImages/01594.jpg 600,348,664,386,1 743,337,772,361,1 776,340,806,365,1 756,346,773,365,4 756,357,774,381,3 824,341,842,354,1 758,336,773,347,1
/data/user7/wt/datasets/M3FD/M3FD/VOCdevkit/VOC2007/JPEGImages/01596.jpg 845,340,858,348,1 847,343,865,354,1 806,342,835,364,1 774,339,799,360,1 664,348,715,379,1 791,347,805,370,4 791,354,805,375,3
/data/user7/wt/datasets/M3FD/M3FD/VOCdevkit/VOC2007/JPEGImages/01598.jpg 70,388,424,563,1 704,340,748,367,1 778,331,792,340,1 793,332,818,352,1 822,336,849,355,1 855,332,866,342,1 859,335,875,347,1 814,339,827,359,4 814,345,826,363,3
/data/user7/wt/datasets/M3FD/M3FD/VOCdevkit/VOC2007/JPEGImages/01599.jpg 343,364,553,482,1 777,321,791,332,1 721,331,760,356,1 856,322,867,332,1 862,325,877,338,1 800,323,824,343,1 829,325,852,345,1 822,330,833,349,4 822,336,833,353,3
/data/user7/wt/datasets/M3FD/M3FD/VOCdevkit/VOC2007/JPEGImages/01601.jpg 538,349,653,421,1 734,332,769,354,1 765,324,779,333,1 801,326,823,345,1 849,325,860,335,1 854,324,870,340,1 827,327,848,346,1 824,331,833,349,4 824,338,833,353,3
/data/user7/wt/datasets/M3FD/M3FD/VOCdevkit/VOC2007/JPEGImages/01603.jpg 1,335,279,499,1 644,332,724,383,1 761,321,792,340,1 769,314,784,322,1 819,315,839,332,1 867,314,881,328,1 861,315,870,323,1 842,317,861,333,1 840,320,850,336,4 841,325,849,340,3
/data/user7/wt/datasets/M3FD/M3FD/VOCdevkit/VOC2007/JPEGImages/01604.jpg 190,327,405,453,1 669,331,740,376,1 767,313,783,325,1 768,319,796,339,1 822,315,841,331,1 845,317,863,333,1 861,313,870,322,1 867,316,882,326,1 842,320,851,333,4 842,325,850,337,3
/data/user7/wt/datasets/M3FD/M3FD/VOCdevkit/VOC2007/JPEGImages/01606.jpg 460,325,573,401,1 766,317,782,330,1 719,331,774,368,1 785,322,812,340,1 833,318,851,333,1 854,319,870,335,1 869,318,877,326,1 875,319,888,329,1 852,323,860,335,4 853,327,860,339,3
/data/user7/wt/datasets/M3FD/M3FD/VOCdevkit/VOC2007/JPEGImages/01607.jpg 1,367,189,512,1 515,327,612,394,1 736,334,787,368,1 766,321,786,333,1 793,326,819,344,1 837,323,855,336,1 872,321,881,330,1 879,324,892,333,1 857,323,874,338,1 857,325,864,339,4 857,330,865,342,3
/data/user7/wt/datasets/M3FD/M3FD/VOCdevkit/VOC2007/JPEGImages/01608.jpg 137,356,356,458,1 572,326,652,386,1 752,332,798,363,1 767,319,786,333,1 802,325,826,342,1 844,322,861,336,1 875,320,885,328,1 884,323,896,332,1 863,323,878,337,1 862,325,869,338,4 862,330,869,341,3
/data/user7/wt/datasets/M3FD/M3FD/VOCdevkit/VOC2007/JPEGImages/01609.jpg 312,351,468,428,1 620,329,686,379,1 772,323,788,336,1 772,333,815,362,1 815,327,839,343,1 855,324,871,337,1 876,325,889,338,1 887,322,896,330,1 894,325,906,333,1 873,326,879,337,4 873,330,879,341,3
/data/user7/wt/datasets/M3FD/M3FD/VOCdevkit/VOC2007/JPEGImages/01610.jpg 400,339,525,406,1 643,322,704,367,1 767,316,784,330,1 777,326,818,353,1 817,321,839,336,1 855,317,871,331,1 884,316,894,324,1 892,318,905,328,1 875,319,888,331,1 873,319,879,331,4 873,324,879,334,3
/data/user7/wt/datasets/M3FD/M3FD/VOCdevkit/VOC2007/JPEGImages/01611.jpg 1,452,44,568,1 482,334,583,392,1 672,319,726,360,1 791,321,830,348,1 768,313,783,326,1 824,317,847,331,1 861,312,877,326,1 889,312,898,319,1 897,313,909,322,1 879,314,894,326,1 879,315,884,326,4 879,320,884,329,3
/data/user7/wt/datasets/M3FD/M3FD/VOCdevkit/VOC2007/JPEGImages/01612.jpg 75,352,380,485,1 537,326,622,374,1 692,313,740,351,1 763,308,781,321,1 797,316,833,340,1 827,311,847,326,1 861,307,876,320,1 889,307,896,314,1 895,309,907,317,1 880,308,892,320,1 878,310,884,320,4 878,313,884,324,3
/data/user7/wt/datasets/M3FD/M3FD/VOCdevkit/VOC2007/JPEGImages/01614.jpg 474,326,608,397,1 618,316,682,355,1 730,307,772,338,1 763,301,782,315,1 818,308,850,329,1 841,303,859,318,1 873,299,886,312,1 897,299,904,306,1 904,301,915,309,1 890,300,902,312,1 888,302,894,312,4 888,306,895,315,3
/data/user7/wt/datasets/M3FD/M3FD/VOCdevkit/VOC2007/JPEGImages/01615.jpg 572,338,673,397,1 652,333,707,368,1 745,323,784,353,1 761,317,779,328,1 827,325,857,346,1 846,321,862,334,1 875,317,889,329,1 906,318,916,326,1 893,317,904,329,1 891,320,898,329,4 891,323,898,332,3
/data/user7/wt/datasets/M3FD/M3FD/VOCdevkit/VOC2007/JPEGImages/01616.jpg 640,338,721,385,1 685,334,729,364,1 758,320,776,335,1 760,325,796,352,1 834,328,863,347,1 851,324,868,337,1 878,319,892,332,1 896,323,901,331,4 895,326,901,335,3 897,322,907,331,1
/data/user7/wt/datasets/M3FD/M3FD/VOCdevkit/VOC2007/JPEGImages/01617.jpg 679,329,752,372,1 753,315,774,330,1 769,318,804,345,1 839,322,867,341,1 853,318,868,330,1 880,314,892,327,1 898,315,907,326,1 896,318,902,327,4 896,321,903,330,3
/data/user7/wt/datasets/M3FD/M3FD/VOCdevkit/VOC2007/JPEGImages/01618.jpg 760,309,780,324,1 724,320,760,347,1 728,322,788,358,1 790,313,823,337,1 854,315,881,333,1 867,312,882,323,1 892,309,905,320,1 911,309,920,319,1 908,310,914,319,4 908,314,914,322,3
/data/user7/wt/datasets/M3FD/M3FD/VOCdevkit/VOC2007/JPEGImages/01620.jpg 760,306,780,321,1 762,315,795,339,1 786,316,834,347,1 818,308,845,330,1 873,311,897,327,1 904,304,916,314,1 919,304,931,315,1 922,305,926,313,4 922,308,926,317,3
/data/user7/wt/datasets/M3FD/M3FD/VOCdevkit/VOC2007/JPEGImages/01622.jpg 740,293,762,310,1 776,301,808,322,1 812,301,851,325,1 824,296,843,303,1 869,296,892,312,1 897,292,909,301,1 911,291,923,301,1 914,293,919,300,4 914,295,919,303,3
/data/user7/wt/datasets/M3FD/M3FD/VOCdevkit/VOC2007/JPEGImages/01623.jpg 745,296,768,311,1 794,303,824,322,1 832,303,869,326,1 836,297,858,309,1 882,298,904,314,1 908,293,920,302,1 922,293,932,303,1 925,293,930,302,4 925,298,930,305,3
/data/user7/wt/datasets/M3FD/M3FD/VOCdevkit/VOC2007/JPEGImages/01625.jpg 1,339,244,600,1 731,278,755,294,1 810,283,837,301,1 846,278,866,296,1 854,282,885,303,1 888,279,908,294,1 910,273,920,283,1 922,273,933,284,1 926,274,932,283,4 926,277,932,286,3
/data/user7/wt/datasets/M3FD/M3FD/VOCdevkit/VOC2007/JPEGImages/01626.jpg 94,288,460,494,3 731,259,757,282,1 821,263,848,282,1 856,258,878,277,1 866,263,897,282,1 896,260,915,274,1 916,255,926,265,1 928,256,939,265,1 933,255,937,263,4 933,259,937,265,3
/data/user7/wt/datasets/M3FD/M3FD/VOCdevkit/VOC2007/JPEGImages/01627.jpg 1,404,56,432,1 137,384,276,418,1 533,386,578,402,1 714,387,768,425,1 737,382,766,397,1 799,384,818,395,1 818,376,849,407,1 838,379,857,389,1 909,383,926,396,1 911,374,924,383,1 815,398,850,480,4
/data/user7/wt/datasets/M3FD/M3FD/VOCdevkit/VOC2007/JPEGImages/01628.jpg 1,355,94,386,1 791,340,832,368,1 812,337,830,347,1 856,343,877,359,1 876,337,893,356,1 904,341,915,350,1
/data/user7/wt/datasets/M3FD/M3FD/VOCdevkit/VOC2007/JPEGImages/01629.jpg 800,344,832,367,1 857,345,877,358,1 875,339,892,355,1 900,340,913,349,1 809,337,824,344,1 789,340,808,353,1
/data/user7/wt/datasets/M3FD/M3FD/VOCdevkit/VOC2007/JPEGImages/01630.jpg 214,356,319,385,1 655,355,725,404,1 823,361,853,380,1 842,352,856,360,1 874,355,893,373,1 911,356,926,367,1
/data/user7/wt/datasets/M3FD/M3FD/VOCdevkit/VOC2007/JPEGImages/01631.jpg 806,338,821,349,1 809,343,839,364,1 860,344,879,358,1 902,341,913,350,1 880,341,894,356,1 846,342,857,350,1 994,368,1024,449,4
/data/user7/wt/datasets/M3FD/M3FD/VOCdevkit/VOC2007/JPEGImages/01632.jpg 938,367,987,442,4 802,342,819,356,1 814,345,843,367,1 861,347,884,361,1 881,343,895,358,1 902,345,914,353,1 844,344,857,353,1
/data/user7/wt/datasets/M3FD/M3FD/VOCdevkit/VOC2007/JPEGImages/01633.jpg 904,352,950,436,1 805,333,819,347,1 822,338,851,358,1 866,339,884,353,1 874,330,885,339,1 885,336,898,349,1 905,337,918,345,1
/data/user7/wt/datasets/M3FD/M3FD/VOCdevkit/VOC2007/JPEGImages/01634.jpg 801,335,818,349,1 829,339,857,360,1 868,339,886,353,1 906,339,917,347,1 885,337,901,353,1
/data/user7/wt/datasets/M3FD/M3FD/VOCdevkit/VOC2007/JPEGImages/01636.jpg 839,351,869,404,4 814,329,838,348,1 862,335,884,355,1 896,338,910,351,1 913,332,925,347,1 929,333,942,342,1
/data/user7/wt/datasets/M3FD/M3FD/VOCdevkit/VOC2007/JPEGImages/01637.jpg 816,359,856,419,4 808,341,831,357,1 860,347,884,363,1 892,346,907,359,1 908,343,921,357,1 925,345,936,353,1
/data/user7/wt/datasets/M3FD/M3FD/VOCdevkit/VOC2007/JPEGImages/01638.jpg 817,355,859,415,4 802,339,825,354,1 863,344,883,359,1 891,344,907,356,1 907,340,920,353,1 922,340,934,350,1
/data/user7/wt/datasets/M3FD/M3FD/VOCdevkit/VOC2007/JPEGImages/01639.jpg 819,343,842,404,4 794,335,813,345,1 863,331,884,348,1 889,334,906,346,1 905,330,918,345,1 921,333,931,339,1 803,325,834,337,1
/data/user7/wt/datasets/M3FD/M3FD/VOCdevkit/VOC2007/JPEGImages/01640.jpg 776,332,796,342,1 784,323,821,336,1 802,339,834,401,4 853,327,873,345,1 872,323,891,333,1 879,332,895,342,1 909,330,918,335,1
/data/user7/wt/datasets/M3FD/M3FD/VOCdevkit/VOC2007/JPEGImages/01641.jpg 40,363,178,397,1 609,363,643,375,1 679,360,742,404,1 828,364,856,382,1 836,354,854,366,1 873,359,894,377,1 863,357,875,367,1 908,360,922,370,1
/data/user7/wt/datasets/M3FD/M3FD/VOCdevkit/VOC2007/JPEGImages/01642.jpg 802,342,832,401,4 766,336,787,345,1 780,328,798,342,1 854,331,873,347,1 876,334,890,345,1 888,328,902,344,1 906,330,915,339,1
/data/user7/wt/datasets/M3FD/M3FD/VOCdevkit/VOC2007/JPEGImages/01644.jpg 804,349,835,408,4 760,340,779,351,1 779,333,800,348,1 868,339,889,352,1 856,337,868,343,1 891,339,899,350,1 898,335,910,348,1 915,337,926,345,1 807,338,823,346,1
/data/user7/wt/datasets/M3FD/M3FD/VOCdevkit/VOC2007/JPEGImages/01645.jpg 752,334,776,344,1 775,326,800,342,1 802,333,818,341,1 814,342,839,400,4 871,326,891,344,1 855,329,870,337,1 891,328,910,343,1 917,328,929,338,1
/data/user7/wt/datasets/M3FD/M3FD/VOCdevkit/VOC2007/JPEGImages/01647.jpg 729,332,754,343,1 760,325,781,341,1 781,329,794,340,1 842,326,854,335,1 867,329,886,341,1 884,325,899,340,1 804,340,833,396,4 911,327,918,332,1
/data/user7/wt/datasets/M3FD/M3FD/VOCdevkit/VOC2007/JPEGImages/01649.jpg 714,336,738,350,1 756,328,775,345,1 762,336,785,347,1 840,331,856,339,1 817,341,842,397,4 879,331,893,345,1 892,331,903,341,1
/data/user7/wt/datasets/M3FD/M3FD/VOCdevkit/VOC2007/JPEGImages/01650.jpg 703,336,729,351,1 752,329,775,346,1 841,331,853,340,1 884,331,902,344,1 901,331,913,342,1
/data/user7/wt/datasets/M3FD/M3FD/VOCdevkit/VOC2007/JPEGImages/01651.jpg 692,338,723,353,1 736,338,763,347,1 747,329,770,345,1 819,344,841,395,4 882,332,898,345,4 897,333,909,344,4 914,331,923,337,4
/data/user7/wt/datasets/M3FD/M3FD/VOCdevkit/VOC2007/JPEGImages/01652.jpg 559,366,603,381,1 698,362,758,401,1 828,367,855,386,1 827,357,841,366,1 855,363,864,368,1 868,361,886,378,1 902,361,913,372,1 928,361,936,369,1
/data/user7/wt/datasets/M3FD/M3FD/VOCdevkit/VOC2007/JPEGImages/01653.jpg 719,335,744,348,1 738,327,761,345,1 818,340,842,394,4 883,329,898,342,1 829,329,846,337,1 900,329,911,340,1
/data/user7/wt/datasets/M3FD/M3FD/VOCdevkit/VOC2007/JPEGImages/01654.jpg 812,340,840,394,4 654,338,682,347,1 703,335,727,351,1 725,327,751,346,1 781,331,801,343,1 823,328,838,337,1 880,330,897,343,1 894,327,907,340,1
/data/user7/wt/datasets/M3FD/M3FD/VOCdevkit/VOC2007/JPEGImages/01655.jpg 637,331,661,343,1 686,329,713,341,1 719,323,743,341,1 818,324,836,333,1 879,325,895,336,1 895,327,904,335,1 814,336,835,389,4
/data/user7/wt/datasets/M3FD/M3FD/VOCdevkit/VOC2007/JPEGImages/01656.jpg 818,327,840,379,4 714,316,741,338,1 622,325,646,334,1 884,317,900,327,1 818,317,835,323,1
/data/user7/wt/datasets/M3FD/M3FD/VOCdevkit/VOC2007/JPEGImages/01657.jpg 589,324,619,336,1 643,321,668,332,1 704,313,732,335,1 881,314,894,325,1 896,313,905,322,1 813,323,836,377,4
/data/user7/wt/datasets/M3FD/M3FD/VOCdevkit/VOC2007/JPEGImages/01658.jpg 798,315,821,323,1 816,324,838,376,4 697,311,727,335,1 628,322,652,330,1 570,324,608,335,1 883,313,895,323,1 897,314,906,321,1
/data/user7/wt/datasets/M3FD/M3FD/VOCdevkit/VOC2007/JPEGImages/01660.jpg 818,334,841,385,4 497,337,551,349,1 554,333,597,346,1 686,320,713,345,1 799,325,818,333,1 857,322,870,329,1 882,323,897,334,1 896,323,905,332,1 913,322,919,328,1
/data/user7/wt/datasets/M3FD/M3FD/VOCdevkit/VOC2007/JPEGImages/01661.jpg 828,327,850,376,4 687,315,714,333,1 461,329,519,342,1 520,327,568,341,1 806,319,821,327,1 886,314,897,326,1 896,314,905,328,1 904,316,913,327,1
/data/user7/wt/datasets/M3FD/M3FD/VOCdevkit/VOC2007/JPEGImages/01662.jpg 425,332,482,346,1 486,329,540,347,1 679,316,711,331,1 833,328,855,377,4 866,318,882,324,1 899,316,911,329,1 807,314,832,329,1
/data/user7/wt/datasets/M3FD/M3FD/VOCdevkit/VOC2007/JPEGImages/01663.jpg 821,353,835,364,1 717,357,771,396,1 506,363,555,378,1 831,362,856,378,1 867,356,883,374,1 878,352,897,361,1 845,357,859,364,1 896,358,910,369,1 920,356,931,366,1
/data/user7/wt/datasets/M3FD/M3FD/VOCdevkit/VOC2007/JPEGImages/01664.jpg 442,360,495,376,1 736,358,784,386,1 833,360,857,375,1 818,352,830,361,1 865,355,882,371,1 894,357,908,366,1
/data/user7/wt/datasets/M3FD/M3FD/VOCdevkit/VOC2007/JPEGImages/01665.jpg 751,355,795,386,1 376,362,441,380,1 815,349,829,359,1 838,358,860,372,1 868,354,884,369,1 896,355,908,364,1
/data/user7/wt/datasets/M3FD/M3FD/VOCdevkit/VOC2007/JPEGImages/01666.jpg 277,362,357,378,1 768,352,809,379,1 848,355,868,369,1 816,347,832,356,1 875,345,889,365,1 899,353,911,360,1
/data/user7/wt/datasets/M3FD/M3FD/VOCdevkit/VOC2007/JPEGImages/01668.jpg 567,270,632,289,1 941,264,965,323,4 863,264,883,276,1 956,259,971,266,1 991,255,1004,263,1 979,257,988,263,1
/data/user7/wt/datasets/M3FD/M3FD/VOCdevkit/VOC2007/JPEGImages/01669.jpg 928,247,947,305,4 256,269,469,368,1 444,248,520,269,1 872,243,892,255,1 699,216,821,319,5
/data/user7/wt/datasets/M3FD/M3FD/VOCdevkit/VOC2007/JPEGImages/01670.jpg 2,299,361,562,1 423,270,574,348,1 328,255,429,282,1 851,255,871,268,1 886,248,901,264,1 908,259,934,315,4 743,236,841,323,5
/data/user7/wt/datasets/M3FD/M3FD/VOCdevkit/VOC2007/JPEGImages/01671.jpg 912,278,936,336,4 745,275,774,285,1 963,268,974,279,1 893,269,913,282,1
/data/user7/wt/datasets/M3FD/M3FD/VOCdevkit/VOC2007/JPEGImages/01673.jpg 459,274,664,392,1 624,264,709,318,1 820,241,890,307,5 13,257,203,300,1 926,256,947,316,4
/data/user7/wt/datasets/M3FD/M3FD/VOCdevkit/VOC2007/JPEGImages/01674.jpg 583,267,735,372,1 686,261,751,312,1 837,243,903,301,5 914,257,944,316,4
/data/user7/wt/datasets/M3FD/M3FD/VOCdevkit/VOC2007/JPEGImages/01676.jpg 701,269,807,332,1 863,250,917,300,5 816,262,844,275,1 913,262,937,320,4 759,265,805,292,1
/data/user7/wt/datasets/M3FD/M3FD/VOCdevkit/VOC2007/JPEGImages/01677.jpg 752,262,838,320,1 818,255,839,274,1 884,247,931,297,5 909,264,940,319,4
/data/user7/wt/datasets/M3FD/M3FD/VOCdevkit/VOC2007/JPEGImages/01678.jpg 785,257,859,316,1 894,247,936,283,5 905,267,935,316,4 868,254,885,265,1
/data/user7/wt/datasets/M3FD/M3FD/VOCdevkit/VOC2007/JPEGImages/01684.jpg 867,277,889,303,1 885,275,916,314,1 913,280,934,337,4 934,265,966,298,5 822,274,849,284,1 734,275,758,285,1
/data/user7/wt/datasets/M3FD/M3FD/VOCdevkit/VOC2007/JPEGImages/01685.jpg 886,289,904,315,1 902,293,939,328,1 945,276,976,314,5 910,298,944,356,1 814,289,843,305,1 720,293,742,300,1
/data/user7/wt/datasets/M3FD/M3FD/VOCdevkit/VOC2007/JPEGImages/01686.jpg 801,296,826,311,1 894,296,913,320,1 915,296,948,337,1 946,289,977,316,5 908,307,934,359,4 873,293,889,302,1 895,287,920,295,1 688,297,718,310,1
/data/user7/wt/datasets/M3FD/M3FD/VOCdevkit/VOC2007/JPEGImages/01687.jpg 784,294,811,318,1 660,301,700,319,1 863,299,882,310,1 884,297,901,310,1 920,299,951,333,1 951,297,973,322,5 898,310,936,366,4
/data/user7/wt/datasets/M3FD/M3FD/VOCdevkit/VOC2007/JPEGImages/01688.jpg 638,311,675,324,1 779,301,809,322,1 863,305,881,320,1 884,304,904,320,1 911,305,932,324,1 932,305,961,333,1 963,302,990,328,5 910,319,944,369,4
/data/user7/wt/datasets/M3FD/M3FD/VOCdevkit/VOC2007/JPEGImages/01689.jpg 610,308,662,325,1 768,305,797,315,1 859,300,885,318,1 889,303,901,316,1 928,298,952,326,1 949,304,983,330,1 977,295,1005,317,5 928,312,959,366,4
/data/user7/wt/datasets/M3FD/M3FD/VOCdevkit/VOC2007/JPEGImages/01690.jpg 564,316,617,332,1 738,306,765,322,1 841,308,863,324,1 870,307,891,320,1 899,305,910,316,1 913,305,928,317,1 944,306,975,333,1 970,301,993,322,5 924,313,951,367,4
/data/user7/wt/datasets/M3FD/M3FD/VOCdevkit/VOC2007/JPEGImages/01691.jpg 532,309,580,327,1 717,300,751,316,1 832,301,851,311,1 865,300,882,311,1 951,298,978,326,1 972,293,997,320,5 924,304,948,359,4 910,298,924,305,1 899,294,910,308,1
/data/user7/wt/datasets/M3FD/M3FD/VOCdevkit/VOC2007/JPEGImages/01692.jpg 473,314,535,331,1 687,303,724,322,1 820,304,842,318,1 855,304,878,316,1 896,297,918,310,1 957,300,985,327,1 978,298,1000,316,5 921,307,947,363,4
/data/user7/wt/datasets/M3FD/M3FD/VOCdevkit/VOC2007/JPEGImages/01693.jpg 713,272,746,286,1 919,278,944,333,4 878,271,894,282,1 931,272,944,277,1 950,270,962,278,1 895,265,918,280,1 967,265,978,277,1
/data/user7/wt/datasets/M3FD/M3FD/VOCdevkit/VOC2007/JPEGImages/01694.jpg 416,310,486,326,1 653,299,704,317,1 805,294,832,313,1 849,293,874,309,1 967,295,997,318,1 990,288,1008,310,5 928,301,954,356,4 889,296,907,305,1 905,293,918,302,1
/data/user7/wt/datasets/M3FD/M3FD/VOCdevkit/VOC2007/JPEGImages/01695.jpg 335,309,412,332,1 615,297,662,322,1 789,297,817,312,1 837,296,865,310,1 887,296,909,309,1 968,297,999,320,1 947,297,967,310,1 924,296,954,357,4 989,292,1008,311,5
/data/user7/wt/datasets/M3FD/M3FD/VOCdevkit/VOC2007/JPEGImages/01696.jpg 258,309,351,331,1 574,297,630,316,1 774,290,800,305,1 825,289,855,309,1 883,289,909,303,1 955,293,974,309,1 975,294,999,311,1 925,297,955,353,4 993,287,1011,307,5
/data/user7/wt/datasets/M3FD/M3FD/VOCdevkit/VOC2007/JPEGImages/01697.jpg 140,321,244,343,1 516,304,580,322,1 751,301,781,315,1 820,300,848,317,1 877,296,902,312,1 958,298,977,312,1 982,297,1000,315,1 929,303,954,362,4 998,293,1016,313,5
/data/user7/wt/datasets/M3FD/M3FD/VOCdevkit/VOC2007/JPEGImages/01698.jpg 1,317,104,343,1 431,299,515,321,1 728,296,761,309,1 805,299,838,312,1 867,293,894,307,1 960,295,981,309,1 985,296,1006,310,1 928,299,958,358,4 909,294,926,302,1 1002,289,1018,308,5
/data/user7/wt/datasets/M3FD/M3FD/VOCdevkit/VOC2007/JPEGImages/01699.jpg 361,298,451,324,1 701,292,734,310,1 802,290,828,307,1 867,290,888,307,1 969,291,986,305,1 990,292,1011,307,1 930,296,956,355,4 910,290,927,298,1 952,287,963,294,4 1007,285,1021,305,5
/data/user7/wt/datasets/M3FD/M3FD/VOCdevkit/VOC2007/JPEGImages/01700.jpg 236,300,344,330,1 667,294,706,312,1 788,294,817,305,1 855,293,886,306,1 987,289,1022,310,1 970,292,994,306,1 932,295,959,359,4 907,287,925,300,1
/data/user7/wt/datasets/M3FD/M3FD/VOCdevkit/VOC2007/JPEGImages/01702.jpg 573,295,626,316,1 743,293,775,306,1 826,289,851,308,1 848,291,867,309,1 883,286,909,307,1 966,284,988,306,1 990,289,1009,304,1 931,294,948,353,4 1008,286,1018,303,5
/data/user7/wt/datasets/M3FD/M3FD/VOCdevkit/VOC2007/JPEGImages/01703.jpg 517,303,576,318,1 732,298,762,307,1 819,295,847,311,1 842,295,865,308,1 887,293,908,306,1 975,290,998,305,1 1001,292,1018,308,1 935,298,955,355,4
/data/user7/wt/datasets/M3FD/M3FD/VOCdevkit/VOC2007/JPEGImages/01704.jpg 3,166,299,510,5 689,259,732,279,1 934,266,956,328,4 906,264,918,271,1 943,263,956,267,1 962,262,976,267,1
/data/user7/wt/datasets/M3FD/M3FD/VOCdevkit/VOC2007/JPEGImages/01705.jpg 431,305,503,329,1 694,302,729,316,1 797,296,831,317,1 830,299,854,311,1 873,297,898,307,1 983,298,995,310,1 1000,299,1018,311,1 930,301,954,362,4
/data/user7/wt/datasets/M3FD/M3FD/VOCdevkit/VOC2007/JPEGImages/01706.jpg 76,188,554,443,5 915,254,939,316,4 631,245,686,266,1 882,250,897,258,1 920,247,935,253,1
/data/user7/wt/datasets/M3FD/M3FD/VOCdevkit/VOC2007/JPEGImages/01707.jpg 357,205,661,389,5 921,252,943,309,4 883,247,899,256,1 924,245,937,250,1 949,244,959,251,1 634,244,663,270,1
/data/user7/wt/datasets/M3FD/M3FD/VOCdevkit/VOC2007/JPEGImages/01708.jpg 549,208,758,358,5 940,246,966,305,4 900,241,913,251,1
/data/user7/wt/datasets/M3FD/M3FD/VOCdevkit/VOC2007/JPEGImages/01709.jpg 9,270,333,403,1 513,244,581,267,1 644,219,806,340,1 931,248,954,312,4 882,245,904,254,5
/data/user7/wt/datasets/M3FD/M3FD/VOCdevkit/VOC2007/JPEGImages/01710.jpg 375,619,420,768,4 491,641,529,746,4 224,667,245,693,4
/data/user7/wt/datasets/M3FD/M3FD/VOCdevkit/VOC2007/JPEGImages/01711.jpg 262,642,300,732,4 447,640,479,761,4 225,666,247,694,4
/data/user7/wt/datasets/M3FD/M3FD/VOCdevkit/VOC2007/JPEGImages/01713.jpg 354,631,406,768,4 226,668,244,693,4
/data/user7/wt/datasets/M3FD/M3FD/VOCdevkit/VOC2007/JPEGImages/01714.jpg 246,641,278,730,4 450,645,495,757,4 227,668,244,693,4
/data/user7/wt/datasets/M3FD/M3FD/VOCdevkit/VOC2007/JPEGImages/01715.jpg 229,643,269,730,4 460,643,492,753,4
/data/user7/wt/datasets/M3FD/M3FD/VOCdevkit/VOC2007/JPEGImages/01717.jpg 220,641,248,727,4 460,646,499,750,4
/data/user7/wt/datasets/M3FD/M3FD/VOCdevkit/VOC2007/JPEGImages/01718.jpg 205,639,234,730,4 464,645,497,752,4 233,670,247,692,4
/data/user7/wt/datasets/M3FD/M3FD/VOCdevkit/VOC2007/JPEGImages/01720.jpg 187,641,225,726,4 459,647,495,747,4 226,667,247,692,4
/data/user7/wt/datasets/M3FD/M3FD/VOCdevkit/VOC2007/JPEGImages/01721.jpg 191,641,223,727,4 460,646,492,745,4 224,668,247,694,4
/data/user7/wt/datasets/M3FD/M3FD/VOCdevkit/VOC2007/JPEGImages/01722.jpg 191,642,224,722,4 461,650,492,746,4 228,669,247,693,4
/data/user7/wt/datasets/M3FD/M3FD/VOCdevkit/VOC2007/JPEGImages/01724.jpg 369,635,421,766,4 353,641,386,735,4 224,666,245,693,4
/data/user7/wt/datasets/M3FD/M3FD/VOCdevkit/VOC2007/JPEGImages/01725.jpg 200,643,235,726,4 458,649,490,744,4
/data/user7/wt/datasets/M3FD/M3FD/VOCdevkit/VOC2007/JPEGImages/01726.jpg 216,642,247,722,4 462,651,490,743,4
/data/user7/wt/datasets/M3FD/M3FD/VOCdevkit/VOC2007/JPEGImages/01727.jpg 228,644,255,724,4 458,650,491,743,4 228,670,235,689,4
/data/user7/wt/datasets/M3FD/M3FD/VOCdevkit/VOC2007/JPEGImages/01728.jpg 238,645,276,724,4 453,651,486,740,4 225,667,245,694,4
/data/user7/wt/datasets/M3FD/M3FD/VOCdevkit/VOC2007/JPEGImages/01729.jpg 257,644,283,722,4 442,650,474,740,4 224,667,245,693,4
/data/user7/wt/datasets/M3FD/M3FD/VOCdevkit/VOC2007/JPEGImages/01730.jpg 263,644,300,723,4 438,648,462,739,4 226,668,245,692,4
/data/user7/wt/datasets/M3FD/M3FD/VOCdevkit/VOC2007/JPEGImages/01731.jpg 281,645,320,723,4 412,650,457,739,4 224,666,246,693,4
/data/user7/wt/datasets/M3FD/M3FD/VOCdevkit/VOC2007/JPEGImages/01732.jpg 299,646,324,723,4 394,649,432,738,4 224,667,247,693,4
/data/user7/wt/datasets/M3FD/M3FD/VOCdevkit/VOC2007/JPEGImages/01733.jpg 307,646,344,725,4 386,648,420,737,4 224,666,246,693,4
/data/user7/wt/datasets/M3FD/M3FD/VOCdevkit/VOC2007/JPEGImages/01734.jpg 327,649,347,724,4 356,650,404,735,4 225,668,246,693,4
/data/user7/wt/datasets/M3FD/M3FD/VOCdevkit/VOC2007/JPEGImages/01735.jpg 337,641,377,732,4 386,637,437,768,4 220,666,245,693,4
/data/user7/wt/datasets/M3FD/M3FD/VOCdevkit/VOC2007/JPEGImages/01736.jpg 349,648,373,735,4 333,648,354,720,4 225,667,245,690,4
/data/user7/wt/datasets/M3FD/M3FD/VOCdevkit/VOC2007/JPEGImages/01737.jpg 329,648,359,732,4 350,648,386,722,4 226,670,246,692,4
/data/user7/wt/datasets/M3FD/M3FD/VOCdevkit/VOC2007/JPEGImages/01739.jpg 292,646,315,734,4 368,649,407,726,4 226,663,245,695,4
/data/user7/wt/datasets/M3FD/M3FD/VOCdevkit/VOC2007/JPEGImages/01740.jpg 274,648,307,733,4 385,646,416,726,4 237,661,244,676,4 224,666,240,694,4
/data/user7/wt/datasets/M3FD/M3FD/VOCdevkit/VOC2007/JPEGImages/01741.jpg 249,648,290,731,4 386,650,425,728,4 239,662,246,676,4 224,668,244,695,4
/data/user7/wt/datasets/M3FD/M3FD/VOCdevkit/VOC2007/JPEGImages/01742.jpg 243,645,275,730,4 405,649,440,725,4 241,660,248,676,4
/data/user7/wt/datasets/M3FD/M3FD/VOCdevkit/VOC2007/JPEGImages/01743.jpg 229,647,262,731,4 421,648,443,724,4
/data/user7/wt/datasets/M3FD/M3FD/VOCdevkit/VOC2007/JPEGImages/01744.jpg 220,645,251,726,4 426,651,462,726,4 247,662,255,676,4
/data/user7/wt/datasets/M3FD/M3FD/VOCdevkit/VOC2007/JPEGImages/01745.jpg 214,647,241,731,4 434,650,473,724,4 247,660,255,690,4
/data/user7/wt/datasets/M3FD/M3FD/VOCdevkit/VOC2007/JPEGImages/01746.jpg 324,643,373,735,4 403,635,440,766,4 225,666,244,692,4
/data/user7/wt/datasets/M3FD/M3FD/VOCdevkit/VOC2007/JPEGImages/01748.jpg 216,646,242,726,4 450,648,481,731,4 252,660,266,692,4
/data/user7/wt/datasets/M3FD/M3FD/VOCdevkit/VOC2007/JPEGImages/01749.jpg 219,645,244,731,4 449,649,481,730,4 257,659,266,694,4
/data/user7/wt/datasets/M3FD/M3FD/VOCdevkit/VOC2007/JPEGImages/01750.jpg 229,648,264,726,4 448,649,481,730,4 260,659,275,693,4 224,668,236,689,4
/data/user7/wt/datasets/M3FD/M3FD/VOCdevkit/VOC2007/JPEGImages/01752.jpg 247,648,284,730,4 429,648,464,730,4 276,660,285,691,4 225,669,239,694,4
/data/user7/wt/datasets/M3FD/M3FD/VOCdevkit/VOC2007/JPEGImages/01753.jpg 267,645,299,733,4 414,646,452,728,4 224,666,239,690,4
/data/user7/wt/datasets/M3FD/M3FD/VOCdevkit/VOC2007/JPEGImages/01755.jpg 295,648,332,731,4 389,647,428,728,4 224,669,237,693,4
/data/user7/wt/datasets/M3FD/M3FD/VOCdevkit/VOC2007/JPEGImages/01756.jpg 318,645,343,733,4 381,645,405,728,4 295,660,307,695,4 224,666,236,691,4
/data/user7/wt/datasets/M3FD/M3FD/VOCdevkit/VOC2007/JPEGImages/01757.jpg 311,639,351,732,4 407,639,460,768,4 224,666,244,694,4
/data/user7/wt/datasets/M3FD/M3FD/VOCdevkit/VOC2007/JPEGImages/01759.jpg 360,645,378,730,4 348,648,362,727,4 299,661,315,698,4 224,667,237,690,4
/data/user7/wt/datasets/M3FD/M3FD/VOCdevkit/VOC2007/JPEGImages/01761.jpg 547,619,580,686,4 427,610,447,680,4 664,643,681,667,4
/data/user7/wt/datasets/M3FD/M3FD/VOCdevkit/VOC2007/JPEGImages/01762.jpg 420,607,447,682,4 536,620,562,685,4 659,636,668,666,4
/data/user7/wt/datasets/M3FD/M3FD/VOCdevkit/VOC2007/JPEGImages/01763.jpg 474,607,503,690,4 648,615,670,688,4 736,637,756,670,4
/data/user7/wt/datasets/M3FD/M3FD/VOCdevkit/VOC2007/JPEGImages/01764.jpg 522,618,554,683,4 417,609,442,683,4
/data/user7/wt/datasets/M3FD/M3FD/VOCdevkit/VOC2007/JPEGImages/01766.jpg 412,610,437,682,4 500,619,525,682,4
/data/user7/wt/datasets/M3FD/M3FD/VOCdevkit/VOC2007/JPEGImages/01767.jpg 411,611,434,682,4 482,619,512,682,4
/data/user7/wt/datasets/M3FD/M3FD/VOCdevkit/VOC2007/JPEGImages/01769.jpg 416,611,439,678,4 465,614,479,682,4 594,628,606,662,4
/data/user7/wt/datasets/M3FD/M3FD/VOCdevkit/VOC2007/JPEGImages/01770.jpg 420,616,440,684,4 449,615,477,686,4 584,636,596,664,4
/data/user7/wt/datasets/M3FD/M3FD/VOCdevkit/VOC2007/JPEGImages/01772.jpg 435,614,455,687,4 455,615,473,690,4 560,634,578,665,4
/data/user7/wt/datasets/M3FD/M3FD/VOCdevkit/VOC2007/JPEGImages/01773.jpg 442,618,461,687,4 455,617,475,681,4 553,632,573,665,4
/data/user7/wt/datasets/M3FD/M3FD/VOCdevkit/VOC2007/JPEGImages/01774.jpg 468,602,489,685,4 633,616,664,688,4 729,635,746,667,4
/data/user7/wt/datasets/M3FD/M3FD/VOCdevkit/VOC2007/JPEGImages/01775.jpg 454,611,476,686,4 475,618,492,685,4 544,635,560,665,4
/data/user7/wt/datasets/M3FD/M3FD/VOCdevkit/VOC2007/JPEGImages/01776.jpg 468,615,486,689,4 487,620,503,689,4 533,631,547,668,4
/data/user7/wt/datasets/M3FD/M3FD/VOCdevkit/VOC2007/JPEGImages/01778.jpg 460,610,489,687,4 505,622,529,685,4
/data/user7/wt/datasets/M3FD/M3FD/VOCdevkit/VOC2007/JPEGImages/01779.jpg 457,612,482,683,4 516,623,546,688,4
/data/user7/wt/datasets/M3FD/M3FD/VOCdevkit/VOC2007/JPEGImages/01780.jpg 449,615,479,691,4 531,621,558,690,4
/data/user7/wt/datasets/M3FD/M3FD/VOCdevkit/VOC2007/JPEGImages/01781.jpg 440,615,462,686,4 539,620,564,687,4 485,634,497,667,4
/data/user7/wt/datasets/M3FD/M3FD/VOCdevkit/VOC2007/JPEGImages/01782.jpg 431,613,452,684,4 550,618,583,686,4 473,637,488,668,4
/data/user7/wt/datasets/M3FD/M3FD/VOCdevkit/VOC2007/JPEGImages/01783.jpg 425,615,453,685,4 564,618,585,688,4 471,639,484,664,4
/data/user7/wt/datasets/M3FD/M3FD/VOCdevkit/VOC2007/JPEGImages/01784.jpg 423,620,444,686,4 572,621,607,691,4
/data/user7/wt/datasets/M3FD/M3FD/VOCdevkit/VOC2007/JPEGImages/01785.jpg 456,603,485,685,4 618,613,647,683,4 721,634,738,668,4
/data/user7/wt/datasets/M3FD/M3FD/VOCdevkit/VOC2007/JPEGImages/01786.jpg 416,616,439,683,4 586,619,607,690,4
/data/user7/wt/datasets/M3FD/M3FD/VOCdevkit/VOC2007/JPEGImages/01788.jpg 411,620,431,683,4 601,622,637,693,4 472,642,480,667,4
/data/user7/wt/datasets/M3FD/M3FD/VOCdevkit/VOC2007/JPEGImages/01789.jpg 406,623,430,687,4 612,623,641,694,4 472,637,482,659,4
/data/user7/wt/datasets/M3FD/M3FD/VOCdevkit/VOC2007/JPEGImages/01790.jpg 404,626,429,685,4 625,622,660,695,4 470,637,485,666,4
/data/user7/wt/datasets/M3FD/M3FD/VOCdevkit/VOC2007/JPEGImages/01792.jpg 451,603,481,686,4 605,616,645,686,4 713,635,730,670,4
/data/user7/wt/datasets/M3FD/M3FD/VOCdevkit/VOC2007/JPEGImages/01793.jpg 446,603,473,686,4 595,615,623,686,4 704,637,723,670,4
/data/user7/wt/datasets/M3FD/M3FD/VOCdevkit/VOC2007/JPEGImages/01794.jpg 441,609,467,684,4 586,613,611,684,4 693,638,711,672,4
/data/user7/wt/datasets/M3FD/M3FD/VOCdevkit/VOC2007/JPEGImages/01795.jpg 433,605,462,679,4 563,615,602,685,4
/data/user7/wt/datasets/M3FD/M3FD/VOCdevkit/VOC2007/JPEGImages/01796.jpg 433,605,456,679,4 563,614,587,687,4 678,635,690,670,4
/data/user7/wt/datasets/M3FD/M3FD/VOCdevkit/VOC2007/JPEGImages/01798.jpg 188,95,234,180,4 258,93,299,174,4
/data/user7/wt/datasets/M3FD/M3FD/VOCdevkit/VOC2007/JPEGImages/01799.jpg 206,101,253,187,4 240,97,270,179,4
/data/user7/wt/datasets/M3FD/M3FD/VOCdevkit/VOC2007/JPEGImages/01800.jpg 85,84,127,173,4 323,84,363,175,4
/data/user7/wt/datasets/M3FD/M3FD/VOCdevkit/VOC2007/JPEGImages/01801.jpg 211,104,265,187,4 221,99,262,177,4
/data/user7/wt/datasets/M3FD/M3FD/VOCdevkit/VOC2007/JPEGImages/01802.jpg 210,106,246,186,4 244,108,279,194,4
/data/user7/wt/datasets/M3FD/M3FD/VOCdevkit/VOC2007/JPEGImages/01804.jpg 174,95,219,175,4 276,100,325,185,4
/data/user7/wt/datasets/M3FD/M3FD/VOCdevkit/VOC2007/JPEGImages/01805.jpg 290,99,325,181,4 163,92,190,172,4
/data/user7/wt/datasets/M3FD/M3FD/VOCdevkit/VOC2007/JPEGImages/01806.jpg 146,94,189,172,4 303,100,355,182,4
/data/user7/wt/datasets/M3FD/M3FD/VOCdevkit/VOC2007/JPEGImages/01807.jpg 134,96,160,176,4 328,103,366,189,4
/data/user7/wt/datasets/M3FD/M3FD/VOCdevkit/VOC2007/JPEGImages/01808.jpg 117,103,157,182,4 330,110,389,193,4
/data/user7/wt/datasets/M3FD/M3FD/VOCdevkit/VOC2007/JPEGImages/01809.jpg 106,100,133,181,4 362,109,387,194,4
/data/user7/wt/datasets/M3FD/M3FD/VOCdevkit/VOC2007/JPEGImages/01810.jpg 92,105,129,186,4 362,118,406,201,4
/data/user7/wt/datasets/M3FD/M3FD/VOCdevkit/VOC2007/JPEGImages/01811.jpg 95,83,139,172,4 332,83,371,175,4
/data/user7/wt/datasets/M3FD/M3FD/VOCdevkit/VOC2007/JPEGImages/01812.jpg 59,112,103,194,4 420,120,439,205,4
/data/user7/wt/datasets/M3FD/M3FD/VOCdevkit/VOC2007/JPEGImages/01815.jpg 38,85,75,164,4
/data/user7/wt/datasets/M3FD/M3FD/VOCdevkit/VOC2007/JPEGImages/01816.jpg 25,78,52,158,4
/data/user7/wt/datasets/M3FD/M3FD/VOCdevkit/VOC2007/JPEGImages/01818.jpg 1,82,35,162,4
/data/user7/wt/datasets/M3FD/M3FD/VOCdevkit/VOC2007/JPEGImages/01819.jpg 104,88,153,172,4 339,84,370,174,4
/data/user7/wt/datasets/M3FD/M3FD/VOCdevkit/VOC2007/JPEGImages/01820.jpg 3,85,29,165,4
/data/user7/wt/datasets/M3FD/M3FD/VOCdevkit/VOC2007/JPEGImages/01823.jpg 1,87,16,164,4
/data/user7/wt/datasets/M3FD/M3FD/VOCdevkit/VOC2007/JPEGImages/01824.jpg 130,91,162,179,4 340,92,380,180,4
/data/user7/wt/datasets/M3FD/M3FD/VOCdevkit/VOC2007/JPEGImages/01825.jpg 329,88,362,175,4 135,91,182,176,4
/data/user7/wt/datasets/M3FD/M3FD/VOCdevkit/VOC2007/JPEGImages/01826.jpg 147,88,189,174,4 311,89,351,173,4
/data/user7/wt/datasets/M3FD/M3FD/VOCdevkit/VOC2007/JPEGImages/01827.jpg 159,99,211,186,4 289,97,336,181,4
/data/user7/wt/datasets/M3FD/M3FD/VOCdevkit/VOC2007/JPEGImages/01828.jpg 182,84,208,171,4 277,82,313,165,4
/data/user7/wt/datasets/M3FD/M3FD/VOCdevkit/VOC2007/JPEGImages/01830.jpg 131,115,173,177,4
/data/user7/wt/datasets/M3FD/M3FD/VOCdevkit/VOC2007/JPEGImages/01831.jpg 163,117,197,183,4
/data/user7/wt/datasets/M3FD/M3FD/VOCdevkit/VOC2007/JPEGImages/01832.jpg 68,104,100,170,4
/data/user7/wt/datasets/M3FD/M3FD/VOCdevkit/VOC2007/JPEGImages/01833.jpg 163,111,211,173,4
/data/user7/wt/datasets/M3FD/M3FD/VOCdevkit/VOC2007/JPEGImages/01834.jpg 171,116,206,180,4
/data/user7/wt/datasets/M3FD/M3FD/VOCdevkit/VOC2007/JPEGImages/01835.jpg 171,121,224,185,4
/data/user7/wt/datasets/M3FD/M3FD/VOCdevkit/VOC2007/JPEGImages/01836.jpg 189,122,225,186,4
/data/user7/wt/datasets/M3FD/M3FD/VOCdevkit/VOC2007/JPEGImages/01840.jpg 226,101,274,163,4 389,92,434,204,4
/data/user7/wt/datasets/M3FD/M3FD/VOCdevkit/VOC2007/JPEGImages/01841.jpg 355,101,415,211,4 237,104,287,167,4
/data/user7/wt/datasets/M3FD/M3FD/VOCdevkit/VOC2007/JPEGImages/01842.jpg 243,97,290,161,4 319,82,369,204,4
/data/user7/wt/datasets/M3FD/M3FD/VOCdevkit/VOC2007/JPEGImages/01843.jpg 302,90,364,212,4 252,105,293,169,4
/data/user7/wt/datasets/M3FD/M3FD/VOCdevkit/VOC2007/JPEGImages/01844.jpg 254,119,288,183,4 275,112,329,227,4
/data/user7/wt/datasets/M3FD/M3FD/VOCdevkit/VOC2007/JPEGImages/01846.jpg 366,507,425,610,4 398,496,429,599,4
/data/user7/wt/datasets/M3FD/M3FD/VOCdevkit/VOC2007/JPEGImages/01847.jpg 336,509,392,613,4 403,496,452,597,4
/data/user7/wt/datasets/M3FD/M3FD/VOCdevkit/VOC2007/JPEGImages/01848.jpg 267,504,304,605,4 511,511,558,624,4
/data/user7/wt/datasets/M3FD/M3FD/VOCdevkit/VOC2007/JPEGImages/01849.jpg 311,502,360,604,4 432,490,466,591,4
/data/user7/wt/datasets/M3FD/M3FD/VOCdevkit/VOC2007/JPEGImages/01850.jpg 294,505,355,605,4 438,491,489,591,4
/data/user7/wt/datasets/M3FD/M3FD/VOCdevkit/VOC2007/JPEGImages/01851.jpg 254,505,338,608,4 466,492,516,595,4
/data/user7/wt/datasets/M3FD/M3FD/VOCdevkit/VOC2007/JPEGImages/01853.jpg 242,504,293,602,4 503,494,551,599,4
/data/user7/wt/datasets/M3FD/M3FD/VOCdevkit/VOC2007/JPEGImages/01854.jpg 226,498,286,598,4 520,491,572,598,4
/data/user7/wt/datasets/M3FD/M3FD/VOCdevkit/VOC2007/JPEGImages/01855.jpg 214,504,269,600,4 553,493,586,600,4
/data/user7/wt/datasets/M3FD/M3FD/VOCdevkit/VOC2007/JPEGImages/01856.jpg 211,507,254,605,4 556,501,615,612,4
/data/user7/wt/datasets/M3FD/M3FD/VOCdevkit/VOC2007/JPEGImages/01857.jpg 189,497,241,593,4 576,491,629,600,4
/data/user7/wt/datasets/M3FD/M3FD/VOCdevkit/VOC2007/JPEGImages/01858.jpg 185,494,235,588,4 604,485,641,598,4
/data/user7/wt/datasets/M3FD/M3FD/VOCdevkit/VOC2007/JPEGImages/01859.jpg 282,504,320,603,4 502,513,567,626,4
/data/user7/wt/datasets/M3FD/M3FD/VOCdevkit/VOC2007/JPEGImages/01860.jpg 168,490,221,584,4 608,486,668,600,4
/data/user7/wt/datasets/M3FD/M3FD/VOCdevkit/VOC2007/JPEGImages/01861.jpg 138,483,199,590,4 625,487,674,600,4
/data/user7/wt/datasets/M3FD/M3FD/VOCdevkit/VOC2007/JPEGImages/01862.jpg 132,492,194,581,4 655,480,692,598,4
/data/user7/wt/datasets/M3FD/M3FD/VOCdevkit/VOC2007/JPEGImages/01863.jpg 778,549,786,560,4 767,535,780,560,4 983,515,992,533,4 994,508,1005,537,4 1013,496,1020,516,4 1017,512,1024,536,4
/data/user7/wt/datasets/M3FD/M3FD/VOCdevkit/VOC2007/JPEGImages/01864.jpg 775,536,787,552,4 766,549,787,561,4 981,514,990,533,4 994,508,1006,536,4 1014,513,1024,536,4 1011,497,1020,516,4
/data/user7/wt/datasets/M3FD/M3FD/VOCdevkit/VOC2007/JPEGImages/01866.jpg 789,535,801,563,4 767,548,786,560,4 1009,497,1019,514,4 978,525,992,533,4 995,509,1003,539,4 1001,518,1011,537,4 1017,514,1024,536,4
/data/user7/wt/datasets/M3FD/M3FD/VOCdevkit/VOC2007/JPEGImages/01867.jpg 777,549,786,560,4 767,549,779,558,4 796,535,808,565,4 981,524,990,533,4 1016,513,1024,535,4 1010,499,1018,515,4 1002,515,1011,534,4 993,507,1004,536,4
/data/user7/wt/datasets/M3FD/M3FD/VOCdevkit/VOC2007/JPEGImages/01869.jpg 779,551,786,561,4 768,549,781,559,4 808,535,820,564,4 980,525,989,533,4 995,508,1004,536,4 1010,502,1017,514,4 1003,519,1010,535,4 1008,517,1016,536,4
/data/user7/wt/datasets/M3FD/M3FD/VOCdevkit/VOC2007/JPEGImages/01870.jpg 814,535,828,564,4 778,550,787,560,4 768,549,780,559,4 980,525,990,532,4 994,510,1004,536,4 1005,517,1014,535,4 1009,501,1018,515,4
/data/user7/wt/datasets/M3FD/M3FD/VOCdevkit/VOC2007/JPEGImages/01872.jpg 1011,502,1018,515,4 1002,516,1012,536,4 994,510,1005,537,4 979,525,991,532,4 832,533,844,562,4 779,550,787,561,4 768,548,781,560,4
/data/user7/wt/datasets/M3FD/M3FD/VOCdevkit/VOC2007/JPEGImages/01873.jpg 778,549,788,560,4 766,550,781,560,4 838,533,848,562,4 979,525,991,533,4 995,509,1006,536,4 1004,517,1012,533,4 1009,499,1017,515,4
/data/user7/wt/datasets/M3FD/M3FD/VOCdevkit/VOC2007/JPEGImages/01874.jpg 778,548,786,561,4 766,548,781,560,4 839,531,850,562,4 977,524,990,533,4 1008,496,1018,517,4 1002,518,1013,534,4 994,509,1005,536,4
/data/user7/wt/datasets/M3FD/M3FD/VOCdevkit/VOC2007/JPEGImages/01876.jpg 778,548,786,557,4 766,547,782,559,4 839,530,851,562,4 979,524,991,533,4 995,509,1005,537,4 1004,513,1013,534,4 1008,496,1017,517,4
/data/user7/wt/datasets/M3FD/M3FD/VOCdevkit/VOC2007/JPEGImages/01879.jpg 779,550,789,560,4 767,551,784,559,4 844,533,859,564,4 979,525,991,534,4 994,508,1005,536,4 1004,513,1013,536,4 1008,496,1017,516,4
/data/user7/wt/datasets/M3FD/M3FD/VOCdevkit/VOC2007/JPEGImages/01880.jpg 779,550,791,560,4 764,549,782,560,4 847,531,861,563,4 980,524,989,533,4 992,509,1005,536,4 1003,511,1011,533,4 1009,496,1017,516,4
/data/user7/wt/datasets/M3FD/M3FD/VOCdevkit/VOC2007/JPEGImages/01881.jpg 778,550,788,560,4 767,550,782,559,4 848,533,863,563,4 980,524,991,533,4 993,509,1005,537,4 1003,512,1011,535,4 1009,497,1017,516,4
/data/user7/wt/datasets/M3FD/M3FD/VOCdevkit/VOC2007/JPEGImages/01882.jpg 779,551,788,561,4 766,549,782,560,4 846,533,862,564,4 979,525,993,534,4 993,509,1004,536,4 1001,513,1009,533,4 1009,497,1017,516,4
/data/user7/wt/datasets/M3FD/M3FD/VOCdevkit/VOC2007/JPEGImages/01883.jpg 778,550,788,561,4 765,549,781,560,4 850,532,864,565,4 981,523,992,533,4 994,508,1003,536,4 1000,515,1008,531,4 1009,496,1017,515,4
/data/user7/wt/datasets/M3FD/M3FD/VOCdevkit/VOC2007/JPEGImages/01886.jpg 778,550,789,561,4 765,544,780,561,4 849,532,863,565,4 980,525,992,533,4 992,508,1004,536,4 1002,514,1011,535,4 1009,497,1017,514,4
/data/user7/wt/datasets/M3FD/M3FD/VOCdevkit/VOC2007/JPEGImages/01888.jpg 777,549,787,561,4 768,542,779,559,4 849,533,862,565,4 981,526,993,533,4 991,506,1004,537,4 1002,514,1012,535,4 1010,502,1018,516,4
/data/user7/wt/datasets/M3FD/M3FD/VOCdevkit/VOC2007/JPEGImages/01889.jpg 777,550,789,562,4 768,542,779,560,4 847,532,863,565,4 980,526,992,532,4 991,508,1004,536,4 1001,515,1009,535,4 1011,502,1018,516,4
/data/user7/wt/datasets/M3FD/M3FD/VOCdevkit/VOC2007/JPEGImages/01891.jpg 766,542,780,559,4 779,549,787,561,4 850,535,864,566,4 980,526,993,533,4 991,509,1002,536,4 998,511,1007,532,4 1010,503,1018,517,4
/data/user7/wt/datasets/M3FD/M3FD/VOCdevkit/VOC2007/JPEGImages/01893.jpg 766,542,781,559,4 779,550,790,560,4 838,536,853,567,4 981,527,991,532,4 1007,504,1017,516,4 990,508,1005,537,4 997,510,1008,530,4
/data/user7/wt/datasets/M3FD/M3FD/VOCdevkit/VOC2007/JPEGImages/01895.jpg 778,549,789,560,4 765,540,780,559,4 836,535,850,567,4 1009,502,1017,515,4 995,509,1005,537,4 981,511,990,529,4 986,523,1002,536,4
/data/user7/wt/datasets/M3FD/M3FD/VOCdevkit/VOC2007/JPEGImages/01896.jpg 778,549,792,560,4 836,535,848,567,4 766,537,778,560,4 1010,502,1018,516,4 995,509,1005,537,4 986,524,1003,535,4 973,509,986,532,4
/data/user7/wt/datasets/M3FD/M3FD/VOCdevkit/VOC2007/JPEGImages/01897.jpg 774,542,785,558,4 765,535,775,557,4 833,533,845,565,4 1006,589,1024,651,4 1007,501,1014,512,4 965,510,976,528,4 991,508,1002,533,4 981,522,1002,533,4
/data/user7/wt/datasets/M3FD/M3FD/VOCdevkit/VOC2007/JPEGImages/01898.jpg 776,539,788,557,4 766,535,775,558,4 831,535,845,565,4 991,595,1024,657,4 1006,502,1014,513,4 962,510,973,527,4 992,507,1001,535,4 977,521,999,535,4
/data/user7/wt/datasets/M3FD/M3FD/VOCdevkit/VOC2007/JPEGImages/01902.jpg 948,595,993,671,4 765,535,775,557,4 779,547,795,558,4 816,542,834,564,4 960,509,971,526,4 1008,500,1018,512,4 989,507,1003,534,4 977,521,997,534,4
/data/user7/wt/datasets/M3FD/M3FD/VOCdevkit/VOC2007/JPEGImages/01903.jpg 950,593,987,673,4 766,535,776,557,4 780,547,794,559,4 818,546,834,563,4 960,509,970,527,4 991,507,1004,534,4 979,520,995,533,4 1010,500,1018,512,4
/data/user7/wt/datasets/M3FD/M3FD/VOCdevkit/VOC2007/JPEGImages/01904.jpg 1009,495,1018,512,4 993,507,1002,530,4 979,522,1003,533,4 960,507,970,527,4 765,535,775,556,4 780,547,795,558,4 817,546,834,563,4 940,594,975,674,4
/data/user7/wt/datasets/M3FD/M3FD/VOCdevkit/VOC2007/JPEGImages/01905.jpg 927,592,967,675,4 764,537,775,557,4 780,546,796,559,4 818,546,835,563,4 960,509,970,526,4 1008,495,1017,513,4 989,507,1001,530,4 979,522,1002,535,4
/data/user7/wt/datasets/M3FD/M3FD/VOCdevkit/VOC2007/JPEGImages/01906.jpg 926,590,957,671,4 765,539,776,557,4 780,546,796,559,4 819,546,835,564,4 961,509,971,527,4 1009,494,1017,512,4 989,507,1001,532,4 978,524,1000,535,4
/data/user7/wt/datasets/M3FD/M3FD/VOCdevkit/VOC2007/JPEGImages/01909.jpg 924,583,954,658,4 765,537,775,557,4 780,547,796,559,4 819,546,833,564,4 955,507,965,528,4 989,507,1001,533,4 977,521,997,533,4 1009,496,1018,512,4
/data/user7/wt/datasets/M3FD/M3FD/VOCdevkit/VOC2007/JPEGImages/01910.jpg 921,582,953,654,4 763,538,776,557,4 779,546,798,560,4 818,545,834,563,4 949,508,962,530,4 989,507,1000,531,4 1009,496,1017,512,4 976,522,999,533,4
/data/user7/wt/datasets/M3FD/M3FD/VOCdevkit/VOC2007/JPEGImages/01911.jpg 922,581,956,651,4 763,538,777,557,4 781,547,800,559,4 818,545,834,565,4 939,510,953,532,4 989,506,1001,531,4 1008,496,1017,512,4 976,523,1000,534,4
/data/user7/wt/datasets/M3FD/M3FD/VOCdevkit/VOC2007/JPEGImages/01912.jpg 13,104,21,117,4 290,74,337,227,4
/data/user7/wt/datasets/M3FD/M3FD/VOCdevkit/VOC2007/JPEGImages/01913.jpg 69,103,77,117,4 304,76,345,189,4
/data/user7/wt/datasets/M3FD/M3FD/VOCdevkit/VOC2007/JPEGImages/01914.jpg 71,103,81,117,4 304,78,342,194,4
/data/user7/wt/datasets/M3FD/M3FD/VOCdevkit/VOC2007/JPEGImages/01915.jpg 42,102,51,116,4 314,74,362,206,4
/data/user7/wt/datasets/M3FD/M3FD/VOCdevkit/VOC2007/JPEGImages/01917.jpg 78,102,85,116,4 302,77,340,193,4
/data/user7/wt/datasets/M3FD/M3FD/VOCdevkit/VOC2007/JPEGImages/01918.jpg 82,102,90,116,4 291,77,334,191,4
/data/user7/wt/datasets/M3FD/M3FD/VOCdevkit/VOC2007/JPEGImages/01919.jpg 84,102,93,116,4 291,76,326,189,4
/data/user7/wt/datasets/M3FD/M3FD/VOCdevkit/VOC2007/JPEGImages/01920.jpg 287,78,320,187,4 88,102,95,116,4
/data/user7/wt/datasets/M3FD/M3FD/VOCdevkit/VOC2007/JPEGImages/01921.jpg 265,78,314,188,4 91,102,99,115,4
/data/user7/wt/datasets/M3FD/M3FD/VOCdevkit/VOC2007/JPEGImages/01922.jpg 94,103,103,116,4 264,77,305,188,4
/data/user7/wt/datasets/M3FD/M3FD/VOCdevkit/VOC2007/JPEGImages/01923.jpg 265,77,299,187,4 95,102,105,115,4
/data/user7/wt/datasets/M3FD/M3FD/VOCdevkit/VOC2007/JPEGImages/01924.jpg 98,102,106,115,4 263,77,296,184,4
/data/user7/wt/datasets/M3FD/M3FD/VOCdevkit/VOC2007/JPEGImages/01925.jpg 250,76,290,184,4 100,103,109,115,4
/data/user7/wt/datasets/M3FD/M3FD/VOCdevkit/VOC2007/JPEGImages/01927.jpg 248,75,283,182,4 102,103,111,116,4
/data/user7/wt/datasets/M3FD/M3FD/VOCdevkit/VOC2007/JPEGImages/01928.jpg 103,102,111,115,4 248,77,280,181,4
/data/user7/wt/datasets/M3FD/M3FD/VOCdevkit/VOC2007/JPEGImages/01931.jpg 107,102,117,115,4 231,71,266,175,4
/data/user7/wt/datasets/M3FD/M3FD/VOCdevkit/VOC2007/JPEGImages/01934.jpg 114,103,123,116,4 243,74,278,175,4
/data/user7/wt/datasets/M3FD/M3FD/VOCdevkit/VOC2007/JPEGImages/01935.jpg 433,372,444,407,4 442,372,452,408,4 459,372,467,407,4 471,375,480,405,4 489,371,496,406,4 495,369,505,407,4 506,372,514,409,4 823,348,838,415,4 811,353,824,416,4 795,354,814,414,4 781,356,791,414,4 765,356,781,416,4 743,355,768,416,4 734,355,746,415,4 721,363,738,416,4 682,361,701,412,4 675,361,688,411,4 660,361,678,411,4 635,360,648,413,4 622,361,635,412,4 603,364,623,410,4 590,364,604,409,4 576,364,590,409,4 553,367,562,410,4 544,369,554,408,4 531,364,542,410,4 835,354,854,415,4 862,354,878,414,4 848,351,863,417,4 879,347,893,412,4 894,342,909,410,4 913,339,927,410,4 949,333,974,410,4 978,334,1003,419,4 990,346,1013,415,4 1007,335,1024,415,4 788,357,798,413,4
/data/user7/wt/datasets/M3FD/M3FD/VOCdevkit/VOC2007/JPEGImages/01936.jpg 433,372,444,407,4 442,372,452,408,4 459,372,467,407,4 467,371,480,406,4 489,371,496,406,4 495,369,505,405,4 506,370,514,407,4 823,348,836,413,4 811,350,825,415,4 794,351,812,414,4 779,352,795,413,4 761,350,779,411,4 739,354,763,412,4 734,354,748,415,4 718,354,738,416,4 680,359,701,412,4 669,362,682,410,4 659,361,677,411,4 635,360,650,413,4 621,358,635,412,4 602,360,614,408,4 590,364,606,408,4 578,364,590,409,4 555,366,567,410,4 544,369,554,408,4 531,364,545,408,4 835,350,853,415,4 848,346,860,411,4 856,349,878,411,4 878,345,892,410,4 889,351,900,408,4 914,342,927,410,4 949,333,974,410,4 978,334,995,410,4 990,333,1012,410,4 1006,333,1023,413,4 553,364,565,408,4 613,359,622,408,4 899,339,913,406,4
/data/user7/wt/datasets/M3FD/M3FD/VOCdevkit/VOC2007/JPEGImages/01938.jpg 433,372,444,407,4 442,372,452,408,4 459,372,467,407,4 471,375,480,405,4 489,371,496,406,4 496,365,505,407,4 506,370,514,407,4 823,348,838,415,4 808,350,826,416,4 795,351,811,414,4 773,351,792,410,4 765,351,790,416,4 743,348,768,416,4 730,352,748,415,4 709,354,728,410,4 682,361,701,412,4 675,358,689,411,4 660,361,678,411,4 630,357,647,411,4 622,358,633,412,4 603,359,622,410,4 591,360,606,408,4 576,361,586,409,4 555,366,567,410,4 544,369,554,408,4 531,364,545,408,4 839,350,853,415,4 862,354,878,414,4 846,346,863,411,4 878,343,893,412,4 898,340,913,408,4 914,342,927,410,4 949,330,972,410,4 984,330,1004,419,4 990,342,1013,415,4 1007,335,1024,415,4 888,352,899,406,4 647,359,659,410,4
/data/user7/wt/datasets/M3FD/M3FD/VOCdevkit/VOC2007/JPEGImages/01941.jpg 991,342,1010,410,4 1007,335,1022,411,4 986,332,1004,411,4 949,332,976,407,4 910,344,930,405,4 900,339,917,405,4 887,352,905,405,4 878,343,890,406,4 853,349,877,406,4 839,346,857,409,4 811,349,838,413,4 797,351,817,411,4 781,353,799,410,4 758,352,780,412,4 745,358,759,413,4 731,353,753,413,4 715,355,736,408,4 693,357,703,408,4 673,363,694,409,4 666,360,681,408,4 647,363,666,410,4 635,358,647,410,4 625,359,636,407,4 604,359,616,406,4 614,365,627,408,4 593,365,605,407,4 584,363,593,406,4 576,361,585,407,4 555,365,570,407,4 548,367,557,407,4 542,366,550,408,4 535,364,542,405,4 527,366,534,406,4 510,368,518,403,4 501,367,509,406,4 492,371,502,407,4 486,371,492,405,4 473,373,479,403,4 469,374,473,401,4 464,375,469,403,4 459,372,464,404,4 444,377,451,401,4 436,372,442,402,4 430,374,437,399,4
/data/user7/wt/datasets/M3FD/M3FD/VOCdevkit/VOC2007/JPEGImages/01942.jpg 1007,335,1024,409,4 986,337,1010,408,4 989,332,1005,412,4 949,331,972,409,4 910,340,928,406,4 900,339,915,406,4 888,352,901,407,4 877,344,890,408,4 856,349,877,408,4 842,345,856,412,4 837,350,854,411,4 811,349,839,413,4 796,352,811,409,4 781,351,798,411,4 751,352,775,413,4 738,355,751,412,4 727,352,742,413,4 715,353,731,407,4 667,358,681,410,4 687,359,697,408,4 636,359,646,408,4 629,365,636,408,4 620,360,629,408,4 611,358,620,407,4 600,358,612,406,4 594,364,603,404,4 587,361,594,405,4 576,362,585,408,4 554,365,565,405,4 543,365,553,407,4 536,371,543,408,4 510,368,517,407,4 504,366,510,406,4 496,372,501,406,4 488,369,496,406,4 474,371,480,402,4 471,372,475,403,4 466,374,471,406,4 460,372,465,406,4 445,373,450,405,4 441,371,446,403,4 435,371,442,404,4 429,368,435,405,4
/data/user7/wt/datasets/M3FD/M3FD/VOCdevkit/VOC2007/JPEGImages/01943.jpg 1007,335,1024,407,4 990,344,1012,412,4 990,331,1003,407,4 948,331,973,408,4 916,341,927,406,4 903,341,916,404,4 890,351,902,408,4 877,343,890,407,4 855,350,877,408,4 837,348,855,411,4 814,349,836,411,4 795,352,813,411,4 771,353,797,409,4 750,353,769,410,4 736,356,750,412,4 720,352,736,410,4 715,356,725,405,4 685,356,699,408,4 676,364,687,410,4 661,360,679,409,4 646,354,661,409,4 641,360,652,408,4 630,360,640,408,4 622,362,634,408,4 613,359,623,409,4 601,362,615,408,4 594,364,601,408,4 587,362,595,407,4 575,363,588,406,4 554,366,565,406,4 545,367,554,406,4 539,367,547,408,4 531,365,540,405,4 508,366,518,407,4 499,370,509,407,4 490,370,498,406,4 486,371,492,407,4 474,373,480,407,4 468,372,474,407,4 463,374,469,408,4 457,374,463,408,4 442,374,452,407,4 436,372,443,406,4 428,369,437,406,4 412,373,421,404,4 406,372,412,404,4 402,374,406,405,4
/data/user7/wt/datasets/M3FD/M3FD/VOCdevkit/VOC2007/JPEGImages/01944.jpg 1007,335,1024,409,4 988,332,1014,409,4 950,333,975,409,4 914,341,925,406,4 901,339,918,404,4 889,349,901,406,4 875,343,895,408,4 853,353,876,408,4 834,352,853,410,4 820,349,833,413,4 808,350,824,412,4 791,350,810,413,4 767,351,788,411,4 745,351,763,413,4 729,354,744,411,4 717,353,733,411,4 712,352,723,413,4 687,354,703,411,4 676,356,692,409,4 655,354,671,409,4 643,359,655,410,4 632,359,644,408,4 620,360,633,406,4 612,357,624,406,4 600,359,614,406,4 591,365,603,402,4 586,360,596,406,4 576,360,588,406,4 557,365,568,406,4 553,363,561,407,4 545,367,554,408,4 537,366,544,408,4 527,366,538,409,4 513,366,518,410,4 507,364,514,412,4 498,366,507,410,4 492,372,499,406,4 485,371,491,411,4 470,372,479,405,4 464,371,471,407,4 459,373,463,408,4 442,372,449,403,4 435,370,442,402,4 429,372,434,403,4
/data/user7/wt/datasets/M3FD/M3FD/VOCdevkit/VOC2007/JPEGImages/01948.jpg 1007,333,1024,409,4 987,333,1010,409,4 947,333,974,407,4 913,339,927,403,4 901,341,915,403,4 887,352,905,405,4 878,344,889,406,4 856,353,877,408,4 850,350,862,409,4 834,350,853,411,4 821,349,841,411,4 803,349,826,411,4 798,353,812,410,4 777,352,792,410,4 755,353,774,412,4 734,352,750,411,4 724,355,736,411,4 710,353,725,407,4 681,355,697,409,4 653,360,665,409,4 667,359,679,410,4 636,361,654,408,4 588,363,601,407,4 576,363,589,406,4 546,368,554,410,4 538,367,546,409,4 528,367,535,409,4 534,365,541,410,4 518,366,524,410,4 514,367,518,411,4 507,369,514,410,4 494,372,505,409,4 486,372,494,408,4 472,374,480,405,4 464,372,473,406,4 458,373,465,407,4 441,374,451,405,4 437,370,446,404,4 433,372,439,403,4 428,369,436,404,4 415,373,422,402,4 406,373,414,403,4 601,358,617,406,4 617,360,629,409,4
/data/user7/wt/datasets/M3FD/M3FD/VOCdevkit/VOC2007/JPEGImages/01949.jpg 1007,333,1024,409,4 987,333,1010,409,4 947,333,974,407,4 901,341,915,403,4 887,352,905,405,4 878,344,889,406,4 856,353,877,408,4 850,350,862,409,4 834,350,853,411,4 821,349,835,411,4 798,348,813,412,4 768,352,792,410,4 750,351,769,412,4 734,352,750,411,4 720,354,739,411,4 710,352,721,407,4 649,360,661,409,4 658,357,676,410,4 591,366,603,407,4 576,361,585,406,4 555,368,568,407,4 546,368,554,410,4 538,367,546,409,4 528,367,535,409,4 534,365,541,410,4 518,366,524,410,4 514,367,518,411,4 507,369,514,410,4 494,372,505,409,4 486,372,494,408,4 472,374,480,405,4 464,372,473,406,4 458,373,465,407,4 441,374,451,405,4 437,370,446,404,4 433,372,439,403,4 428,369,436,404,4 415,373,422,402,4 406,373,414,403,4 586,363,596,409,4 688,355,698,404,4 791,355,803,410,4 634,362,650,409,4 604,360,618,406,4 620,360,631,408,4
/data/user7/wt/datasets/M3FD/M3FD/VOCdevkit/VOC2007/JPEGImages/01950.jpg 1007,333,1024,409,4 987,333,1010,409,4 947,333,974,407,4 901,341,915,403,4 887,352,905,405,4 878,344,889,406,4 851,352,877,408,4 850,350,862,409,4 831,353,848,410,4 811,350,831,412,4 795,349,813,412,4 763,351,782,410,4 743,353,762,412,4 724,355,742,409,4 710,353,725,407,4 659,359,671,408,4 588,363,601,407,4 576,363,589,406,4 555,368,568,407,4 546,368,554,410,4 538,367,546,409,4 528,367,535,409,4 534,365,541,410,4 518,366,524,410,4 514,367,518,411,4 507,369,514,410,4 494,372,505,409,4 486,372,494,408,4 472,374,480,405,4 464,372,473,406,4 458,373,465,407,4 441,374,451,405,4 437,370,446,404,4 433,372,439,403,4 428,369,436,404,4 415,373,422,402,4 406,373,414,403,4 789,354,799,412,4 687,357,702,406,4 639,362,653,406,4 604,359,622,406,4 624,360,632,380,4 627,361,637,408,4
/data/user7/wt/datasets/M3FD/M3FD/VOCdevkit/VOC2007/JPEGImages/01952.jpg 1007,333,1024,409,4 987,333,1010,409,4 947,333,974,407,4 913,339,927,403,4 901,341,915,403,4 882,346,900,405,4 871,344,882,406,4 849,354,871,408,4 834,350,853,411,4 818,354,835,411,4 796,353,816,411,4 777,351,796,410,4 755,353,774,412,4 734,352,755,411,4 724,355,736,411,4 710,353,725,407,4 672,355,692,409,4 645,361,661,410,4 632,361,647,408,4 588,363,601,407,4 576,363,589,406,4 555,368,568,407,4 546,368,554,410,4 538,367,546,409,4 528,367,535,409,4 534,365,541,410,4 518,366,524,410,4 514,367,518,411,4 507,369,514,410,4 494,372,505,409,4 486,372,494,408,4 472,374,480,405,4 464,372,473,406,4 458,373,465,407,4 441,374,451,405,4 437,370,446,404,4 433,372,439,403,4 428,369,436,404,4 415,373,422,402,4 406,373,414,403,4 603,360,617,405,4 622,360,630,407,4 616,360,626,405,4
/data/user7/wt/datasets/M3FD/M3FD/VOCdevkit/VOC2007/JPEGImages/01953.jpg 1006,333,1024,409,4 988,332,1010,409,4 948,331,977,410,4 907,340,925,405,4 889,348,906,406,4 867,343,889,407,4 848,352,869,411,4 834,350,848,411,4 813,354,835,412,4 799,352,816,411,4 777,350,800,410,4 747,348,771,411,4 730,353,749,411,4 720,356,735,409,4 669,356,687,407,4 692,354,701,409,4 641,358,664,407,4 631,361,644,408,4 591,362,602,405,4 578,364,589,407,4 548,364,557,406,4 558,364,565,406,4 540,369,548,407,4 531,369,538,410,4 507,370,517,410,4 498,369,507,410,4 490,370,498,411,4 472,375,477,404,4 465,374,470,405,4 456,375,464,405,4 444,373,450,405,4 438,377,444,404,4 429,376,436,407,4 413,378,417,402,4 406,377,411,402,4 401,378,406,406,4 603,358,618,409,4 619,361,631,407,4
/data/user7/wt/datasets/M3FD/M3FD/VOCdevkit/VOC2007/JPEGImages/01954.jpg 1007,332,1022,410,4 987,331,1010,408,4 948,334,973,407,4 911,340,928,405,4 900,338,913,406,4 886,352,901,406,4 866,345,887,406,4 841,354,867,408,4 826,351,841,412,4 808,357,827,410,4 792,354,809,410,4 776,351,795,411,4 765,349,782,410,4 738,353,753,409,4 726,355,741,411,4 714,355,728,408,4 684,353,699,406,4 666,356,681,404,4 655,358,667,407,4 643,361,656,408,4 634,361,645,406,4 591,361,603,404,4 577,365,591,406,4 555,362,565,406,4 535,365,552,409,4 508,369,518,406,4 502,369,509,409,4 495,373,502,410,4 487,374,495,409,4 472,373,478,403,4 464,373,472,406,4 458,373,464,406,4 444,374,451,404,4 437,372,444,405,4 431,375,438,406,4 412,376,420,407,4 404,376,412,402,4 604,358,615,407,4 618,357,625,407,4 624,360,634,406,4
/data/user7/wt/datasets/M3FD/M3FD/VOCdevkit/VOC2007/JPEGImages/01956.jpg 1007,335,1024,415,4 983,331,1012,411,4 947,330,976,407,4 912,341,933,404,4 899,339,918,404,4 885,351,903,403,4 856,345,882,406,4 834,354,858,409,4 815,353,838,411,4 798,357,817,408,4 779,352,802,411,4 763,351,786,411,4 733,355,750,412,4 723,354,737,412,4 712,356,724,406,4 680,356,696,408,4 662,357,678,409,4 644,359,660,408,4 632,361,647,407,4 592,364,603,405,4 583,364,592,404,4 552,363,566,405,4 540,367,552,408,4 526,369,540,408,4 505,366,518,406,4 497,368,507,405,4 488,369,498,405,4 470,373,480,404,4 463,370,473,404,4 458,370,467,405,4 441,369,451,404,4 432,369,444,404,4 428,373,436,404,4 413,372,419,403,4 406,372,412,405,4 401,374,407,398,4 576,368,582,401,4 605,359,614,409,4
/data/user7/wt/datasets/M3FD/M3FD/VOCdevkit/VOC2007/JPEGImages/01957.jpg 1005,334,1024,406,4 984,332,1010,408,4 947,331,974,408,4 906,336,926,404,4 892,340,909,404,4 876,343,892,406,4 855,351,875,407,4 834,351,853,410,4 814,349,832,413,4 793,354,814,410,4 780,351,795,411,4 760,354,782,411,4 744,352,761,411,4 732,355,747,413,4 710,363,729,411,4 688,359,702,410,4 674,358,690,410,4 653,359,674,411,4 637,364,652,410,4 602,362,617,409,4 589,361,605,409,4 578,363,589,410,4 554,362,566,405,4 543,363,553,407,4 530,365,542,409,4 510,369,519,406,4 500,370,510,407,4 490,371,500,409,4 473,371,480,407,4 465,372,473,408,4 456,371,465,406,4 447,372,451,400,4 438,371,447,402,4 429,372,437,403,4 412,373,421,401,4
/data/user7/wt/datasets/M3FD/M3FD/VOCdevkit/VOC2007/JPEGImages/01958.jpg 1005,331,1020,413,4 984,326,1013,413,4 946,333,973,409,4 909,339,926,405,4 892,339,907,407,4 873,349,891,409,4 851,347,873,409,4 829,354,850,413,4 809,352,826,410,4 794,353,811,409,4 777,349,794,410,4 761,348,782,409,4 750,352,768,410,4 717,355,741,413,4 690,350,698,406,4 664,353,685,409,4 651,357,666,409,4 638,361,652,407,4 603,361,616,406,4 594,362,604,408,4 585,363,596,406,4 577,364,586,408,4 554,367,565,406,4 535,367,552,406,4 528,370,535,409,4 508,367,520,406,4 498,367,508,407,4 490,368,498,407,4 473,370,478,403,4 467,372,475,404,4 458,371,469,407,4 444,369,452,401,4 437,370,444,401,4 432,370,437,402,4
/data/user7/wt/datasets/M3FD/M3FD/VOCdevkit/VOC2007/JPEGImages/01959.jpg 1006,332,1023,413,4 982,332,1009,413,4 949,329,975,414,4 910,338,928,404,4 884,340,910,405,4 867,352,888,408,4 847,348,869,409,4 820,356,845,410,4 801,353,820,410,4 775,352,803,412,4 756,349,773,413,4 743,349,759,412,4 713,354,735,412,4 686,356,698,406,4 667,357,684,409,4 652,361,667,408,4 636,365,650,405,4 603,361,616,405,4 591,363,604,405,4 579,364,591,404,4 554,364,566,405,4 536,364,550,404,4 528,369,536,407,4 509,368,518,405,4 497,369,507,406,4 486,369,497,407,4 472,371,480,405,4 464,372,472,408,4 458,373,466,409,4 444,372,453,406,4 438,371,443,407,4 429,371,438,408,4 414,375,420,404,4
/data/user7/wt/datasets/M3FD/M3FD/VOCdevkit/VOC2007/JPEGImages/01962.jpg 1006,332,1023,413,4 982,332,1009,413,4 949,329,975,414,4 903,340,923,407,4 873,344,899,409,4 844,354,870,408,4 834,345,855,410,4 813,354,835,413,4 796,354,815,411,4 779,357,803,409,4 747,350,765,415,4 726,354,744,414,4 713,355,725,411,4 681,358,695,408,4 666,357,683,409,4 650,361,665,408,4 636,365,650,405,4 603,363,616,407,4 591,363,604,405,4 579,364,591,404,4 554,364,566,405,4 536,364,550,404,4 528,369,536,407,4 509,368,518,405,4 497,369,507,406,4 486,369,497,407,4 472,371,480,405,4 464,372,472,408,4 458,373,466,409,4 444,372,453,406,4 438,371,443,407,4 429,371,438,408,4 414,375,420,404,4 765,354,778,411,4 617,360,625,407,4 626,364,635,410,4
/data/user7/wt/datasets/M3FD/M3FD/VOCdevkit/VOC2007/JPEGImages/01963.jpg 1006,332,1023,413,4 982,332,1009,413,4 949,329,975,414,4 897,340,917,407,4 865,343,891,408,4 845,347,869,409,4 833,348,854,413,4 805,355,827,414,4 791,354,810,411,4 772,357,790,409,4 744,353,759,411,4 714,352,732,412,4 681,358,695,408,4 666,357,683,409,4 650,361,665,408,4 636,365,650,405,4 603,363,616,407,4 591,363,604,405,4 579,364,591,404,4 554,364,566,405,4 536,364,550,404,4 528,369,536,407,4 509,368,518,405,4 497,369,507,406,4 486,369,497,407,4 472,371,480,405,4 464,372,472,408,4 458,373,466,409,4 444,372,453,406,4 438,371,443,407,4 429,371,438,408,4 414,375,420,404,4 757,351,778,411,4 619,359,630,408,4 628,361,637,408,4
/data/user7/wt/datasets/M3FD/M3FD/VOCdevkit/VOC2007/JPEGImages/01964.jpg 1005,333,1024,406,4 981,332,1005,408,4 950,331,973,405,4 917,339,927,403,4 888,344,914,404,4 859,343,883,409,4 834,354,852,412,4 800,358,824,413,4 782,354,805,409,4 763,359,784,410,4 748,353,767,412,4 735,354,753,411,4 711,357,726,413,4 687,355,702,406,4 666,357,686,409,4 653,358,669,411,4 638,363,652,413,4 621,361,638,414,4 589,361,606,407,4 577,361,587,409,4 555,365,566,404,4 541,366,553,408,4 529,367,540,409,4 508,365,520,409,4 498,367,507,409,4 487,365,497,410,4 470,370,481,402,4 460,373,469,404,4 444,371,452,409,4 435,371,442,409,4 423,372,434,405,4 415,374,420,403,4 408,377,415,403,4 605,358,615,406,4
/data/user7/wt/datasets/M3FD/M3FD/VOCdevkit/VOC2007/JPEGImages/01965.jpg 1001,333,1024,406,4 981,334,1006,407,4 947,331,973,405,4 913,339,929,405,4 876,342,906,404,4 855,344,877,410,4 830,357,851,409,4 820,347,837,410,4 798,359,816,409,4 780,353,800,406,4 760,357,774,408,4 742,353,762,409,4 729,354,749,411,4 710,357,724,408,4 688,356,700,407,4 668,357,686,410,4 652,358,668,410,4 638,361,652,412,4 602,362,616,408,4 593,358,602,409,4 587,364,596,409,4 579,363,589,408,4 561,365,571,407,4 554,364,563,407,4 539,364,550,409,4 530,371,539,408,4 509,367,520,407,4 501,367,509,408,4 492,369,501,409,4 486,371,492,410,4 473,370,479,407,4 466,372,474,408,4 459,371,466,411,4 445,371,452,408,4 438,370,447,409,4 430,369,437,409,4 413,376,419,404,4 407,375,412,405,4 625,360,637,410,4 614,360,624,410,4
/data/user7/wt/datasets/M3FD/M3FD/VOCdevkit/VOC2007/JPEGImages/01966.jpg 1001,333,1024,406,4 981,334,1006,407,4 947,331,973,405,4 913,339,929,405,4 876,342,895,403,4 851,344,873,410,4 820,359,841,411,4 817,347,834,410,4 794,359,812,409,4 780,353,800,406,4 759,359,773,410,4 738,353,758,409,4 723,353,743,410,4 710,357,720,410,4 688,356,700,407,4 668,357,686,410,4 652,358,668,410,4 638,361,652,412,4 602,362,616,408,4 593,358,602,409,4 587,364,596,409,4 579,363,589,408,4 561,365,571,407,4 554,364,563,407,4 539,364,550,409,4 530,371,539,408,4 509,367,520,407,4 501,367,509,408,4 492,369,501,409,4 486,371,492,410,4 473,370,479,407,4 466,372,474,408,4 459,371,466,411,4 445,371,452,408,4 438,370,447,409,4 430,369,437,409,4 413,376,419,404,4 407,375,412,405,4 890,339,906,405,4 625,359,637,409,4 612,357,624,410,4
/data/user7/wt/datasets/M3FD/M3FD/VOCdevkit/VOC2007/JPEGImages/01967.jpg 1001,333,1024,406,4 981,334,1006,407,4 947,331,973,405,4 913,339,929,405,4 870,343,889,404,4 842,345,864,411,4 819,360,840,412,4 814,348,831,411,4 791,359,809,409,4 774,356,794,409,4 757,359,771,410,4 736,353,756,409,4 723,353,743,410,4 710,357,720,410,4 688,356,700,407,4 668,357,686,410,4 652,358,668,410,4 638,361,652,412,4 602,362,616,408,4 593,358,602,409,4 587,364,596,409,4 579,363,589,408,4 561,365,571,407,4 554,364,563,407,4 539,364,550,409,4 530,371,539,408,4 509,367,520,407,4 501,367,509,408,4 492,369,501,409,4 486,371,492,410,4 473,370,479,407,4 466,372,474,408,4 459,371,466,411,4 445,371,452,408,4 438,370,447,409,4 430,369,437,409,4 413,376,419,404,4 407,375,412,405,4 893,340,915,406,4 626,360,636,406,4 614,357,626,409,4
/data/user7/wt/datasets/M3FD/M3FD/VOCdevkit/VOC2007/JPEGImages/01969.jpg 1000,335,1022,410,4 984,331,1000,409,4 968,340,985,408,4 945,331,965,410,4 903,337,930,405,4 886,344,907,405,4 862,347,882,406,4 838,345,860,410,4 816,356,837,411,4 804,348,817,412,4 786,359,803,410,4 768,357,787,409,4 747,359,764,410,4 733,355,749,411,4 712,355,733,409,4 681,355,700,405,4 664,355,680,409,4 651,357,663,412,4 637,362,653,410,4 602,359,614,407,4 587,363,601,409,4 577,364,587,407,4 558,369,570,407,4 539,366,553,407,4 530,372,537,408,4 511,367,519,406,4 504,371,510,407,4 496,372,503,407,4 488,371,497,408,4 472,371,480,406,4 465,369,471,407,4 459,373,467,408,4 445,373,449,406,4 440,370,446,408,4 435,370,441,409,4 429,376,435,409,4 413,373,418,405,4 407,373,411,406,4 403,373,407,406,4
/data/user7/wt/datasets/M3FD/M3FD/VOCdevkit/VOC2007/JPEGImages/01970.jpg 999,335,1021,410,4 977,331,1000,409,4 958,341,975,409,4 945,333,960,410,4 903,337,930,405,4 881,344,902,405,4 862,347,882,406,4 835,345,857,410,4 814,357,835,412,4 804,348,817,412,4 783,357,800,412,4 762,356,781,408,4 742,359,759,410,4 722,354,739,409,4 712,355,725,408,4 681,355,700,405,4 664,355,680,409,4 651,357,663,412,4 637,362,653,410,4 602,359,614,407,4 587,363,601,409,4 577,364,587,407,4 558,369,570,407,4 539,366,553,407,4 530,372,537,408,4 511,367,519,406,4 504,371,510,407,4 496,372,503,407,4 488,371,497,408,4 472,371,480,406,4 465,369,471,407,4 459,373,467,408,4 445,373,449,406,4 440,370,446,408,4 435,370,441,409,4 429,376,435,409,4 413,373,418,405,4 407,373,411,406,4 403,373,407,406,4
/data/user7/wt/datasets/M3FD/M3FD/VOCdevkit/VOC2007/JPEGImages/01971.jpg 999,335,1021,410,4 977,331,1000,409,4 945,333,968,411,4 897,340,924,408,4 875,346,896,407,4 857,346,877,405,4 828,346,850,411,4 812,357,833,412,4 804,348,817,412,4 779,357,796,412,4 762,356,781,408,4 739,359,756,410,4 722,354,739,409,4 712,355,725,408,4 681,355,700,405,4 664,355,680,410,4 651,357,663,412,4 637,362,653,410,4 602,359,614,407,4 587,363,601,409,4 577,364,587,407,4 558,369,570,407,4 539,366,553,407,4 530,372,537,408,4 511,367,519,406,4 504,371,510,407,4 496,372,503,407,4 488,371,497,408,4 472,371,480,406,4 465,369,471,407,4 459,373,467,408,4 445,373,449,406,4 440,370,446,408,4 435,370,441,409,4 429,376,435,409,4 413,373,418,405,4 407,373,411,406,4 403,373,407,406,4
/data/user7/wt/datasets/M3FD/M3FD/VOCdevkit/VOC2007/JPEGImages/01972.jpg 999,335,1021,410,4 961,331,996,406,4 914,344,931,407,4 889,341,916,409,4 866,347,887,408,4 853,347,873,406,4 826,346,848,411,4 807,358,828,413,4 799,349,812,413,4 770,356,793,405,4 756,357,775,409,4 736,360,753,411,4 721,354,738,409,4 712,355,725,408,4 681,355,700,405,4 664,355,680,410,4 651,357,663,412,4 637,362,653,410,4 602,359,614,407,4 587,363,601,409,4 577,364,587,407,4 558,369,570,407,4 539,366,553,407,4 530,372,537,408,4 511,367,519,406,4 504,371,510,407,4 496,372,503,407,4 488,371,497,408,4 472,371,480,406,4 465,369,471,407,4 459,373,467,408,4 445,373,449,406,4 440,370,446,408,4 435,370,441,409,4 429,376,435,409,4 413,373,418,405,4 407,373,411,406,4 403,373,407,406,4
/data/user7/wt/datasets/M3FD/M3FD/VOCdevkit/VOC2007/JPEGImages/01973.jpg 988,328,1021,410,4 954,331,989,406,4 900,344,923,409,4 878,342,905,410,4 860,345,881,406,4 853,347,873,406,4 826,346,848,411,4 806,358,827,413,4 794,350,805,410,4 768,360,785,408,4 749,358,768,410,4 733,360,750,411,4 721,354,738,409,4 714,355,723,407,4 681,355,700,405,4 664,355,680,410,4 651,357,663,412,4 637,362,653,410,4 601,360,621,407,4 587,363,601,409,4 577,364,587,407,4 558,369,570,407,4 539,366,546,406,4 530,372,537,408,4 511,367,519,406,4 504,371,510,407,4 496,372,503,407,4 488,371,497,408,4 472,371,480,406,4 465,369,471,407,4 459,373,467,408,4 445,373,449,406,4 440,370,446,408,4 435,370,441,409,4 429,376,435,409,4 413,373,418,405,4 407,373,411,406,4 403,373,407,406,4 547,367,556,409,4
/data/user7/wt/datasets/M3FD/M3FD/VOCdevkit/VOC2007/JPEGImages/01974.jpg 990,332,1012,407,4 950,331,985,406,4 914,341,931,404,4 881,341,908,409,4 862,347,883,408,4 849,348,869,407,4 823,346,845,411,4 807,358,828,413,4 792,353,806,413,4 764,358,781,410,4 744,357,763,409,4 728,356,745,407,4 714,355,731,410,4 712,355,715,413,4 681,355,700,405,4 664,355,680,410,4 651,357,663,412,4 612,361,627,409,4 602,359,614,407,4 587,363,601,409,4 577,364,587,407,4 558,369,570,407,4 539,366,553,407,4 530,372,537,408,4 511,367,519,406,4 504,371,510,407,4 496,372,503,407,4 488,371,497,408,4 472,371,480,406,4 465,369,471,407,4 459,373,467,408,4 445,373,449,406,4 440,370,446,408,4 435,370,441,409,4 429,376,435,409,4 413,373,418,405,4 407,373,411,406,4 403,373,407,406,4 1009,328,1024,400,4 969,339,986,409,4
/data/user7/wt/datasets/M3FD/M3FD/VOCdevkit/VOC2007/JPEGImages/01975.jpg 983,335,1005,410,4 944,335,979,410,4 897,338,924,406,4 877,346,898,407,4 855,347,875,406,4 820,348,841,409,4 799,359,820,414,4 788,353,800,409,4 755,360,778,409,4 736,356,753,407,4 721,354,738,409,4 712,355,725,408,4 682,358,701,408,4 664,355,680,410,4 651,357,663,412,4 635,358,651,406,4 602,359,614,407,4 587,363,601,409,4 577,364,587,407,4 558,369,570,407,4 539,366,553,407,4 530,372,537,408,4 511,367,519,406,4 504,371,510,407,4 496,372,503,407,4 488,371,497,408,4 472,371,480,406,4 465,369,471,407,4 459,373,467,408,4 445,373,449,406,4 440,370,446,408,4 435,370,441,409,4 429,376,435,409,4 413,373,418,405,4 407,373,411,406,4 403,373,407,406,4 1012,334,1024,415,4 959,340,979,412,4 844,349,861,411,4
/data/user7/wt/datasets/M3FD/M3FD/VOCdevkit/VOC2007/JPEGImages/01977.jpg 146,341,163,382,4 192,344,208,383,4 300,365,332,395,4 496,381,512,413,4 523,384,535,412,4 538,383,552,414,4 550,387,561,413,4 564,388,575,415,4 578,386,590,416,4 600,389,611,422,4 610,382,627,420,4 636,388,647,422,4 662,393,676,424,4 688,402,697,429,4 707,398,720,427,4 718,403,733,426,4 729,402,741,425,4 753,402,768,428,4 770,402,778,431,4 791,406,801,433,4 800,406,811,435,4 821,408,832,436,4 831,409,841,438,4 846,408,860,439,4 866,411,874,441,4 876,415,885,442,4 886,414,893,442,4 914,418,922,440,4 935,414,944,441,4 943,415,955,441,4 1009,413,1023,445,4 1000,414,1012,443,4 986,415,998,441,4 956,416,965,444,4 337,370,353,393,4 901,415,908,442,4 962,416,970,443,4
/data/user7/wt/datasets/M3FD/M3FD/VOCdevkit/VOC2007/JPEGImages/01978.jpg 122,341,142,383,4 170,345,184,385,4 311,363,333,395,4 496,381,512,413,4 523,384,535,412,4 538,383,552,414,4 550,387,561,413,4 564,388,575,415,4 578,386,590,416,4 600,389,611,422,4 616,382,627,419,4 631,387,642,421,4 659,395,673,422,4 694,401,703,428,4 711,398,724,427,4 725,404,733,426,4 735,402,746,424,4 753,402,768,430,4 770,402,778,431,4 791,406,801,433,4 805,407,816,436,4 823,408,834,436,4 834,409,844,438,4 845,410,859,441,4 866,411,874,441,4 876,415,885,442,4 886,414,893,442,4 914,418,922,440,4 935,414,944,441,4 943,415,955,441,4 1009,413,1023,445,4 1000,414,1012,443,4 986,415,998,441,4 956,416,965,444,4 348,374,364,397,4 677,390,691,427,4 904,414,912,444,4 894,415,903,442,4
/data/user7/wt/datasets/M3FD/M3FD/VOCdevkit/VOC2007/JPEGImages/01980.jpg 424,375,442,409,4 455,378,472,412,4 495,381,511,415,4 539,384,552,412,4 552,388,559,413,4 569,382,584,415,4 596,390,608,423,4 609,389,617,423,4 625,389,640,422,4 619,392,627,422,4 644,392,655,425,4 662,391,675,419,4 681,399,692,424,4 693,400,704,426,4 708,398,716,425,4 730,399,742,426,4 1013,415,1024,440,4 993,416,1000,441,4 1005,417,1013,440,4 958,421,969,442,4 939,416,948,443,4 916,417,927,442,4 905,418,914,441,4 896,415,906,442,4 884,415,895,442,4 871,411,881,441,4 842,409,854,439,4 835,407,843,438,4 826,406,837,438,4 801,405,815,436,4 762,407,772,429,4 790,410,800,434,4 753,406,761,425,4 743,401,752,424,4
/data/user7/wt/datasets/M3FD/M3FD/VOCdevkit/VOC2007/JPEGImages/01982.jpg 26,333,51,377,4 383,372,401,399,4 433,377,454,407,4 496,379,511,415,4 524,377,538,413,4 545,386,555,416,4 572,387,586,422,4 599,388,612,422,4 615,390,620,423,4 619,394,628,422,4 556,386,569,414,4 626,391,643,424,4 661,394,673,421,4 681,396,697,425,4 698,399,712,429,4 718,400,728,425,4 725,399,737,427,4 742,402,755,427,4 763,397,775,430,4 787,405,797,433,4 805,410,815,439,4 829,408,838,436,4 839,414,849,436,4 851,415,858,436,4 872,415,882,441,4 883,415,893,441,4 894,414,905,440,4 968,416,978,441,4 955,416,963,443,4 930,415,939,440,4 982,417,994,444,4 994,411,1002,444,4 1009,411,1022,444,4
/data/user7/wt/datasets/M3FD/M3FD/VOCdevkit/VOC2007/JPEGImages/01983.jpg 173,529,190,570,4 191,528,201,572,4 200,531,207,569,4 209,534,223,570,4 224,534,239,571,4 240,534,255,570,4 268,541,279,571,4 278,538,289,572,4 289,540,298,571,4 299,540,310,572,4 306,541,320,575,4 330,544,344,577,4 344,548,354,576,4 361,551,370,578,4 379,551,391,579,4 370,555,380,579,4 396,552,406,580,4 405,552,414,578,4 413,553,420,576,4 419,551,425,574,4 424,551,431,577,4 431,552,438,578,4 438,554,445,577,4 451,549,458,576,4 454,552,461,577,4 460,552,467,576,4 466,549,473,576,4 471,552,480,575,4 479,552,487,576,4 488,549,495,575,4 492,551,501,575,4 501,550,514,575,4 515,552,525,575,4 524,551,532,576,4 543,549,552,575,4 537,549,545,573,4 552,551,559,571,4 558,549,565,564,4 637,545,645,568,4 644,546,653,568,4 652,546,660,568,4
/data/user7/wt/datasets/M3FD/M3FD/VOCdevkit/VOC2007/JPEGImages/01984.jpg 172,529,185,569,4 188,528,205,569,4 206,533,222,567,4 218,531,235,567,4 237,531,251,568,4 249,533,257,568,4 274,538,288,567,4 286,535,296,567,4 297,536,307,568,4 310,545,318,570,4 336,544,349,572,4 347,547,355,572,4 364,548,375,574,4 376,551,385,574,4 385,550,392,574,4 398,549,409,577,4 410,548,422,574,4 425,548,435,575,4 436,550,444,575,4 454,547,462,574,4 463,550,471,573,4 472,548,481,573,4 490,547,504,572,4 505,547,516,572,4 517,548,525,572,4 525,549,534,572,4 540,547,548,569,4 558,546,567,568,4 648,544,655,563,4 641,542,648,564,4 653,544,662,565,4
/data/user7/wt/datasets/M3FD/M3FD/VOCdevkit/VOC2007/JPEGImages/01985.jpg 163,528,186,567,4 188,528,203,567,4 210,531,222,567,4 221,531,236,566,4 237,530,252,567,4 249,533,261,568,4 278,537,288,566,4 285,542,297,567,4 296,536,308,566,4 312,541,324,571,4 345,543,358,574,4 333,544,342,571,4 372,549,384,574,4 402,548,410,575,4 410,550,418,574,4 419,549,429,575,4 430,550,440,575,4 442,550,451,575,4 459,545,468,574,4 468,549,475,575,4 475,547,482,572,4 483,550,490,572,4 495,547,508,573,4 509,548,517,573,4 517,547,528,573,4 529,550,538,573,4 550,546,559,570,4 545,546,550,570,4 559,545,569,569,4 567,545,574,568,4 652,543,660,570,4 661,543,668,568,4 647,543,652,567,4
/data/user7/wt/datasets/M3FD/M3FD/VOCdevkit/VOC2007/JPEGImages/01986.jpg 162,528,183,570,4 184,527,203,569,4 203,530,222,569,4 219,532,232,568,4 232,530,249,568,4 248,533,260,569,4 274,535,288,567,4 290,538,303,569,4 301,540,310,568,4 315,540,326,572,4 332,542,338,572,4 337,544,346,571,4 351,543,362,575,4 374,547,385,577,4 392,551,398,578,4 404,550,412,576,4 413,550,420,576,4 420,550,429,576,4 428,549,433,574,4 433,549,441,574,4 441,551,450,574,4 451,550,454,575,4 461,547,470,575,4 470,550,477,574,4 477,548,485,573,4 486,551,492,573,4 497,550,509,574,4 511,548,521,573,4 523,550,533,574,4 534,551,540,574,4 546,547,553,573,4 559,546,571,572,4 646,544,654,570,4 654,543,660,568,4 661,545,668,567,4
/data/user7/wt/datasets/M3FD/M3FD/VOCdevkit/VOC2007/JPEGImages/01987.jpg 478,546,487,572,4 154,525,175,567,4 178,524,196,564,4 199,527,212,565,4 210,528,225,564,4 229,526,245,565,4 243,529,256,566,4 270,531,282,566,4 286,534,304,565,4 300,536,312,565,4 339,540,350,571,4 354,542,364,570,4 365,542,373,571,4 378,545,388,572,4 406,546,415,572,4 414,546,421,571,4 422,547,427,570,4 427,545,433,570,4 433,546,439,570,4 441,548,449,570,4 450,545,455,571,4 461,544,470,572,4 471,546,477,572,4 487,546,494,570,4 493,546,497,570,4 498,545,510,569,4 511,545,518,569,4 522,546,529,572,4 528,546,534,571,4 534,547,541,570,4 552,543,559,567,4 567,541,573,564,4 572,541,581,563,4 561,543,568,564,4 656,541,662,565,4 663,541,668,564,4 651,541,655,562,4 321,542,328,567,4
/data/user7/wt/datasets/M3FD/M3FD/VOCdevkit/VOC2007/JPEGImages/01988.jpg 153,521,171,561,4 175,522,192,560,4 197,523,214,560,4 214,524,226,560,4 226,523,242,560,4 241,526,256,560,4 273,530,281,560,4 283,529,293,561,4 302,534,315,559,4 312,532,320,558,4 337,535,350,567,4 349,540,360,567,4 360,542,368,566,4 371,540,383,567,4 385,541,395,566,4 409,541,419,566,4 419,542,428,567,4 429,539,438,568,4 437,542,445,567,4 447,543,454,566,4 454,541,459,565,4 463,539,471,565,4 472,542,481,564,4 480,540,488,562,4 488,542,497,563,4 505,542,515,565,4 518,543,530,569,4 527,540,533,565,4 535,542,545,566,4 549,538,557,561,4 558,540,564,563,4 570,539,577,558,4 564,543,570,559,4 653,536,659,558,4 658,537,665,558,4 664,538,671,559,4
/data/user7/wt/datasets/M3FD/M3FD/VOCdevkit/VOC2007/JPEGImages/01989.jpg 151,520,166,562,4 174,520,190,560,4 196,524,210,559,4 209,523,221,559,4 224,522,240,560,4 239,526,251,561,4 264,529,271,561,4 280,529,293,560,4 307,534,320,562,4 317,533,325,562,4 343,533,358,567,4 368,536,377,567,4 378,539,386,567,4 389,540,402,568,4 413,541,422,567,4 423,542,432,567,4 430,539,441,566,4 440,541,446,564,4 448,541,456,567,4 457,539,462,567,4 467,538,476,567,4 476,542,484,566,4 483,539,490,565,4 490,542,498,564,4 499,544,504,565,4 504,538,512,564,4 514,540,523,564,4 521,543,530,564,4 529,540,537,565,4 539,542,548,565,4 558,540,566,563,4 568,538,579,562,4 654,533,661,560,4 661,536,668,560,4 669,537,675,560,4
/data/user7/wt/datasets/M3FD/M3FD/VOCdevkit/VOC2007/JPEGImages/01990.jpg 137,518,155,561,4 157,519,175,560,4 181,521,198,559,4 197,522,210,559,4 209,524,217,558,4 215,520,230,559,4 250,526,263,560,4 270,528,280,560,4 305,532,318,562,4 332,535,340,562,4 341,532,349,564,4 349,537,358,566,4 363,536,375,567,4 373,538,383,565,4 390,540,394,567,4 394,542,398,564,4 405,545,413,569,4 416,541,424,566,4 425,538,433,564,4 434,540,442,563,4 443,541,451,565,4 451,539,455,563,4 461,538,472,564,4 470,541,478,563,4 476,539,484,562,4 489,538,498,564,4 501,537,508,563,4 509,538,517,563,4 519,538,531,563,4 532,540,541,563,4 544,539,552,563,4 553,537,559,560,4 562,535,569,560,4 569,537,576,557,4 647,532,653,558,4 654,534,662,559,4 662,536,669,558,4
/data/user7/wt/datasets/M3FD/M3FD/VOCdevkit/VOC2007/JPEGImages/01992.jpg 127,527,144,565,4 146,526,163,566,4 171,527,189,564,4 187,527,203,564,4 203,527,221,564,4 218,529,233,563,4 240,532,254,566,4 255,532,267,566,4 314,540,331,568,4 338,541,351,572,4 353,543,366,573,4 376,542,387,573,4 386,546,394,573,4 411,545,424,573,4 426,544,438,571,4 437,547,445,572,4 447,545,456,572,4 454,544,460,572,4 464,543,474,572,4 476,547,482,572,4 483,544,493,571,4 495,547,498,570,4 498,546,502,572,4 506,545,512,570,4 512,547,522,568,4 523,545,532,569,4 535,546,547,569,4 550,540,558,567,4 558,544,563,567,4 567,541,573,564,4 574,543,580,563,4 658,540,665,563,4 665,542,673,563,4
/data/user7/wt/datasets/M3FD/M3FD/VOCdevkit/VOC2007/JPEGImages/01993.jpg 123,522,140,561,4 141,521,156,562,4 165,524,185,562,4 182,526,199,562,4 200,524,217,564,4 238,529,251,564,4 250,532,262,564,4 218,530,227,565,4 317,536,335,569,4 342,540,353,570,4 353,541,364,570,4 377,540,390,571,4 412,542,424,570,4 428,543,442,570,4 441,546,450,571,4 452,543,461,571,4 387,542,397,570,4 465,544,478,571,4 480,543,491,570,4 493,543,503,569,4 506,544,514,569,4 515,544,523,568,4 525,543,536,568,4 536,544,547,567,4 549,543,557,566,4 557,542,565,565,4 568,540,573,561,4 574,541,581,560,4 654,537,660,559,4 661,539,667,559,4 668,541,673,559,4
/data/user7/wt/datasets/M3FD/M3FD/VOCdevkit/VOC2007/JPEGImages/01994.jpg 162,569,350,715,1 430,582,594,728,1 533,571,561,589,1 613,543,726,660,1 414,577,451,609,1
/data/user7/wt/datasets/M3FD/M3FD/VOCdevkit/VOC2007/JPEGImages/01995.jpg 529,570,555,581,1 606,535,728,655,1 426,576,586,717,1 173,562,349,704,1 409,574,447,604,1
/data/user7/wt/datasets/M3FD/M3FD/VOCdevkit/VOC2007/JPEGImages/01996.jpg 194,563,359,693,1 415,570,450,601,1 431,574,592,712,1 611,532,740,660,1 528,567,561,588,1
/data/user7/wt/datasets/M3FD/M3FD/VOCdevkit/VOC2007/JPEGImages/01997.jpg 217,588,372,712,1 423,594,459,630,1 436,596,594,735,1 625,559,758,690,1 531,594,567,616,1
/data/user7/wt/datasets/M3FD/M3FD/VOCdevkit/VOC2007/JPEGImages/01999.jpg 240,559,378,670,1 420,567,451,597,1 426,566,579,704,1 527,563,556,589,1 629,524,782,674,1
/data/user7/wt/datasets/M3FD/M3FD/VOCdevkit/VOC2007/JPEGImages/02000.jpg 251,571,385,683,1 422,578,452,605,1 424,579,580,714,1 636,532,798,689,1 527,574,557,600,1
/data/user7/wt/datasets/M3FD/M3FD/VOCdevkit/VOC2007/JPEGImages/02001.jpg 276,565,397,668,1 429,570,459,600,1 427,574,578,707,1 532,570,561,597,1 654,528,832,702,1
/data/user7/wt/datasets/M3FD/M3FD/VOCdevkit/VOC2007/JPEGImages/02004.jpg 1,624,248,768,1 308,587,410,681,1 434,589,459,613,1 429,594,572,724,1 694,526,944,756,1 526,588,556,611,1
/data/user7/wt/datasets/M3FD/M3FD/VOCdevkit/VOC2007/JPEGImages/02005.jpg 1,609,291,768,1 316,574,414,662,1 435,574,463,604,1 434,583,577,712,1 525,573,557,600,1 707,512,990,757,1
/data/user7/wt/datasets/M3FD/M3FD/VOCdevkit/VOC2007/JPEGImages/02006.jpg 3,609,324,768,1 322,583,419,666,1 433,581,464,608,1 524,580,555,605,1 439,589,578,716,1 722,508,1024,766,1
/data/user7/wt/datasets/M3FD/M3FD/VOCdevkit/VOC2007/JPEGImages/02007.jpg 67,605,348,768,1 328,582,422,669,1 434,579,465,611,1 443,588,579,716,1 523,581,554,602,1 736,497,1024,767,1
/data/user7/wt/datasets/M3FD/M3FD/VOCdevkit/VOC2007/JPEGImages/02008.jpg 146,601,370,754,1 338,582,427,658,1 436,580,466,610,1 525,581,558,600,1 449,589,586,710,1 782,474,1024,764,1
/data/user7/wt/datasets/M3FD/M3FD/VOCdevkit/VOC2007/JPEGImages/02009.jpg 185,598,382,737,1 343,575,432,651,1 438,577,467,601,1 528,578,563,595,1 454,583,590,711,1 829,469,1024,767,1
/data/user7/wt/datasets/M3FD/M3FD/VOCdevkit/VOC2007/JPEGImages/02010.jpg 232,576,402,701,1 359,560,439,636,1 442,562,472,590,1 463,570,597,686,1 957,548,1023,768,1
/data/user7/wt/datasets/M3FD/M3FD/VOCdevkit/VOC2007/JPEGImages/02011.jpg 259,580,408,694,1 362,566,438,639,1 440,567,470,595,1 464,572,600,699,1
/data/user7/wt/datasets/M3FD/M3FD/VOCdevkit/VOC2007/JPEGImages/02013.jpg 290,588,420,688,1 367,578,439,645,1 440,578,469,605,1 470,578,603,697,1
/data/user7/wt/datasets/M3FD/M3FD/VOCdevkit/VOC2007/JPEGImages/02014.jpg 307,588,426,674,1 370,571,439,639,1 442,576,470,603,1 475,578,606,694,1
/data/user7/wt/datasets/M3FD/M3FD/VOCdevkit/VOC2007/JPEGImages/02016.jpg 345,578,453,659,1 378,566,436,591,1 448,578,474,599,1 476,572,507,618,1 483,569,614,685,1
/data/user7/wt/datasets/M3FD/M3FD/VOCdevkit/VOC2007/JPEGImages/02017.jpg 367,570,434,608,1 359,583,467,660,1 445,585,470,609,1 473,578,506,624,1 481,574,611,691,1
/data/user7/wt/datasets/M3FD/M3FD/VOCdevkit/VOC2007/JPEGImages/02019.jpg 360,568,429,635,1 418,579,490,651,1 474,570,610,691,1 638,578,687,605,1 65,591,109,612,1 158,583,197,607,1 198,590,225,604,1
/data/user7/wt/datasets/M3FD/M3FD/VOCdevkit/VOC2007/JPEGImages/02020.jpg 359,572,432,642,1 431,592,459,614,1 451,585,492,651,1 467,576,609,697,1 55,591,117,620,1 135,594,170,613,1
/data/user7/wt/datasets/M3FD/M3FD/VOCdevkit/VOC2007/JPEGImages/02021.jpg 355,564,427,638,1 431,589,455,610,1 461,588,482,619,1 460,569,605,699,1 67,589,117,610,1 1,589,24,615,1
/data/user7/wt/datasets/M3FD/M3FD/VOCdevkit/VOC2007/JPEGImages/02022.jpg 347,572,421,641,1 424,591,451,614,1 453,573,598,700,1 459,582,481,612,1
/data/user7/wt/datasets/M3FD/M3FD/VOCdevkit/VOC2007/JPEGImages/02023.jpg 335,574,406,640,1 413,594,438,615,1 438,575,576,702,1
/data/user7/wt/datasets/M3FD/M3FD/VOCdevkit/VOC2007/JPEGImages/02025.jpg 295,585,366,648,1 371,585,509,710,1 487,594,547,649,1
/data/user7/wt/datasets/M3FD/M3FD/VOCdevkit/VOC2007/JPEGImages/02026.jpg 286,577,359,645,1 353,580,490,704,1 476,588,540,641,1
/data/user7/wt/datasets/M3FD/M3FD/VOCdevkit/VOC2007/JPEGImages/02028.jpg 294,592,362,652,1 338,591,472,710,1 480,599,540,647,1
/data/user7/wt/datasets/M3FD/M3FD/VOCdevkit/VOC2007/JPEGImages/02029.jpg 310,586,373,647,1 351,587,481,705,1 497,596,547,641,1
/data/user7/wt/datasets/M3FD/M3FD/VOCdevkit/VOC2007/JPEGImages/02030.jpg 298,592,355,650,1 331,593,462,711,1 474,601,534,643,1
/data/user7/wt/datasets/M3FD/M3FD/VOCdevkit/VOC2007/JPEGImages/02031.jpg 286,590,342,651,1 314,591,446,706,1 463,602,519,643,1
/data/user7/wt/datasets/M3FD/M3FD/VOCdevkit/VOC2007/JPEGImages/02032.jpg 283,589,333,647,1 306,588,435,709,1 461,598,512,640,1
/data/user7/wt/datasets/M3FD/M3FD/VOCdevkit/VOC2007/JPEGImages/02033.jpg 280,609,328,665,1 295,605,424,719,1 458,618,507,655,1 406,622,437,655,1
/data/user7/wt/datasets/M3FD/M3FD/VOCdevkit/VOC2007/JPEGImages/02034.jpg 278,588,323,644,1 286,588,417,697,1 398,598,431,639,1 453,598,502,635,1
/data/user7/wt/datasets/M3FD/M3FD/VOCdevkit/VOC2007/JPEGImages/02035.jpg 276,589,312,635,1 277,582,413,697,1 389,591,430,636,1 450,595,496,632,1
/data/user7/wt/datasets/M3FD/M3FD/VOCdevkit/VOC2007/JPEGImages/02037.jpg 237,587,386,707,1 367,598,417,642,1 424,598,471,637,1
/data/user7/wt/datasets/M3FD/M3FD/VOCdevkit/VOC2007/JPEGImages/02039.jpg 191,583,354,707,1 351,593,401,637,1 398,597,440,632,1 110,600,138,620,1
/data/user7/wt/datasets/M3FD/M3FD/VOCdevkit/VOC2007/JPEGImages/02041.jpg 146,582,324,715,1 336,588,386,633,1 384,591,420,626,1
/data/user7/wt/datasets/M3FD/M3FD/VOCdevkit/VOC2007/JPEGImages/02043.jpg 130,586,319,724,1 331,595,382,636,1 386,598,425,627,1
/data/user7/wt/datasets/M3FD/M3FD/VOCdevkit/VOC2007/JPEGImages/02044.jpg 390,662,620,768,1 690,631,718,710,4 929,625,1024,677,1 788,633,860,662,1 586,605,706,672,0 386,591,591,682,0 38,647,265,767,1 148,642,244,681,1 195,587,203,611,2 204,587,211,612,2 124,631,185,656,1 247,620,405,686,5 720,655,759,706,3 724,639,754,674,4 886,612,947,647,5 35,629,121,657,1 726,626,758,640,1 737,601,750,623,2 921,596,1005,627,0 895,570,910,597,2
/data/user7/wt/datasets/M3FD/M3FD/VOCdevkit/VOC2007/JPEGImages/02046.jpg 890,589,964,633,0 908,570,924,598,2 753,598,765,623,2 706,632,736,714,4 739,639,772,676,4 736,659,782,713,3 382,663,643,768,1 5,657,249,768,1 134,643,237,686,1 247,639,351,683,1 5,629,109,662,1 385,589,592,670,0 405,625,544,678,5 509,632,624,682,5 590,605,713,674,0 844,611,936,655,5 361,639,386,666,1 740,625,767,639,1 949,635,1023,681,1 198,587,206,612,2 207,587,215,611,2 189,630,253,676,1
/data/user7/wt/datasets/M3FD/M3FD/VOCdevkit/VOC2007/JPEGImages/02047.jpg 6,664,242,768,1 8,631,101,665,1 123,644,231,689,1 207,634,267,678,1 248,642,349,689,1 377,669,644,766,1 351,642,382,668,1 571,639,680,689,5 377,592,592,685,0 589,609,712,674,0 193,589,205,616,2 205,589,215,616,2 755,602,767,626,2 911,572,926,604,2 830,616,941,662,5 872,592,965,637,0 847,655,1023,766,1 963,640,1024,666,1 713,641,739,720,4 746,643,780,682,4 742,662,786,720,3 770,631,789,648,1 740,629,766,644,1
/data/user7/wt/datasets/M3FD/M3FD/VOCdevkit/VOC2007/JPEGImages/02050.jpg 8,661,224,768,1 32,643,65,661,1 63,643,80,660,1 86,635,231,691,1 238,639,340,682,1 330,639,351,660,1 191,587,198,610,2 199,586,209,611,2 359,587,572,681,0 570,602,705,673,0 369,668,652,766,1 777,648,1023,765,1 715,634,744,714,4 745,637,777,676,4 747,659,780,713,3 659,618,775,668,5 786,610,923,664,5 821,589,926,637,0 755,597,767,620,2 914,568,926,595,2
/data/user7/wt/datasets/M3FD/M3FD/VOCdevkit/VOC2007/JPEGImages/02051.jpg 3,651,67,669,1 55,642,89,666,1 91,647,109,661,1 77,648,188,693,1 172,648,210,684,1 206,643,339,698,1 311,645,343,674,1 186,591,196,617,2 195,591,205,616,2 1,670,220,768,1 366,674,646,766,1 344,593,561,685,1 556,609,701,679,1 759,643,1024,766,1 812,596,917,642,0 770,636,850,662,5 809,625,891,655,5 709,634,724,651,1 711,645,742,721,4 743,646,776,681,4 740,666,783,723,3 749,606,766,628,2 910,576,923,602,2 739,632,761,643,1
/data/user7/wt/datasets/M3FD/M3FD/VOCdevkit/VOC2007/JPEGImages/02052.jpg 13,647,82,668,1 67,649,170,691,1 184,647,238,680,1 212,645,298,690,1 296,639,422,695,1 2,667,218,766,1 364,670,646,767,1 334,590,552,677,0 551,607,694,681,0 711,641,742,722,4 741,645,775,682,4 741,666,780,718,3 753,641,1023,768,1 795,625,886,664,5 800,596,906,641,0 746,602,763,628,2 734,630,755,645,1 696,632,723,651,1 183,593,192,617,2 193,591,202,614,2 906,574,921,603,2
/data/user7/wt/datasets/M3FD/M3FD/VOCdevkit/VOC2007/JPEGImages/02054.jpg 186,602,194,627,2 193,601,204,625,2 91,656,114,675,1 111,660,182,695,1 179,655,287,701,1 278,662,303,689,1 288,656,307,671,1 304,597,528,700,0 496,654,596,693,1 523,621,675,690,0 668,651,715,682,1 364,683,636,768,1 761,657,1024,767,1 708,654,741,733,4 744,656,776,693,4 740,674,784,729,3 786,608,892,654,0 736,626,868,683,5 752,614,766,639,2 7,659,104,686,1 3,679,202,740,1 909,583,925,614,2
/data/user7/wt/datasets/M3FD/M3FD/VOCdevkit/VOC2007/JPEGImages/02056.jpg 86,652,108,671,1 53,647,85,676,5 49,655,68,674,1 23,653,53,676,1 4,651,26,674,1 7,676,210,768,1 122,650,241,698,1 182,596,191,621,2 191,598,200,621,2 244,592,487,699,0 488,614,637,687,0 647,642,735,686,1 710,647,735,725,4 738,647,774,685,4 736,670,778,722,3 756,643,1024,766,1 360,680,637,768,1 709,620,862,668,5 758,598,865,648,0 905,579,918,605,2 747,606,762,632,2 913,625,950,648,1
/data/user7/wt/datasets/M3FD/M3FD/VOCdevkit/VOC2007/JPEGImages/02057.jpg 83,652,108,670,1 49,648,86,675,5 49,656,69,675,1 24,658,51,675,1 84,653,204,699,1 4,671,213,768,1 182,599,191,623,2 190,597,200,622,2 216,591,466,699,0 465,616,611,684,0 360,682,637,768,1 709,649,737,728,4 740,650,773,685,4 739,669,777,727,3 696,624,851,676,5 748,602,854,649,0 749,610,763,635,2 903,580,920,608,2 758,651,1024,765,1 909,629,951,652,1
/data/user7/wt/datasets/M3FD/M3FD/VOCdevkit/VOC2007/JPEGImages/02058.jpg 835,644,869,658,1 774,642,844,672,1 738,601,845,649,0 682,621,778,678,5 708,649,736,728,4 738,654,774,687,4 736,670,779,723,3 755,652,1023,766,1 361,678,636,768,1 2,673,214,767,1 50,649,174,699,1 8,655,72,675,1 185,586,445,697,1 182,598,189,623,2 190,597,200,621,2 444,615,593,684,0 905,578,919,608,2 750,608,761,633,2 908,625,948,652,1 449,603,458,619,2 458,605,465,616,2
/data/user7/wt/datasets/M3FD/M3FD/VOCdevkit/VOC2007/JPEGImages/02060.jpg 94,573,381,688,0 48,631,82,659,5 82,634,97,656,1 5,636,74,661,1 4,663,211,766,1 534,635,559,667,1 382,597,535,676,0 363,664,643,768,1 903,564,918,592,2 700,585,812,636,0 649,609,810,666,5 701,632,731,711,5 746,593,760,620,2 750,629,1024,767,1 886,611,948,635,1 541,611,547,624,2 548,611,554,624,2 732,654,776,705,3 448,588,457,601,2 458,590,465,602,2
/data/user7/wt/datasets/M3FD/M3FD/VOCdevkit/VOC2007/JPEGImages/02061.jpg 362,654,652,767,1 3,647,213,767,1 33,551,338,673,0 340,584,507,667,0 504,626,543,654,1 706,624,731,699,4 737,621,770,660,4 732,643,775,696,5 627,597,781,650,5 679,573,789,627,0 744,620,1024,768,1 904,553,919,582,2 743,582,761,607,2 870,600,949,627,1 549,599,556,614,2 542,600,549,615,2 447,578,458,592,2 458,578,466,593,2
/data/user7/wt/datasets/M3FD/M3FD/VOCdevkit/VOC2007/JPEGImages/02062.jpg 4,541,297,670,0 317,578,482,663,0 295,625,324,656,1 478,618,528,651,1 2,639,214,768,1 358,647,651,767,1 747,576,757,601,2 902,550,917,575,2 705,616,735,695,4 736,617,770,654,4 730,637,774,693,3 745,615,1024,767,1 850,593,955,629,1 612,593,770,647,5 661,569,771,620,0 540,593,548,608,2 549,592,556,608,2 449,573,458,587,2 459,573,466,588,2
/data/user7/wt/datasets/M3FD/M3FD/VOCdevkit/VOC2007/JPEGImages/02064.jpg 5,552,161,665,0 1,651,216,768,1 192,628,250,662,1 182,570,190,594,2 191,571,199,593,2 407,622,479,657,1 234,575,408,670,0 447,574,457,599,2 458,576,466,599,2 530,626,566,653,1 562,597,719,657,5 609,575,723,625,0 744,582,758,605,2 729,608,755,626,1 742,611,782,624,1 798,604,891,644,1 703,622,732,698,4 738,625,771,657,4 731,641,776,694,3 359,658,654,768,1 747,620,1024,766,1 541,599,547,612,2 548,598,555,612,2 901,550,917,584,2
/data/user7/wt/datasets/M3FD/M3FD/VOCdevkit/VOC2007/JPEGImages/02066.jpg 22,628,51,647,1 50,628,66,647,1 51,621,86,649,5 91,628,148,661,1 342,623,416,662,1 460,628,518,657,1 449,578,457,600,2 457,578,466,599,2 2,646,212,768,1 145,572,345,674,0 362,655,651,768,1 747,619,1023,766,1 702,623,731,701,4 737,623,771,660,4 732,641,776,695,3 563,575,679,629,0 510,601,666,658,5 662,621,715,651,1 714,610,757,625,1 694,614,719,627,1 758,608,849,644,1 902,555,916,582,2 745,584,758,606,2 83,625,98,646,1
/data/user7/wt/datasets/M3FD/M3FD/VOCdevkit/VOC2007/JPEGImages/02067.jpg 904,556,918,586,2 749,625,1024,767,1 703,627,732,704,4 738,630,771,664,4 734,646,777,700,3 478,604,650,664,5 523,579,647,633,0 424,632,484,658,1 696,615,718,633,1 727,610,816,652,1 362,658,652,768,1 2,649,210,766,1 69,573,288,677,0 286,627,362,665,1 447,581,458,605,2 456,581,467,604,2 746,588,758,609,2 856,605,947,632,5
/data/user7/wt/datasets/M3FD/M3FD/VOCdevkit/VOC2007/JPEGImages/02069.jpg 747,595,759,619,2 902,563,917,594,2 474,584,590,643,0 416,610,586,671,5 794,618,880,655,5 667,617,765,667,1 708,634,732,712,4 740,639,771,674,4 731,650,777,708,3 749,636,1024,767,1 363,662,648,768,1 4,657,213,768,1 6,571,190,679,0 182,635,252,677,1 181,582,191,607,2 191,583,200,606,2 282,637,307,656,1 311,639,334,656,1 340,640,363,659,1 394,638,421,664,1 450,589,458,610,2 458,590,467,610,2
/data/user7/wt/datasets/M3FD/M3FD/VOCdevkit/VOC2007/JPEGImages/02070.jpg 5,570,110,653,0 106,626,163,657,1 105,632,155,669,1 3,649,214,768,1 362,655,651,768,1 182,572,190,598,2 190,572,201,600,2 275,628,301,648,1 306,631,326,647,1 341,630,364,649,1 383,600,556,666,5 441,575,556,635,1 629,610,730,657,1 748,584,759,610,2 903,556,917,584,2 703,626,732,701,4 740,628,768,660,4 732,645,772,699,3 751,622,1022,768,1 747,609,834,649,5
/data/user7/wt/datasets/M3FD/M3FD/VOCdevkit/VOC2007/JPEGImages/02071.jpg 4,568,59,647,0 2,647,214,768,1 60,628,175,672,1 183,571,192,595,2 193,572,201,595,2 277,628,299,645,1 302,628,322,645,1 341,628,363,646,1 360,598,549,665,5 414,571,536,633,0 543,600,550,614,2 549,601,557,614,2 745,584,760,607,2 609,609,705,657,1 705,608,812,646,5 815,617,875,645,1 704,621,733,699,4 739,624,771,660,4 732,644,776,696,3 357,657,652,768,1 748,635,1023,768,1 904,555,916,583,2
/data/user7/wt/datasets/M3FD/M3FD/VOCdevkit/VOC2007/JPEGImages/02072.jpg 71,621,203,667,1 5,642,215,768,1 25,624,57,642,1 54,624,69,639,1 55,617,85,634,5 274,626,292,637,1 263,622,289,635,1 182,568,192,592,2 193,567,201,591,2 326,590,508,662,5 269,625,333,658,1 384,565,506,627,0 571,605,672,654,1 671,604,750,646,5 746,578,760,603,2 698,620,730,695,4 738,620,769,655,4 732,638,776,692,3 542,597,548,610,2 548,596,556,609,2 772,615,839,643,1 357,650,655,767,1 749,616,1023,767,1 902,547,917,578,2
/data/user7/wt/datasets/M3FD/M3FD/VOCdevkit/VOC2007/JPEGImages/02073.jpg 25,624,57,643,1 54,625,71,643,1 53,617,84,644,5 84,623,214,667,1 204,625,299,659,1 293,589,487,667,5 351,567,483,630,0 184,569,191,591,2 192,567,200,592,2 1,641,214,767,1 362,652,652,767,1 544,607,647,654,1 644,606,722,647,5 699,619,733,697,4 738,621,771,656,4 732,636,777,693,3 760,616,808,642,1 733,606,756,623,1 746,581,759,603,2 823,611,888,633,1 543,598,548,610,2 549,597,557,610,2 745,609,783,620,1 748,617,1023,767,1 905,549,919,580,2
/data/user7/wt/datasets/M3FD/M3FD/VOCdevkit/VOC2007/JPEGImages/02075.jpg 3,643,214,768,1 11,629,106,651,1 55,618,90,636,5 105,628,233,670,1 182,569,192,595,2 193,569,201,594,2 237,589,441,669,5 306,563,439,634,0 483,610,584,657,1 580,612,620,653,5 542,599,549,611,2 549,599,556,611,2 656,619,723,652,1 730,615,804,640,1 747,582,760,605,2 729,608,755,625,1 752,623,1024,766,1 710,624,733,696,4 738,624,770,657,4 732,643,775,694,3 363,651,652,768,1 873,614,917,628,1 904,554,918,581,2 448,576,458,600,2 458,577,468,599,2
/data/user7/wt/datasets/M3FD/M3FD/VOCdevkit/VOC2007/JPEGImages/02076.jpg 27,629,59,647,1 52,620,84,648,5 101,626,229,670,1 184,571,191,595,2 192,571,201,595,2 213,590,422,670,5 287,562,420,633,1 454,611,559,657,1 4,647,215,768,1 364,656,653,768,1 750,619,1024,767,1 708,624,734,699,4 738,625,771,660,4 733,644,776,695,3 612,620,683,654,1 681,618,750,649,1 821,615,889,639,1 449,577,458,600,2 458,577,468,600,2 763,612,781,629,1 732,610,754,620,1 746,583,759,606,2 904,555,917,582,2 81,625,97,647,1 542,600,549,612,2 551,600,557,613,2
/data/user7/wt/datasets/M3FD/M3FD/VOCdevkit/VOC2007/JPEGImages/02077.jpg 797,614,855,647,1 902,554,919,582,2 747,582,762,608,2 574,620,645,656,1 645,616,708,650,1 716,609,756,629,1 746,612,781,627,1 707,623,732,700,4 740,628,770,661,4 737,644,776,699,3 751,621,1023,768,1 360,655,653,765,1 3,645,215,768,1 101,627,219,668,1 273,560,409,633,0 205,588,407,671,5 183,571,192,595,2 192,569,201,594,2 26,628,53,645,1 54,629,69,647,1 57,620,86,648,5 433,612,535,659,1 407,614,450,652,5 450,576,459,601,2 458,576,468,600,2 550,601,556,613,2 542,599,548,614,2 83,625,98,645,1
/data/user7/wt/datasets/M3FD/M3FD/VOCdevkit/VOC2007/JPEGImages/02078.jpg 182,570,192,593,2 191,568,203,592,2 262,558,399,629,0 184,588,411,669,5 100,624,194,663,1 54,616,86,646,5 45,625,67,644,1 84,622,96,644,1 408,608,514,651,1 517,619,592,653,1 588,616,646,648,1 705,620,734,695,4 736,624,771,657,4 734,640,776,692,3 751,619,1023,767,1 360,653,649,768,1 2,642,214,768,1 3,617,59,646,1 734,614,810,644,1 803,617,844,639,1 695,610,719,628,1 730,605,756,619,1 748,580,760,604,2 450,574,459,596,2 460,576,468,596,2 902,551,918,579,2
/data/user7/wt/datasets/M3FD/M3FD/VOCdevkit/VOC2007/JPEGImages/02079.jpg 903,542,919,571,2 747,571,761,596,2 549,588,557,601,2 543,588,549,601,2 450,565,458,588,2 459,566,468,587,2 395,598,500,653,1 496,612,551,643,1 545,609,596,640,1 691,605,774,638,1 770,607,809,634,1 704,610,734,687,4 738,614,770,645,4 735,631,776,685,3 695,600,720,616,1 729,598,756,607,1 750,613,1024,766,1 363,640,657,767,1 3,627,214,766,1 52,606,85,634,5 83,613,97,635,1 101,614,196,652,1 184,576,398,660,5 252,545,394,622,0 183,559,191,582,2 192,558,202,578,2
/data/user7/wt/datasets/M3FD/M3FD/VOCdevkit/VOC2007/JPEGImages/02080.jpg 7,566,93,635,0 104,610,194,655,1 2,635,210,768,1 362,639,656,768,1 178,575,380,658,5 253,544,393,618,0 387,595,494,648,1 493,607,540,638,1 642,603,720,638,1 706,610,735,685,4 738,609,771,647,4 737,629,776,685,3 744,606,1023,768,1 184,558,193,579,2 194,555,203,577,2 449,564,460,587,2 460,566,467,584,2 748,568,761,594,2 542,585,548,600,2 550,585,557,599,2 745,599,781,615,1 717,596,754,611,1 842,602,908,625,1 903,536,917,569,2
/data/user7/wt/datasets/M3FD/M3FD/VOCdevkit/VOC2007/JPEGImages/02081.jpg 902,544,919,572,2 744,572,759,597,2 541,590,548,603,2 550,590,556,604,2 450,567,458,589,2 460,567,467,589,2 594,608,680,643,1 676,611,717,638,1 727,599,751,617,1 800,606,873,632,1 743,601,779,620,1 704,613,731,688,4 736,617,769,647,4 733,631,773,685,3 746,618,1024,767,1 360,641,654,768,1 2,633,218,768,1 7,556,139,652,0 137,615,189,656,1 172,579,387,659,5 249,545,389,623,0 183,560,190,581,2 191,560,200,582,2 380,597,489,655,1
/data/user7/wt/datasets/M3FD/M3FD/VOCdevkit/VOC2007/JPEGImages/02085.jpg 24,605,114,640,1 2,628,210,766,1 356,638,653,768,1 733,605,1023,768,1 110,563,437,664,0 435,597,474,638,1 217,542,366,574,0 575,607,658,641,1 445,563,454,586,2 453,564,463,586,2 538,587,544,600,2 545,587,552,599,2 742,570,755,593,2 709,595,751,614,1 738,597,778,615,1 702,611,729,685,4 734,611,767,645,4 732,630,774,680,3 791,606,849,629,1
/data/user7/wt/datasets/M3FD/M3FD/VOCdevkit/VOC2007/JPEGImages/02088.jpg 17,616,50,636,1 51,615,90,638,1 83,575,335,662,5 171,545,331,621,0 299,618,344,652,1 339,597,393,657,1 386,572,635,660,0 444,566,454,577,2 454,567,463,580,2 710,596,749,617,1 633,612,706,641,1 730,609,809,638,1 738,601,777,616,1 740,572,754,595,2 696,611,726,687,4 731,611,766,647,4 730,631,771,681,3 4,634,209,767,1 356,643,652,768,1 729,613,1023,768,1 897,542,912,571,2
/data/user7/wt/datasets/M3FD/M3FD/VOCdevkit/VOC2007/JPEGImages/02089.jpg 18,617,52,636,1 57,573,312,663,5 146,543,313,623,0 321,599,443,657,1 299,616,335,652,1 445,567,454,590,2 454,568,463,590,2 471,574,699,657,0 701,612,727,688,4 728,614,767,647,4 730,631,772,684,3 743,572,755,597,2 709,598,753,616,1 739,601,776,616,1 360,643,651,768,1 2,634,211,767,1 728,608,1024,768,1 897,544,913,572,2
/data/user7/wt/datasets/M3FD/M3FD/VOCdevkit/VOC2007/JPEGImages/02090.jpg 2,634,210,768,1 32,574,295,666,5 129,536,295,624,0 303,598,427,658,0 273,616,321,649,1 444,567,454,591,2 453,569,463,591,2 531,574,758,661,0 513,621,540,644,1 702,613,728,688,4 730,615,767,648,4 730,632,770,684,3 898,544,912,570,2 741,574,755,598,2 730,603,1023,766,1 355,643,655,767,1
/data/user7/wt/datasets/M3FD/M3FD/VOCdevkit/VOC2007/JPEGImages/02091.jpg 3,576,267,667,5 84,537,265,624,1 275,596,402,661,1 401,618,479,653,1 456,620,522,646,1 444,569,454,592,2 453,569,463,591,2 537,591,544,605,2 544,592,552,605,2 741,573,754,599,2 605,621,626,642,1 358,647,652,768,1 3,638,210,766,1 728,612,1024,767,1 702,616,729,690,4 731,617,767,649,4 729,633,772,684,3 898,545,912,572,2 615,578,837,652,0
/data/user7/wt/datasets/M3FD/M3FD/VOCdevkit/VOC2007/JPEGImages/02092.jpg 61,536,244,625,0 2,572,243,666,5 2,636,209,766,1 255,597,387,661,1 445,568,454,592,2 454,569,463,591,2 414,620,520,652,1 390,622,443,650,1 569,614,656,643,1 701,613,727,691,4 731,615,767,652,4 731,634,771,686,3 537,592,544,605,2 545,591,551,605,2 742,574,754,599,2 679,577,871,643,0 727,612,1024,767,1 358,644,653,766,1 897,541,913,574,2
/data/user7/wt/datasets/M3FD/M3FD/VOCdevkit/VOC2007/JPEGImages/02093.jpg 24,539,214,627,0 4,574,213,666,5 235,599,368,666,1 363,620,406,656,1 445,572,454,595,2 454,573,463,594,2 463,623,567,653,1 539,620,613,647,1 537,595,544,608,2 545,594,552,608,2 698,618,728,692,4 733,619,766,654,4 728,636,770,679,3 708,605,747,623,1 741,578,755,602,2 752,581,922,641,0 3,641,210,767,1 357,649,644,768,1 721,616,1020,766,1 896,548,914,576,2 690,607,715,625,1
/data/user7/wt/datasets/M3FD/M3FD/VOCdevkit/VOC2007/JPEGImages/02094.jpg 4,532,191,628,0 143,620,217,659,1 209,595,350,662,1 497,617,610,650,1 444,567,453,591,2 453,568,463,590,2 537,591,544,604,2 545,591,552,604,2 742,573,755,598,2 690,603,714,622,1 708,599,751,620,1 738,602,779,618,1 803,576,957,626,0 697,613,727,690,4 733,615,766,650,4 729,633,770,677,3 724,617,1024,767,1 355,642,651,768,1 1,636,211,768,1 896,545,911,571,2
/data/user7/wt/datasets/M3FD/M3FD/VOCdevkit/VOC2007/JPEGImages/02095.jpg 972,622,1022,655,1 921,618,973,650,1 853,623,894,650,1 826,619,866,652,1 591,625,622,657,1 554,629,577,649,1 520,631,538,646,1 486,633,510,655,1 698,628,728,642,1 651,628,677,642,1 634,628,651,640,1 533,626,543,636,1 886,619,930,651,1
/data/user7/wt/datasets/M3FD/M3FD/VOCdevkit/VOC2007/JPEGImages/02096.jpg 994,613,1023,652,1 945,615,992,652,1 901,622,951,650,1 879,618,913,646,1 706,625,738,639,1 594,621,625,654,1 636,627,654,635,1 557,626,577,645,1 521,627,540,641,1 488,629,513,653,1 536,622,547,630,1 656,627,679,638,1
/data/user7/wt/datasets/M3FD/M3FD/VOCdevkit/VOC2007/JPEGImages/02097.jpg 995,619,1024,664,1 951,625,1003,659,1 786,621,844,657,1 706,632,741,650,1 658,633,680,643,1 595,628,628,660,1 557,630,579,650,1 537,628,546,637,1 521,632,538,647,1 487,636,512,656,1 634,631,655,642,1 831,626,847,646,1
/data/user7/wt/datasets/M3FD/M3FD/VOCdevkit/VOC2007/JPEGImages/02098.jpg 853,628,898,647,1 805,627,863,657,1 710,633,746,649,1 656,633,686,648,1 596,630,630,664,1 558,632,578,650,1 537,628,548,639,1 519,633,538,649,1 494,631,507,638,1 487,638,511,658,1 508,632,516,638,1 637,632,659,646,1
/data/user7/wt/datasets/M3FD/M3FD/VOCdevkit/VOC2007/JPEGImages/02099.jpg 877,632,928,657,1 821,627,879,659,1 717,638,751,656,1 664,636,689,652,1 641,635,662,649,1 600,635,633,667,1 559,636,580,655,1 521,637,540,652,1 487,641,513,661,1 541,632,551,642,1 497,635,509,641,1 510,635,517,642,1
/data/user7/wt/datasets/M3FD/M3FD/VOCdevkit/VOC2007/JPEGImages/02100.jpg 898,631,969,659,1 830,626,897,664,1 720,637,759,658,1 602,635,635,669,1 667,641,694,652,1 559,634,579,654,1 539,632,553,644,1 487,642,511,662,1 520,637,538,653,1 642,639,664,649,1 495,636,508,642,1 509,637,518,644,1
/data/user7/wt/datasets/M3FD/M3FD/VOCdevkit/VOC2007/JPEGImages/02101.jpg 933,625,1015,656,1 845,619,921,663,1 602,630,636,665,1 558,630,580,650,1 540,626,555,640,1 520,630,539,646,1 486,636,511,655,1 726,633,760,650,1 668,634,698,646,1 646,632,665,646,1
/data/user7/wt/datasets/M3FD/M3FD/VOCdevkit/VOC2007/JPEGImages/02102.jpg 994,631,1024,663,1 870,624,954,667,1 731,637,771,657,1 677,638,706,655,1 605,636,641,671,1 560,636,580,654,1 545,634,557,645,1 489,642,514,661,1 521,636,540,651,1 497,635,510,641,1 511,638,521,644,1 652,638,673,655,1
/data/user7/wt/datasets/M3FD/M3FD/VOCdevkit/VOC2007/JPEGImages/02104.jpg 916,620,1016,686,1 736,637,778,657,1 606,634,642,673,1 560,635,580,654,1 520,635,539,652,1 544,634,556,646,1 488,639,513,661,1 652,636,678,654,1 683,638,718,659,1
/data/user7/wt/datasets/M3FD/M3FD/VOCdevkit/VOC2007/JPEGImages/02105.jpg 941,616,1024,679,1 741,634,782,654,1 689,632,721,655,1 655,632,681,651,1 610,629,644,667,1 559,629,578,648,1 520,631,538,647,1 490,635,513,656,1
/data/user7/wt/datasets/M3FD/M3FD/VOCdevkit/VOC2007/JPEGImages/02109.jpg 766,628,818,661,1 709,631,745,654,1 610,624,652,664,1 557,626,576,644,1 542,630,555,640,1 484,630,508,650,1 506,630,516,640,1 518,628,538,643,1 668,629,697,644,1 692,626,711,644,1
/data/user7/wt/datasets/M3FD/M3FD/VOCdevkit/VOC2007/JPEGImages/02110.jpg 783,634,839,665,1 716,636,758,657,1 617,631,657,671,1 562,633,579,650,1 485,637,508,656,1 543,636,557,649,1 676,633,708,651,1 705,632,728,651,1 602,631,623,653,1 521,634,540,650,1 507,638,518,649,1
/data/user7/wt/datasets/M3FD/M3FD/VOCdevkit/VOC2007/JPEGImages/02112.jpg 816,627,879,661,1 739,625,789,649,1 628,620,675,664,1 597,625,631,648,1 571,626,592,645,1 553,630,567,643,1 530,629,550,645,1 491,629,514,649,1 515,632,526,643,1 693,627,722,643,1
/data/user7/wt/datasets/M3FD/M3FD/VOCdevkit/VOC2007/JPEGImages/02114.jpg 856,647,930,680,1 804,646,838,669,1 765,647,808,669,1 699,647,736,663,1 640,641,688,687,1 591,646,628,670,1 578,648,601,667,1 561,654,575,666,1 537,652,558,667,1 492,651,519,671,1 518,656,533,667,1 686,647,704,661,1
/data/user7/wt/datasets/M3FD/M3FD/VOCdevkit/VOC2007/JPEGImages/02115.jpg 880,649,967,681,1 775,649,827,672,1 830,648,877,674,1 698,650,736,671,1 644,641,692,689,1 586,647,620,672,1 560,655,576,668,1 539,653,559,667,1 518,655,533,668,1 490,650,516,673,1 579,649,590,667,1 726,640,734,651,4
/data/user7/wt/datasets/M3FD/M3FD/VOCdevkit/VOC2007/JPEGImages/02116.jpg 892,645,990,679,1 850,645,909,675,1 778,646,837,671,1 693,648,736,672,1 643,639,691,687,1 577,646,612,671,1 538,649,556,665,1 512,654,529,666,1 485,651,508,669,1 556,653,572,667,1 736,637,744,665,4
/data/user7/wt/datasets/M3FD/M3FD/VOCdevkit/VOC2007/JPEGImages/02117.jpg 953,646,1024,686,1 778,655,851,676,1 730,653,759,677,1 700,653,735,680,1 647,643,699,692,1 576,650,611,676,1 560,659,575,673,1 541,657,562,673,1 515,659,531,673,1 485,656,509,676,1 870,637,885,665,4 883,637,893,664,4 757,642,765,671,4 900,649,942,683,4
/data/user7/wt/datasets/M3FD/M3FD/VOCdevkit/VOC2007/JPEGImages/02119.jpg 790,658,869,694,1 760,657,802,685,1 714,656,737,686,1 662,646,716,699,1 577,654,615,683,1 551,661,573,678,1 519,663,538,678,1 485,659,513,681,1 988,654,1024,694,1 755,650,764,672,4 926,639,935,666,4
/data/user7/wt/datasets/M3FD/M3FD/VOCdevkit/VOC2007/JPEGImages/02120.jpg 17,680,59,765,4 127,683,357,768,1 753,669,837,725,1 853,664,907,707,1 533,676,640,738,1 555,689,679,750,1 900,675,954,705,1 969,667,1013,698,1 153,589,172,633,2 609,715,699,768,3 956,671,975,736,4 941,646,1010,678,0 752,673,766,690,4 749,688,761,713,3
/data/user7/wt/datasets/M3FD/M3FD/VOCdevkit/VOC2007/JPEGImages/02121.jpg 5,685,269,765,1 535,704,672,765,1 545,682,667,716,1 777,677,872,735,1 903,668,963,712,1 950,677,1009,711,1 218,592,236,639,2 686,701,771,768,3 552,610,560,641,2 561,611,570,640,2 677,647,687,666,2 687,647,695,665,2 781,679,798,695,4
/data/user7/wt/datasets/M3FD/M3FD/VOCdevkit/VOC2007/JPEGImages/02123.jpg 1,683,95,740,1 378,707,583,768,1 547,689,666,763,1 778,682,894,756,1 885,686,920,735,1 981,671,1024,727,1 326,593,346,642,2 146,698,186,768,4 815,723,908,767,3 656,612,667,644,2 666,613,676,644,2 787,649,798,669,2 797,649,806,670,2
/data/user7/wt/datasets/M3FD/M3FD/VOCdevkit/VOC2007/JPEGImages/02124.jpg 3,697,64,747,1 39,691,140,745,1 267,704,519,767,1 493,692,653,766,1 757,683,894,767,1 883,686,937,730,1 373,598,387,642,2 180,696,217,768,4 875,719,958,768,3 703,614,712,645,2 712,615,721,646,2 833,652,845,671,2 843,652,852,670,2
/data/user7/wt/datasets/M3FD/M3FD/VOCdevkit/VOC2007/JPEGImages/02125.jpg 421,689,638,767,1 707,677,885,767,1 876,686,976,743,1 37,705,357,768,1 9,681,81,744,1 59,693,149,733,1 123,680,217,722,1 444,594,468,641,2 25,624,47,669,2 969,717,1024,764,3
/data/user7/wt/datasets/M3FD/M3FD/VOCdevkit/VOC2007/JPEGImages/02126.jpg 381,684,609,768,1 660,683,874,767,1 882,683,997,750,1 4,707,220,766,1 112,696,201,735,1 102,691,202,734,1 22,688,118,713,1 491,592,516,638,2 74,624,100,670,2 277,694,312,768,4 825,608,836,640,2 836,607,845,639,2 965,646,976,665,2 165,688,268,736,1
/data/user7/wt/datasets/M3FD/M3FD/VOCdevkit/VOC2007/JPEGImages/02127.jpg 894,678,1023,754,1 509,678,794,766,1 297,685,559,767,1 77,697,191,732,1 124,685,224,736,1 209,689,291,734,1 259,686,360,725,1 165,623,194,665,2 575,588,601,634,2 361,690,378,715,4 538,691,578,721,4 829,678,861,726,4 821,707,869,752,3 919,602,930,634,2 928,602,940,634,2
/data/user7/wt/datasets/M3FD/M3FD/VOCdevkit/VOC2007/JPEGImages/02129.jpg 845,684,1024,766,1 2,657,274,768,1 254,684,336,768,1 317,691,390,730,1 364,686,460,729,1 682,585,703,630,2 272,621,297,664,2 727,691,767,735,4 418,681,447,767,4 705,718,783,766,3 342,716,431,767,3 384,696,406,728,4
/data/user7/wt/datasets/M3FD/M3FD/VOCdevkit/VOC2007/JPEGImages/02130.jpg 774,685,976,767,1 9,685,184,768,1 381,686,480,730,1 212,695,318,727,1 252,687,351,736,1 332,692,414,731,1 293,622,315,667,2 700,584,728,632,2 636,686,676,748,4 418,690,443,767,4 250,696,275,754,4 612,723,688,768,3 206,730,307,768,3
/data/user7/wt/datasets/M3FD/M3FD/VOCdevkit/VOC2007/JPEGImages/02131.jpg 649,694,866,767,1 897,707,1024,766,1 211,699,304,743,1 260,685,358,744,1 339,696,413,739,1 390,689,479,727,1 108,704,155,725,1 292,624,319,669,2 705,591,732,637,2 33,704,62,754,4 403,693,442,766,4 466,695,497,761,4 432,725,524,768,3 14,725,104,768,3 18,683,97,723,5
/data/user7/wt/datasets/M3FD/M3FD/VOCdevkit/VOC2007/JPEGImages/02132.jpg 114,703,161,726,1 538,686,767,766,1 738,705,1000,768,1 387,692,488,738,1 339,700,402,740,1 254,693,357,748,1 213,701,305,729,1 701,592,729,639,2 296,630,319,671,2 395,693,423,768,4 280,702,315,748,4 242,728,341,768,3 36,689,97,725,5 9,696,62,726,1
/data/user7/wt/datasets/M3FD/M3FD/VOCdevkit/VOC2007/JPEGImages/02133.jpg 855,681,1024,768,1 404,707,748,768,1 336,694,581,766,1 43,689,103,724,5 108,696,166,729,1 223,702,331,729,1 264,692,363,736,1 343,700,412,734,1 396,689,460,710,1 301,628,330,672,2 711,589,735,639,2 409,695,436,730,4 3,702,28,763,4 28,696,68,723,1
/data/user7/wt/datasets/M3FD/M3FD/VOCdevkit/VOC2007/JPEGImages/02136.jpg 556,677,857,768,1 90,699,140,728,1 118,687,174,724,5 191,705,232,724,1 292,704,397,737,1 331,692,427,740,1 409,699,481,739,1 461,686,559,739,1 373,628,393,671,2 778,590,804,637,2 467,697,495,767,4 2,702,54,768,1
/data/user7/wt/datasets/M3FD/M3FD/VOCdevkit/VOC2007/JPEGImages/02138.jpg 786,697,1024,767,1 18,675,467,768,1 433,694,513,738,1 492,698,555,739,1 546,692,644,739,1 57,455,94,577,2 452,627,478,671,2 552,694,576,768,4 867,584,889,635,2 435,705,475,739,1
/data/user7/wt/datasets/M3FD/M3FD/VOCdevkit/VOC2007/JPEGImages/02139.jpg 1,689,125,766,1 617,707,948,767,1 228,695,276,727,1 257,690,311,730,5 326,706,368,727,1 420,708,533,736,1 457,694,560,743,1 551,700,612,740,1 596,690,697,740,1 102,466,148,576,2 503,629,528,669,2 605,695,632,768,4 920,585,944,634,2 320,701,361,720,1
/data/user7/wt/datasets/M3FD/M3FD/VOCdevkit/VOC2007/JPEGImages/02140.jpg 419,704,790,767,1 273,687,317,717,1 299,678,348,715,5 370,697,407,719,1 467,695,559,719,1 502,685,587,713,1 585,688,648,710,1 636,680,734,716,1 540,615,566,660,2 140,453,182,565,2 643,686,665,709,4 961,606,1024,766,0 966,571,989,625,2 357,692,399,715,1
/data/user7/wt/datasets/M3FD/M3FD/VOCdevkit/VOC2007/JPEGImages/02143.jpg 218,468,258,575,2 830,656,865,698,4 291,600,999,768,0
/data/user7/wt/datasets/M3FD/M3FD/VOCdevkit/VOC2007/JPEGImages/02144.jpg 797,688,850,712,1 794,700,829,739,1 235,475,276,572,2 2,598,788,768,0
/data/user7/wt/datasets/M3FD/M3FD/VOCdevkit/VOC2007/JPEGImages/02145.jpg 424,693,465,735,5 587,709,682,735,1 624,692,724,748,1 703,705,779,743,1 751,688,855,740,1 693,681,763,716,1 484,711,516,728,1 659,627,684,672,2 261,469,296,572,2 769,695,794,766,4 2,594,428,768,0 428,668,483,729,0
/data/user7/wt/datasets/M3FD/M3FD/VOCdevkit/VOC2007/JPEGImages/02146.jpg 404,697,444,726,1 431,694,487,730,5 499,710,538,726,1 599,707,706,737,1 643,697,741,746,1 726,701,803,744,1 770,693,878,743,1 679,626,708,673,2 274,471,313,581,2 790,698,820,766,4 432,666,518,721,0 3,595,101,766,0 488,702,535,722,1
/data/user7/wt/datasets/M3FD/M3FD/VOCdevkit/VOC2007/JPEGImages/02147.jpg 754,709,1024,766,1 627,707,735,734,1 670,696,767,746,1 742,693,830,742,1 799,691,903,726,1 437,699,471,725,1 459,694,512,729,5 528,707,577,732,1 298,465,351,578,2 711,626,736,670,2 822,696,847,739,4 462,668,566,716,0 517,701,562,724,1
/data/user7/wt/datasets/M3FD/M3FD/VOCdevkit/VOC2007/JPEGImages/02148.jpg 695,687,1023,766,1 500,710,781,767,1 454,700,494,724,1 474,690,530,725,5 534,697,595,726,1 686,694,788,728,1 325,468,366,567,2 734,624,759,673,2 480,666,586,714,0 767,699,826,724,1
/data/user7/wt/datasets/M3FD/M3FD/VOCdevkit/VOC2007/JPEGImages/02149.jpg 33,682,615,768,1 505,688,555,706,5 677,704,785,734,1 719,693,820,740,1 803,699,880,740,1 852,689,963,739,1 570,701,620,721,1 760,620,788,667,2 349,462,394,567,2 876,694,906,768,4 507,662,616,708,0 567,700,609,715,1
/data/user7/wt/datasets/M3FD/M3FD/VOCdevkit/VOC2007/JPEGImages/02150.jpg 490,698,539,724,1 517,691,572,729,5 590,706,634,726,1 690,708,802,736,1 729,693,840,747,1 813,701,896,741,1 868,692,979,743,1 363,465,411,574,2 778,622,807,670,2 895,694,927,767,4 523,666,637,709,0 582,699,616,721,1
/data/user7/wt/datasets/M3FD/M3FD/VOCdevkit/VOC2007/JPEGImages/02151.jpg 511,694,551,723,1 527,688,591,727,5 605,706,648,727,1 709,704,818,734,1 743,693,851,738,1 830,699,911,741,1 886,692,996,739,1 386,460,421,572,2 795,621,824,669,2 913,693,947,754,4 552,667,724,718,0 597,703,642,722,1 896,705,1024,767,1
/data/user7/wt/datasets/M3FD/M3FD/VOCdevkit/VOC2007/JPEGImages/02152.jpg 520,694,564,722,1 538,683,592,724,5 614,702,655,724,1 598,707,924,768,1 834,695,926,736,1 894,687,1011,741,1 394,462,428,567,2 801,616,831,666,2 925,691,960,766,4 570,654,741,708,0 601,696,645,722,1 749,688,856,720,1
/data/user7/wt/datasets/M3FD/M3FD/VOCdevkit/VOC2007/JPEGImages/02153.jpg 16,700,383,768,1 528,689,570,715,1 550,681,602,718,5 621,695,663,717,1 721,695,833,724,1 759,685,865,735,1 844,692,939,733,1 900,682,1013,732,1 398,453,437,566,2 809,613,836,662,2 932,688,966,764,4 586,657,771,704,0 609,691,645,715,1
/data/user7/wt/datasets/M3FD/M3FD/VOCdevkit/VOC2007/JPEGImages/02154.jpg 532,691,575,716,1 557,685,608,719,5 619,699,671,716,1 728,694,840,728,1 760,685,859,715,1 849,691,901,709,1 911,680,1017,714,1 738,717,1024,767,1 395,459,444,561,2 814,612,840,663,2 597,653,789,712,0 614,693,652,713,1
/data/user7/wt/datasets/M3FD/M3FD/VOCdevkit/VOC2007/JPEGImages/02155.jpg 376,710,726,768,1 752,690,1024,767,1 534,685,610,713,5 614,696,672,721,1 728,702,840,727,1 769,686,878,734,1 852,687,916,719,1 400,456,445,562,2 817,612,845,661,2 610,657,798,714,0
/data/user7/wt/datasets/M3FD/M3FD/VOCdevkit/VOC2007/JPEGImages/02156.jpg 1,690,209,767,1 330,691,768,768,1 738,696,852,731,1 781,692,889,737,1 867,696,963,739,1 914,678,1024,734,1 555,680,611,697,5 407,460,452,571,2 826,616,853,668,2 945,686,984,765,4 619,661,810,702,0
/data/user7/wt/datasets/M3FD/M3FD/VOCdevkit/VOC2007/JPEGImages/02157.jpg 12,693,357,768,1 547,691,588,717,1 570,686,621,720,5 635,701,686,722,1 743,701,851,729,1 785,689,893,739,1 866,697,953,739,1 916,686,1024,737,1 415,456,456,567,2 832,616,857,666,2 947,689,992,766,4 622,656,817,716,0 628,695,662,720,1
/data/user7/wt/datasets/M3FD/M3FD/VOCdevkit/VOC2007/JPEGImages/02158.jpg 552,691,593,724,1 579,685,624,724,5 637,701,683,721,1 746,704,856,725,1 787,692,893,738,1 873,696,958,739,1 922,683,1023,733,1 904,719,1024,767,1 412,463,457,569,2 834,619,862,664,2 955,685,986,746,4 627,656,822,714,0 630,696,661,724,1
/data/user7/wt/datasets/M3FD/M3FD/VOCdevkit/VOC2007/JPEGImages/02159.jpg 574,688,624,718,5 642,701,690,719,1 553,710,928,767,1 755,692,823,724,1 782,690,892,733,1 872,695,958,739,1 921,686,1023,738,1 418,463,457,562,2 833,617,863,664,2 957,692,992,766,4 631,656,823,715,0 633,696,663,718,1 558,689,594,719,1
/data/user7/wt/datasets/M3FD/M3FD/VOCdevkit/VOC2007/JPEGImages/02160.jpg 108,711,464,768,1 552,686,594,722,1 577,680,631,724,5 634,694,697,728,1 743,698,863,737,1 785,683,904,739,1 871,694,960,740,1 930,677,1024,729,1 416,458,467,573,2 838,612,871,667,2 959,686,1006,761,4 630,661,831,710,0
/data/user7/wt/datasets/M3FD/M3FD/VOCdevkit/VOC2007/JPEGImages/02162.jpg 613,636,678,688,1 664,639,688,664,1 544,630,561,646,1 582,633,611,659,1 571,631,580,651,1
/data/user7/wt/datasets/M3FD/M3FD/VOCdevkit/VOC2007/JPEGImages/02164.jpg 600,628,668,683,1 657,628,687,655,1 540,622,562,639,1 588,628,619,654,1
/data/user7/wt/datasets/M3FD/M3FD/VOCdevkit/VOC2007/JPEGImages/02165.jpg 540,625,560,643,1 583,625,654,684,1 651,628,691,660,1 580,627,597,653,1
/data/user7/wt/datasets/M3FD/M3FD/VOCdevkit/VOC2007/JPEGImages/02166.jpg 571,633,641,692,1 653,636,685,662,1 541,631,561,651,1 621,634,640,658,1
/data/user7/wt/datasets/M3FD/M3FD/VOCdevkit/VOC2007/JPEGImages/02167.jpg 647,631,681,659,1 542,627,562,647,1 559,632,626,684,1 610,632,636,666,1 627,629,647,664,1
/data/user7/wt/datasets/M3FD/M3FD/VOCdevkit/VOC2007/JPEGImages/02168.jpg 649,634,680,663,1 632,632,656,668,1 605,633,644,672,1 548,632,616,685,1 539,630,560,646,1
/data/user7/wt/datasets/M3FD/M3FD/VOCdevkit/VOC2007/JPEGImages/02169.jpg 606,642,654,681,1 539,637,604,691,1 645,642,666,680,1 663,642,676,671,1 180,632,226,668,1
/data/user7/wt/datasets/M3FD/M3FD/VOCdevkit/VOC2007/JPEGImages/02172.jpg 528,641,587,694,1 587,642,595,660,1 592,642,604,667,1 601,641,624,671,1 615,641,656,678,1 638,647,671,688,1 654,642,735,708,1 673,652,807,750,1 568,614,571,619,2 584,614,586,619,2
/data/user7/wt/datasets/M3FD/M3FD/VOCdevkit/VOC2007/JPEGImages/02173.jpg 534,643,580,684,1 584,647,612,672,1 601,648,645,685,1 635,644,713,710,1 713,646,891,768,1 670,621,753,688,0 562,609,565,615,2 584,608,588,617,2
/data/user7/wt/datasets/M3FD/M3FD/VOCdevkit/VOC2007/JPEGImages/02175.jpg 532,642,576,680,1 582,641,609,671,1 598,643,650,686,1 640,641,727,715,1 744,646,974,768,1 670,617,758,683,0 558,603,563,614,2 582,604,587,616,2
/data/user7/wt/datasets/M3FD/M3FD/VOCdevkit/VOC2007/JPEGImages/02179.jpg 948,709,1024,766,1 665,647,791,751,1 601,651,652,696,1 638,648,662,675,1 588,653,612,679,1 579,649,597,671,1 567,649,586,669,1 528,645,567,680,1 510,643,532,666,1 666,616,768,666,0 916,679,941,726,3 580,599,588,614,2 553,599,559,612,2 916,659,939,714,4
/data/user7/wt/datasets/M3FD/M3FD/VOCdevkit/VOC2007/JPEGImages/02181.jpg 675,650,828,767,1 594,653,651,696,1 633,651,653,675,1 580,651,609,680,1 572,649,585,671,1 559,646,579,668,1 520,648,558,682,1 497,645,519,670,1 659,616,765,694,0 989,659,1024,716,3 547,597,552,609,2 576,598,583,612,2 990,691,1024,740,3
/data/user7/wt/datasets/M3FD/M3FD/VOCdevkit/VOC2007/JPEGImages/02182.jpg 492,650,515,674,1 517,653,554,688,1 552,651,577,673,1 578,655,607,684,1 594,657,650,703,1 682,652,847,768,1 659,619,761,701,0 544,601,552,615,2 576,601,583,618,2
/data/user7/wt/datasets/M3FD/M3FD/VOCdevkit/VOC2007/JPEGImages/02183.jpg 486,643,509,666,1 517,644,551,679,1 555,646,578,665,1 573,647,601,678,1 590,649,648,698,1 624,649,651,674,1 686,647,876,768,1 659,612,766,694,0 542,591,549,606,2 575,592,583,609,2
/data/user7/wt/datasets/M3FD/M3FD/VOCdevkit/VOC2007/JPEGImages/02184.jpg 482,654,508,677,1 513,659,547,688,1 570,659,601,688,1 591,664,646,708,1 555,655,574,678,1 623,659,647,685,1 697,658,916,768,1 507,656,524,670,1 658,621,767,708,0 539,597,550,614,2 574,597,582,616,2
/data/user7/wt/datasets/M3FD/M3FD/VOCdevkit/VOC2007/JPEGImages/02185.jpg 481,653,504,678,1 507,654,523,666,1 512,657,547,686,1 524,653,557,675,1 567,657,596,686,1 585,662,642,706,1 619,657,646,683,1 705,656,948,768,1 658,619,768,709,0 538,593,548,614,2 576,595,582,613,2
/data/user7/wt/datasets/M3FD/M3FD/VOCdevkit/VOC2007/JPEGImages/02186.jpg 482,654,508,676,1 513,657,549,687,1 542,651,562,677,1 557,655,577,676,1 571,658,601,688,1 591,663,649,712,1 720,656,1004,768,1 662,619,776,712,0 407,655,422,686,4 543,592,551,610,2 581,594,591,612,2
/data/user7/wt/datasets/M3FD/M3FD/VOCdevkit/VOC2007/JPEGImages/02187.jpg 486,663,512,685,1 517,666,554,697,1 550,661,569,686,1 566,667,582,686,1 572,663,605,694,1 591,668,649,716,1 633,667,655,692,1 742,663,1024,767,1 669,627,779,719,0 400,659,418,700,4 547,598,556,616,2 587,598,596,618,2
/data/user7/wt/datasets/M3FD/M3FD/VOCdevkit/VOC2007/JPEGImages/02190.jpg 492,654,521,682,1 528,655,563,688,1 567,653,587,673,1 583,656,617,687,1 595,663,651,711,1 642,661,670,692,1 841,659,948,711,1 847,665,1024,766,1 357,649,383,704,4 907,663,936,707,4 811,657,830,686,4 675,620,794,719,0 557,577,568,601,2 605,577,617,602,2 897,686,928,712,3 270,651,308,684,1
/data/user7/wt/datasets/M3FD/M3FD/VOCdevkit/VOC2007/JPEGImages/02191.jpg 343,662,370,716,4 963,673,988,727,4 879,667,1004,724,1 898,684,1024,768,1 680,630,800,725,0 497,666,521,688,1 235,669,286,697,1 191,668,244,697,1 528,665,567,697,1 576,663,594,682,1 585,669,614,697,1 597,671,655,720,1 647,666,677,698,1 558,577,572,607,2 609,578,627,609,2 390,663,413,682,1 948,691,1003,730,3 830,661,843,694,4
/data/user7/wt/datasets/M3FD/M3FD/VOCdevkit/VOC2007/JPEGImages/02193.jpg 274,647,293,714,4 873,653,889,686,4 686,613,802,708,0 1,648,65,691,1 43,643,125,694,1 117,649,186,689,1 497,651,528,675,1 536,651,570,682,1 589,650,607,670,1 571,651,587,668,1 591,655,622,686,1 602,656,655,704,1 654,655,684,684,1 562,549,574,579,2 624,550,637,581,2 192,653,232,684,1 291,648,303,713,4
/data/user7/wt/datasets/M3FD/M3FD/VOCdevkit/VOC2007/JPEGImages/02194.jpg 1,666,32,720,1 17,667,106,722,1 101,673,159,709,1 502,669,530,696,1 543,666,575,705,1 582,670,600,692,1 597,670,628,703,1 605,674,661,720,1 658,674,691,702,1 692,629,810,726,0 904,675,922,707,4 213,669,239,747,4 566,556,578,589,2 633,556,649,591,2 236,672,254,744,4 306,672,341,695,1 347,671,377,693,1
/data/user7/wt/datasets/M3FD/M3FD/VOCdevkit/VOC2007/JPEGImages/02195.jpg 1,667,20,719,1 20,667,70,709,1 508,668,540,690,1 548,666,583,696,1 579,662,597,690,1 593,666,611,688,1 605,665,623,683,1 610,670,629,696,1 614,676,669,716,1 666,673,700,699,1 704,626,826,722,0 147,657,176,758,4 936,668,959,709,4 276,671,311,695,1 321,671,358,690,1 131,667,170,695,1 210,662,268,697,1 572,541,588,578,2 646,544,663,581,2 308,654,353,686,0 175,663,198,755,4 47,666,123,718,1
/data/user7/wt/datasets/M3FD/M3FD/VOCdevkit/VOC2007/JPEGImages/02196.jpg 1,654,23,768,4 992,663,1020,709,4 709,620,836,720,0 513,662,547,689,1 557,664,592,692,1 626,666,676,711,1 676,665,711,691,1 216,666,271,693,1 280,665,321,685,1 342,663,375,683,1 42,661,112,701,1 578,518,595,560,2 663,520,684,564,2 863,620,876,646,2 261,644,323,687,0 588,658,616,683,1 23,658,55,763,4
/data/user7/wt/datasets/M3FD/M3FD/VOCdevkit/VOC2007/JPEGImages/02197.jpg 31,662,124,702,1 151,659,217,696,1 113,657,153,696,1 232,662,282,690,1 310,660,349,684,1 623,668,677,711,1 679,667,714,693,1 512,662,549,688,1 557,660,594,692,1 547,659,567,680,1 710,624,839,722,0 578,499,598,548,2 676,502,697,551,2 220,638,288,687,0 897,615,916,644,2 593,660,623,684,1
/data/user7/wt/datasets/M3FD/M3FD/VOCdevkit/VOC2007/JPEGImages/02200.jpg 52,691,100,740,1 146,693,215,738,1 520,695,557,726,1 552,693,582,721,1 582,693,619,728,1 623,692,651,719,1 644,699,697,743,1 702,695,740,735,1 1,657,63,752,0 742,647,887,758,0 602,404,638,487,2 775,403,815,492,2 106,693,118,721,4
/data/user7/wt/datasets/M3FD/M3FD/VOCdevkit/VOC2007/JPEGImages/02201.jpg 56,683,140,736,1 154,688,213,729,1 514,685,555,718,1 552,684,579,714,1 583,684,625,716,1 625,679,655,711,1 646,688,701,734,1 711,686,753,724,1 745,636,902,755,0 609,312,659,424,2 837,315,890,426,2 69,682,80,697,4
/data/user7/wt/datasets/M3FD/M3FD/VOCdevkit/VOC2007/JPEGImages/02202.jpg 9,693,112,737,1 140,703,182,735,1 504,683,548,720,1 543,682,575,715,1 565,682,588,712,1 586,682,630,720,1 628,680,659,711,1 647,687,707,736,1 722,687,762,726,1 756,636,912,755,0 632,121,708,284,2 978,125,1024,288,2
/data/user7/wt/datasets/M3FD/M3FD/VOCdevkit/VOC2007/JPEGImages/02203.jpg 495,669,547,709,1 537,668,569,705,1 560,667,589,701,1 577,667,610,689,1 589,669,636,705,1 657,671,716,725,1 732,673,773,711,1 770,612,945,748,0
/data/user7/wt/datasets/M3FD/M3FD/VOCdevkit/VOC2007/JPEGImages/02204.jpg 497,643,551,686,1 533,642,572,682,1 563,642,589,677,1 577,637,599,676,1 591,639,613,666,1 602,642,645,683,1 644,640,670,670,1 666,645,730,701,1 744,646,788,686,1 784,585,972,727,0
/data/user7/wt/datasets/M3FD/M3FD/VOCdevkit/VOC2007/JPEGImages/02205.jpg 426,620,484,663,1 470,615,508,659,1 497,615,529,657,1 515,615,539,653,1 530,615,555,646,1 548,617,593,656,1 589,616,615,646,1 610,620,680,670,1 691,619,737,658,1 736,556,935,707,0 665,595,677,612,2
/data/user7/wt/datasets/M3FD/M3FD/VOCdevkit/VOC2007/JPEGImages/02206.jpg 388,674,454,723,1 440,671,481,719,1 468,668,501,712,1 486,668,519,709,1 502,667,533,705,1 526,668,576,712,1 569,667,597,700,1 594,670,618,698,1 597,673,674,734,1 680,669,732,715,1 724,601,940,755,0 641,647,653,661,2 124,674,201,721,1
/data/user7/wt/datasets/M3FD/M3FD/VOCdevkit/VOC2007/JPEGImages/02207.jpg 370,682,446,743,1 427,681,476,733,1 460,678,499,727,1 479,674,513,722,1 499,674,537,717,1 532,680,584,728,1 573,677,605,715,1 609,681,695,751,1 690,679,747,726,1 746,605,984,768,0 1,689,82,741,1 640,656,654,670,2
/data/user7/wt/datasets/M3FD/M3FD/VOCdevkit/VOC2007/JPEGImages/02208.jpg 347,678,434,751,1 409,678,464,737,1 446,674,488,729,1 468,674,507,723,1 490,673,529,716,1 534,677,584,723,1 617,682,708,754,1 694,678,752,726,1 576,674,601,707,1 755,601,1014,768,0 633,654,648,670,2
/data/user7/wt/datasets/M3FD/M3FD/VOCdevkit/VOC2007/JPEGImages/02211.jpg 156,675,331,768,1 292,671,390,762,1 363,666,433,744,1 400,662,458,728,1 433,661,488,717,1 476,673,519,707,1 506,669,566,720,1 553,666,577,709,1 567,666,592,703,1 602,670,644,716,1 619,674,683,734,1 636,677,775,768,1 774,579,1024,767,0 594,640,602,657,2 600,640,609,656,2
/data/user7/wt/datasets/M3FD/M3FD/VOCdevkit/VOC2007/JPEGImages/02212.jpg 39,687,278,768,1 233,683,362,768,1 321,678,413,766,1 374,673,440,751,1 411,670,473,738,1 465,689,509,725,1 499,684,559,737,1 551,682,566,726,1 559,682,584,719,1 594,682,643,736,1 620,686,688,759,1 644,687,808,768,1 779,585,1024,767,0 581,651,590,670,2 588,648,596,671,2
/data/user7/wt/datasets/M3FD/M3FD/VOCdevkit/VOC2007/JPEGImages/02213.jpg 1,697,124,768,1 103,686,303,768,1 252,680,379,768,1 334,677,416,762,1 387,677,453,741,1 444,692,490,733,1 488,687,553,747,1 511,682,568,724,1 563,682,594,712,1 590,689,647,740,1 620,692,713,767,1 665,695,864,768,1 782,578,1024,767,0 568,653,576,670,2 574,654,583,670,2
/data/user7/wt/datasets/M3FD/M3FD/VOCdevkit/VOC2007/JPEGImages/02214.jpg 3,686,261,768,1 208,678,355,768,1 307,676,397,767,1 371,671,443,748,1 432,686,482,732,1 482,683,547,741,1 509,680,565,721,1 561,681,595,708,1 587,686,645,741,1 620,690,727,768,1 676,693,923,768,1 784,568,1024,767,0 558,648,567,667,2 564,649,574,667,2
/data/user7/wt/datasets/M3FD/M3FD/VOCdevkit/VOC2007/JPEGImages/02215.jpg 1,695,103,768,1 70,676,308,768,1 248,673,371,768,1 340,671,425,753,1 411,689,462,732,1 447,689,475,724,1 472,686,543,743,1 497,676,555,724,1 586,688,655,746,1 629,691,766,768,1 732,697,1024,767,1 795,569,1024,758,0 547,646,555,666,2 555,647,562,666,2
/data/user7/wt/datasets/M3FD/M3FD/VOCdevkit/VOC2007/JPEGImages/02217.jpg 1,635,217,768,1 146,635,360,768,1 323,636,449,739,1 437,658,490,708,1 471,655,506,697,1 499,651,528,678,1 509,652,594,727,1 534,647,601,694,1 628,649,661,702,1 643,656,727,732,1 703,667,904,768,1 868,549,1024,766,0 583,614,592,636,2 589,612,601,634,2 327,656,359,704,4
/data/user7/wt/datasets/M3FD/M3FD/VOCdevkit/VOC2007/JPEGImages/02218.jpg 20,644,322,768,1 291,647,430,759,1 420,663,485,724,1 464,667,504,712,1 498,666,526,688,1 504,671,599,741,1 530,659,601,706,1 589,665,636,695,1 632,659,674,718,1 651,672,749,751,1 740,670,787,711,1 720,684,947,768,1 891,565,1024,767,0 582,624,590,648,2 590,625,601,648,2 294,663,321,733,4
/data/user7/wt/datasets/M3FD/M3FD/VOCdevkit/VOC2007/JPEGImages/02219.jpg 1,619,237,768,1 246,629,409,763,1 375,659,426,726,1 387,652,468,714,1 447,651,498,699,1 494,647,523,678,1 504,655,602,738,1 527,639,594,682,1 598,649,646,679,1 636,643,687,707,1 660,649,734,708,1 669,660,779,748,1 764,659,829,704,1 807,658,894,686,1 753,673,1024,767,1 580,608,590,629,2 587,608,597,629,2 928,556,1022,734,0 227,650,272,731,4 191,672,285,767,3
/data/user7/wt/datasets/M3FD/M3FD/VOCdevkit/VOC2007/JPEGImages/02221.jpg 3,557,31,614,1 41,565,91,602,1 60,563,172,621,1 161,558,208,601,1 201,533,316,616,5 308,540,392,628,1 373,555,406,611,1 404,562,446,602,1 438,550,497,594,1 688,561,754,619,1 941,604,1024,764,1 825,559,941,659,1 781,556,817,592,1 750,555,780,584,1 920,567,969,626,1 550,470,567,508,2 943,491,956,520,2 518,556,551,613,3 567,470,582,509,2 958,490,973,523,2 953,531,965,551,2
/data/user7/wt/datasets/M3FD/M3FD/VOCdevkit/VOC2007/JPEGImages/02222.jpg 1,582,50,649,1 53,573,122,632,1 115,534,258,643,5 272,568,362,664,1 335,567,379,638,1 366,578,419,627,1 406,567,477,618,1 691,580,755,634,1 747,576,780,598,1 775,574,817,605,1 805,569,832,591,1 823,577,950,675,1 953,629,1024,761,1 951,505,968,538,2 533,481,552,526,2 499,568,543,637,3 1003,572,1024,621,2 553,482,568,524,2 968,506,984,539,2 963,547,977,569,2
/data/user7/wt/datasets/M3FD/M3FD/VOCdevkit/VOC2007/JPEGImages/02223.jpg 6,513,186,642,1 197,553,300,648,1 290,559,335,630,1 330,568,385,616,1 367,551,442,605,1 680,569,746,624,1 744,563,772,588,1 760,563,808,604,1 817,565,951,664,1 936,599,1022,768,1 952,490,968,523,2 512,461,530,506,2 990,585,1015,616,3 475,558,516,625,3 530,462,548,506,2 968,490,986,524,2 964,534,977,555,2 987,567,1012,586,4 800,562,821,586,1 714,561,741,581,1 445,565,485,598,1 160,538,286,602,0
/data/user7/wt/datasets/M3FD/M3FD/VOCdevkit/VOC2007/JPEGImages/02224.jpg 938,605,1024,768,1 803,573,926,666,1 667,572,726,622,1 727,566,753,590,1 748,563,784,600,1 780,566,801,586,1 67,549,196,676,1 187,551,259,653,1 255,570,325,626,1 314,551,391,617,1 393,567,436,601,1 474,451,491,502,2 953,486,968,522,2 424,567,475,648,3 955,594,981,622,3 5,566,44,668,5 8,535,186,606,0 494,452,512,500,2 955,573,980,593,4 963,535,979,558,2 970,486,986,523,2 698,564,726,586,1
/data/user7/wt/datasets/M3FD/M3FD/VOCdevkit/VOC2007/JPEGImages/02225.jpg 1,544,94,703,1 86,563,199,661,1 184,574,269,634,1 252,552,346,624,1 651,567,713,626,1 714,564,739,589,1 738,570,769,601,1 765,564,785,586,1 787,567,916,678,1 924,599,1024,767,1 952,482,970,523,2 439,441,461,498,2 371,574,424,662,3 928,593,954,624,3 463,441,485,496,2 349,572,397,610,1 932,575,951,599,4 965,536,980,560,2 972,481,989,523,2
/data/user7/wt/datasets/M3FD/M3FD/VOCdevkit/VOC2007/JPEGImages/02226.jpg 3,562,84,688,1 86,578,183,654,1 175,552,292,634,1 636,575,690,626,1 695,562,724,594,1 721,571,755,601,1 767,574,898,669,1 903,594,1024,764,1 389,427,415,491,2 952,478,975,523,2 896,594,923,625,3 290,577,361,682,3 417,429,440,486,2 974,478,995,524,2 901,576,922,602,4 969,532,987,563,2
/data/user7/wt/datasets/M3FD/M3FD/VOCdevkit/VOC2007/JPEGImages/02227.jpg 870,605,1024,753,1 748,570,869,660,1 618,573,669,616,1 650,565,682,590,1 680,566,706,586,1 701,566,734,597,1 730,563,748,582,1 2,569,97,662,1 88,546,235,636,1 960,463,982,516,2 342,402,373,474,2 197,576,290,708,3 874,588,895,616,3 372,403,401,478,2 982,467,1005,517,2 877,573,895,593,4 975,528,994,557,2 738,574,776,615,1
/data/user7/wt/datasets/M3FD/M3FD/VOCdevkit/VOC2007/JPEGImages/02228.jpg 841,591,1024,767,1 738,579,842,663,1 599,571,650,616,1 637,567,666,594,1 669,568,691,587,1 684,571,717,599,1 709,575,759,619,1 1,524,123,624,1 261,358,297,447,2 984,455,1024,501,2 1,576,117,762,3 848,596,871,619,3 136,568,230,624,1 849,577,869,597,4 299,359,333,447,2
/data/user7/wt/datasets/M3FD/M3FD/VOCdevkit/VOC2007/JPEGImages/02229.jpg 30,598,147,665,1 574,592,624,637,1 615,586,640,612,1 639,590,667,610,1 659,588,689,619,1 677,597,723,638,1 704,593,808,681,1 804,619,1024,765,1 919,525,1024,620,0 993,461,1024,518,2 157,342,203,447,2 819,615,837,635,3 202,343,246,449,2 819,597,837,613,4
/data/user7/wt/datasets/M3FD/M3FD/VOCdevkit/VOC2007/JPEGImages/02232.jpg 759,615,1008,768,1 555,590,602,630,1 604,584,631,608,1 626,581,645,602,1 637,589,678,627,1 668,585,766,668,1 839,507,1022,619,0 779,597,796,631,3 812,590,825,622,4 777,591,798,606,4
/data/user7/wt/datasets/M3FD/M3FD/VOCdevkit/VOC2007/JPEGImages/02233.jpg 560,588,604,630,1 606,585,629,608,1 628,586,647,600,1 639,593,676,625,1 665,592,758,663,1 750,605,991,768,1 822,512,1024,629,0 779,610,794,630,3 780,594,795,610,4
/data/user7/wt/datasets/M3FD/M3FD/VOCdevkit/VOC2007/JPEGImages/02234.jpg 758,615,995,768,1 565,593,608,632,1 610,588,635,612,1 632,587,652,605,1 638,596,675,628,1 662,595,750,665,1 252,591,311,621,1 309,594,342,616,1 817,508,1024,651,0 783,612,797,632,3 3,586,94,606,1 783,594,798,612,4
/data/user7/wt/datasets/M3FD/M3FD/VOCdevkit/VOC2007/JPEGImages/02235.jpg 572,593,614,629,1 616,587,640,612,1 643,591,674,623,1 660,593,742,660,1 760,612,1024,764,1 53,594,159,636,1 195,593,270,629,1 363,592,401,615,1 808,522,1022,659,0 791,612,803,631,3 100,561,190,629,5 788,594,805,612,4
/data/user7/wt/datasets/M3FD/M3FD/VOCdevkit/VOC2007/JPEGImages/02236.jpg 761,613,1024,760,1 576,591,621,628,1 622,584,642,607,1 643,584,659,600,1 648,592,679,623,1 663,593,741,657,1 1,598,87,662,1 137,592,211,639,1 208,591,285,630,1 812,523,1019,663,0 794,609,806,628,3 285,587,329,619,1 315,590,341,614,1 332,588,355,612,1 349,588,386,618,1 36,560,148,638,5 792,592,809,608,4 723,591,745,620,1
/data/user7/wt/datasets/M3FD/M3FD/VOCdevkit/VOC2007/JPEGImages/02237.jpg 585,597,627,634,1 626,592,651,616,1 667,593,745,660,1 758,608,1024,758,1 728,598,747,624,1 148,598,198,646,1 199,601,251,632,1 250,600,296,628,1 324,598,369,626,1 809,522,1024,677,0 798,617,814,635,3 288,601,319,623,1 36,587,166,655,1 656,598,685,627,1 648,590,664,605,1 798,600,816,619,4
/data/user7/wt/datasets/M3FD/M3FD/VOCdevkit/VOC2007/JPEGImages/02238.jpg 592,591,633,627,1 629,585,653,608,1 674,592,740,651,1 722,593,749,616,1 755,603,1024,766,1 1,593,67,653,1 74,595,135,638,1 134,598,207,631,1 210,595,262,623,1 289,593,341,624,1 809,522,1024,673,0 801,608,814,629,3 255,595,291,618,1 645,581,665,603,1 658,591,688,620,1 800,594,814,609,4
/data/user7/wt/datasets/M3FD/M3FD/VOCdevkit/VOC2007/JPEGImages/02239.jpg 749,611,1013,755,1 590,592,633,625,1 22,592,123,643,1 122,592,198,633,1 207,590,279,631,1 670,592,736,650,1 814,523,1024,680,0 721,591,743,619,1 623,583,646,608,1 639,584,658,603,1 656,592,685,619,1 264,590,302,620,1 191,591,226,616,1
/data/user7/wt/datasets/M3FD/M3FD/VOCdevkit/VOC2007/JPEGImages/02241.jpg 729,605,987,758,1 658,591,723,645,1 579,588,619,620,1 604,583,627,604,1 5,591,48,651,1 43,595,106,628,1 100,592,163,629,1 784,531,1015,681,0 621,581,639,600,1 639,590,669,617,1 710,589,727,614,1
/data/user7/wt/datasets/M3FD/M3FD/VOCdevkit/VOC2007/JPEGImages/02242.jpg 575,595,613,626,1 595,587,615,608,1 630,597,661,621,1 655,595,721,648,1 717,610,947,752,1 779,534,1004,677,0 613,585,630,604,1
/data/user7/wt/datasets/M3FD/M3FD/VOCdevkit/VOC2007/JPEGImages/02243.jpg 713,604,915,743,1 647,586,713,643,1 560,585,603,618,1 600,580,616,597,1 775,529,992,681,0 612,588,652,615,1 586,581,603,595,1
/data/user7/wt/datasets/M3FD/M3FD/VOCdevkit/VOC2007/JPEGImages/02244.jpg 559,591,598,629,1 589,584,608,601,1 612,590,651,619,1 640,588,702,645,1 703,615,897,736,1 755,536,982,678,0 576,586,595,605,1
/data/user7/wt/datasets/M3FD/M3FD/VOCdevkit/VOC2007/JPEGImages/02245.jpg 694,612,881,741,1 641,601,703,653,1 554,599,594,632,1 586,589,602,604,1 609,599,637,624,1 765,543,977,686,0 603,584,619,599,1 635,591,651,605,1
/data/user7/wt/datasets/M3FD/M3FD/VOCdevkit/VOC2007/JPEGImages/02246.jpg 555,589,596,622,1 568,580,583,592,1 603,591,633,614,1 640,588,697,638,1 689,605,868,721,1 763,534,972,683,0 39,596,113,614,1 89,592,139,616,1 136,595,202,617,1 197,594,219,616,1 583,579,601,596,1 597,576,614,590,1
/data/user7/wt/datasets/M3FD/M3FD/VOCdevkit/VOC2007/JPEGImages/02248.jpg 678,609,836,713,1 632,596,690,641,1 557,593,591,625,1 574,577,594,596,1 598,592,627,619,1 762,539,972,681,0 559,582,577,593,1
/data/user7/wt/datasets/M3FD/M3FD/VOCdevkit/VOC2007/JPEGImages/02249.jpg 548,592,587,623,1 594,589,624,616,1 570,580,587,591,1 629,593,680,637,1 674,608,825,710,1 108,596,183,636,1 755,537,960,677,0 552,579,569,598,1
/data/user7/wt/datasets/M3FD/M3FD/VOCdevkit/VOC2007/JPEGImages/02250.jpg 20,601,109,647,1 669,608,812,704,1 623,592,678,639,1 549,591,584,620,1 589,591,617,613,1 749,540,963,689,0 102,599,145,635,1 567,578,582,594,1 550,580,567,599,1 135,608,157,646,3
/data/user7/wt/datasets/M3FD/M3FD/VOCdevkit/VOC2007/JPEGImages/02251.jpg 661,598,813,691,1 618,586,667,630,1 543,584,577,615,1 582,584,612,606,1 736,529,946,678,0 547,571,564,587,1 1,591,52,632,1 21,591,48,641,4 17,607,43,658,3 562,572,576,585,1
/data/user7/wt/datasets/M3FD/M3FD/VOCdevkit/VOC2007/JPEGImages/02252.jpg 659,604,784,697,1 610,589,661,630,1 536,585,574,615,1 577,585,605,608,1 730,536,922,675,0 540,576,558,594,1 553,574,568,587,1
/data/user7/wt/datasets/M3FD/M3FD/VOCdevkit/VOC2007/JPEGImages/02253.jpg 539,584,572,613,1 577,581,602,604,1 605,584,655,628,1 655,602,771,684,1 732,533,918,670,0 541,572,559,587,1 552,569,565,582,1
/data/user7/wt/datasets/M3FD/M3FD/VOCdevkit/VOC2007/JPEGImages/02255.jpg 649,604,765,684,1 539,593,571,621,1 581,591,605,612,1 608,593,654,632,1 728,552,913,677,0 544,580,564,597,1 575,587,595,605,1
/data/user7/wt/datasets/M3FD/M3FD/VOCdevkit/VOC2007/JPEGImages/02256.jpg 647,601,760,683,1 540,590,573,618,1 605,592,654,630,1 728,541,912,679,0 583,588,608,611,1
/data/user7/wt/datasets/M3FD/M3FD/VOCdevkit/VOC2007/JPEGImages/02257.jpg 542,591,576,618,1 587,591,611,609,1 608,591,654,632,1 646,608,755,675,1 724,547,909,675,0 575,583,598,603,1
/data/user7/wt/datasets/M3FD/M3FD/VOCdevkit/VOC2007/JPEGImages/02258.jpg 644,606,747,673,1 606,590,652,631,1 542,592,577,616,1 736,548,907,672,0 589,587,613,609,1 575,582,598,604,1
/data/user7/wt/datasets/M3FD/M3FD/VOCdevkit/VOC2007/JPEGImages/02261.jpg 68,582,137,628,5 538,582,572,609,1 599,585,642,623,1 628,595,721,661,1 875,617,1024,768,1 721,537,889,663,0 569,577,592,600,1 541,574,559,588,1
/data/user7/wt/datasets/M3FD/M3FD/VOCdevkit/VOC2007/JPEGImages/02262.jpg 847,632,1024,768,1 626,610,715,672,1 595,597,637,631,1 536,595,569,625,1 568,590,592,613,1 713,553,885,666,0 539,588,557,602,1
/data/user7/wt/datasets/M3FD/M3FD/VOCdevkit/VOC2007/JPEGImages/02264.jpg 797,631,1024,768,1 605,610,692,674,1 529,598,562,627,1 559,594,583,614,1 582,598,629,636,1 710,558,868,674,0 535,595,549,603,1
/data/user7/wt/datasets/M3FD/M3FD/VOCdevkit/VOC2007/JPEGImages/02265.jpg 772,624,1024,767,1 596,607,679,670,1 577,600,615,633,1 525,598,556,624,1 557,593,577,612,1 700,553,870,663,0 532,592,545,600,1
/data/user7/wt/datasets/M3FD/M3FD/VOCdevkit/VOC2007/JPEGImages/02266.jpg 710,617,885,732,1 630,613,713,676,1 611,612,643,657,1 594,610,626,643,1 546,614,576,639,1 744,545,966,693,0 573,613,596,637,1 530,616,537,635,4
/data/user7/wt/datasets/M3FD/M3FD/VOCdevkit/VOC2007/JPEGImages/02267.jpg 710,615,887,736,1 632,612,720,682,1 613,613,645,656,1 594,610,624,644,1 547,616,574,639,1 744,543,971,701,0 575,617,596,639,1 530,618,539,639,4
/data/user7/wt/datasets/M3FD/M3FD/VOCdevkit/VOC2007/JPEGImages/02269.jpg 702,613,886,734,1 638,612,728,684,1 614,611,667,657,1 599,610,632,643,1 552,616,579,638,1 579,617,601,637,1 758,541,998,703,0 533,616,543,639,4
/data/user7/wt/datasets/M3FD/M3FD/VOCdevkit/VOC2007/JPEGImages/02270.jpg 674,624,862,741,1 644,623,716,686,1 612,621,662,661,1 596,617,629,654,1 549,624,576,645,1 762,546,1006,701,0 578,625,598,644,1 533,623,541,641,4
/data/user7/wt/datasets/M3FD/M3FD/VOCdevkit/VOC2007/JPEGImages/02271.jpg 633,625,816,751,1 610,624,659,665,1 596,621,618,653,1 551,628,575,650,1 576,629,597,649,1 765,555,1014,713,0 530,629,539,647,4
/data/user7/wt/datasets/M3FD/M3FD/VOCdevkit/VOC2007/JPEGImages/02272.jpg 606,618,783,740,1 596,613,633,645,1 546,618,572,638,1 764,536,1010,710,0 606,614,655,657,1 577,619,595,640,1 529,617,536,637,4
/data/user7/wt/datasets/M3FD/M3FD/VOCdevkit/VOC2007/JPEGImages/02273.jpg 567,611,727,726,1 683,609,726,681,1 544,614,571,637,1 764,535,1017,703,0 574,616,595,635,1 528,614,536,637,4
/data/user7/wt/datasets/M3FD/M3FD/VOCdevkit/VOC2007/JPEGImages/02274.jpg 536,616,672,718,1 642,617,712,685,1 539,620,561,635,1 756,534,1001,701,0 516,617,526,639,4
/data/user7/wt/datasets/M3FD/M3FD/VOCdevkit/VOC2007/JPEGImages/02275.jpg 514,628,653,727,1 624,622,711,692,1 756,548,1004,710,0 516,629,528,648,4
/data/user7/wt/datasets/M3FD/M3FD/VOCdevkit/VOC2007/JPEGImages/02276.jpg 499,628,617,721,1 617,626,704,692,1 752,550,1001,714,0 516,626,523,641,4
/data/user7/wt/datasets/M3FD/M3FD/VOCdevkit/VOC2007/JPEGImages/02277.jpg 497,628,607,718,1 587,627,632,664,1 611,628,699,694,1 970,689,1024,767,1 743,553,994,714,0
/data/user7/wt/datasets/M3FD/M3FD/VOCdevkit/VOC2007/JPEGImages/02279.jpg 863,601,1024,767,1 479,627,575,703,1 602,629,682,687,1 577,628,617,665,1 731,549,977,704,0
/data/user7/wt/datasets/M3FD/M3FD/VOCdevkit/VOC2007/JPEGImages/02280.jpg 470,650,561,721,1 570,646,609,687,1 595,650,677,707,1 808,627,1024,767,1 723,570,963,727,0 548,647,569,671,1
/data/user7/wt/datasets/M3FD/M3FD/VOCdevkit/VOC2007/JPEGImages/02281.jpg 476,641,558,711,1 571,640,609,679,1 593,637,676,702,1 787,620,1024,767,1 726,564,960,717,0
/data/user7/wt/datasets/M3FD/M3FD/VOCdevkit/VOC2007/JPEGImages/02282.jpg 478,645,552,709,1 574,641,607,681,1 600,644,673,700,1 760,619,1023,768,1 538,645,559,662,1 728,569,960,713,0 318,649,345,666,1 267,650,298,667,1 557,645,571,662,1 224,641,260,673,1 180,646,210,674,3
/data/user7/wt/datasets/M3FD/M3FD/VOCdevkit/VOC2007/JPEGImages/02284.jpg 514,603,631,712,1 620,616,688,675,1 502,611,540,647,1 549,595,570,606,1 536,588,555,599,1 520,582,535,593,1 733,534,985,707,0 1,605,46,652,1 62,613,117,645,1 504,597,513,610,4
/data/user7/wt/datasets/M3FD/M3FD/VOCdevkit/VOC2007/JPEGImages/02285.jpg 493,617,617,720,1 608,618,695,693,1 589,622,638,650,1 539,597,552,607,1 522,591,538,605,1 735,543,986,720,0 502,608,514,620,4 548,609,569,617,1 578,612,605,623,1
/data/user7/wt/datasets/M3FD/M3FD/VOCdevkit/VOC2007/JPEGImages/02286.jpg 484,624,601,719,1 613,631,699,698,1 590,627,632,666,1 577,618,608,641,1 735,547,999,731,0 504,613,513,629,4 549,616,572,624,1 523,601,533,610,1 541,606,553,615,1
/data/user7/wt/datasets/M3FD/M3FD/VOCdevkit/VOC2007/JPEGImages/02287.jpg 485,625,590,713,1 620,627,709,694,1 587,622,636,662,1 579,614,610,637,1 742,544,1005,726,0 504,610,517,631,4 526,598,536,607,1 543,601,555,611,1 554,612,573,623,1 564,599,574,607,1
/data/user7/wt/datasets/M3FD/M3FD/VOCdevkit/VOC2007/JPEGImages/02288.jpg 486,620,594,707,1 623,628,717,694,1 587,625,641,667,1 576,614,614,640,1 554,607,572,629,1 527,598,537,609,1 747,544,1018,734,0 505,610,515,628,4
/data/user7/wt/datasets/M3FD/M3FD/VOCdevkit/VOC2007/JPEGImages/02289.jpg 487,620,583,698,1 620,627,724,702,1 583,621,638,664,1 572,612,607,630,1 551,610,576,626,1 751,539,1024,731,0 503,609,516,627,4 524,597,535,606,1 541,600,554,611,1 140,617,184,643,1
/data/user7/wt/datasets/M3FD/M3FD/VOCdevkit/VOC2007/JPEGImages/02291.jpg 486,627,572,691,1 575,625,644,672,1 620,630,736,713,1 550,612,570,625,1 749,534,1024,741,0 628,575,633,588,2 563,570,574,574,2 579,570,590,574,2 595,570,605,574,2 521,602,532,611,1 496,611,508,637,4 571,614,605,649,4 537,605,550,616,4
/data/user7/wt/datasets/M3FD/M3FD/VOCdevkit/VOC2007/JPEGImages/02292.jpg 482,629,570,703,1 570,626,609,662,1 577,637,641,686,1 625,643,738,727,1 768,543,1024,747,0 550,623,574,644,1 597,580,609,587,2 581,579,594,587,2 566,579,577,587,2 633,584,640,601,2 522,615,532,624,1 540,619,550,628,1 497,623,510,644,4
/data/user7/wt/datasets/M3FD/M3FD/VOCdevkit/VOC2007/JPEGImages/02295.jpg 485,628,553,685,1 575,625,612,663,1 592,632,663,692,1 644,639,786,742,1 801,524,1024,766,0 55,542,88,559,2 92,541,128,556,2 127,540,162,555,2 668,575,675,596,2 2,640,56,681,1 53,622,108,658,5 142,632,204,667,1 202,628,247,646,1 263,628,295,649,1 661,578,668,596,2 576,573,591,579,2 617,572,633,580,2 485,623,498,640,4 525,617,534,626,1 550,623,574,644,1 596,572,612,579,2
/data/user7/wt/datasets/M3FD/M3FD/VOCdevkit/VOC2007/JPEGImages/02297.jpg 488,628,550,682,1 550,624,574,645,1 578,625,615,663,1 598,636,674,692,1 656,644,828,766,1 834,520,1024,758,0 697,571,708,593,2 687,574,697,594,2 39,632,108,657,1 122,634,177,662,1 437,626,454,640,4 434,634,457,657,3 523,622,534,627,1 584,569,601,576,2 608,570,624,576,2 631,570,649,576,2
/data/user7/wt/datasets/M3FD/M3FD/VOCdevkit/VOC2007/JPEGImages/02298.jpg 495,623,554,674,1 552,618,577,641,1 579,619,621,658,1 606,629,681,685,1 662,636,838,753,1 855,517,1024,765,0 32,632,97,667,1 1,625,29,651,1 407,626,429,654,3 407,620,422,640,4 592,559,610,567,2 617,559,634,568,2 641,560,660,568,2 706,564,715,588,2 715,561,725,585,2
/data/user7/wt/datasets/M3FD/M3FD/VOCdevkit/VOC2007/JPEGImages/02300.jpg 506,636,562,684,1 563,634,586,655,1 591,633,633,672,1 618,642,708,702,1 687,651,895,768,1 379,632,397,645,1 901,533,1024,765,0 755,565,768,594,2 772,558,785,587,2 610,562,631,572,2 639,563,661,571,2 668,563,690,572,2
/data/user7/wt/datasets/M3FD/M3FD/VOCdevkit/VOC2007/JPEGImages/02301.jpg 512,625,566,673,1 563,625,589,646,1 593,625,639,664,1 618,636,710,693,1 697,643,929,764,1 250,628,301,662,1 362,626,383,641,1 957,525,1024,766,0 618,547,645,557,2 652,546,676,557,2 684,545,711,557,2 797,543,813,578,2 817,533,837,572,2 390,624,407,637,1
/data/user7/wt/datasets/M3FD/M3FD/VOCdevkit/VOC2007/JPEGImages/02302.jpg 14,639,103,689,1 317,634,341,650,1 514,633,565,677,1 563,635,589,655,1 593,634,642,674,1 624,643,720,710,1 724,651,1015,768,1 638,535,670,548,2 678,536,711,548,2 719,537,752,549,2 834,594,847,613,2 894,519,919,567,2 937,504,967,558,2 357,631,375,647,1
/data/user7/wt/datasets/M3FD/M3FD/VOCdevkit/VOC2007/JPEGImages/02303.jpg 486,665,535,709,1 563,665,614,710,1 543,663,573,689,1 673,667,720,699,1 643,664,659,688,4 606,666,623,684,1 536,665,548,675,1
/data/user7/wt/datasets/M3FD/M3FD/VOCdevkit/VOC2007/JPEGImages/02304.jpg 700,667,759,708,1 557,668,612,711,1 533,664,568,691,1 473,663,525,710,1 23,669,79,704,5 163,670,201,705,1 227,667,257,692,1 2,667,28,716,1 655,663,669,682,4 602,667,623,688,1 518,664,529,677,1 527,666,539,679,1
/data/user7/wt/datasets/M3FD/M3FD/VOCdevkit/VOC2007/JPEGImages/02305.jpg 728,665,800,718,1 550,666,606,715,1 527,660,558,691,1 464,662,517,711,1 20,666,93,704,1 70,670,145,708,1 174,664,206,692,1 663,665,682,685,4 596,664,622,687,1 247,664,268,684,1
/data/user7/wt/datasets/M3FD/M3FD/VOCdevkit/VOC2007/JPEGImages/02306.jpg 793,675,907,751,1 540,674,597,725,1 517,668,551,701,1 456,668,508,724,1 175,678,214,705,1 597,670,624,700,1 685,672,706,696,4
/data/user7/wt/datasets/M3FD/M3FD/VOCdevkit/VOC2007/JPEGImages/02307.jpg 856,668,1005,762,1 529,667,592,716,1 509,661,548,695,1 448,663,501,710,1 10,670,63,709,1 126,669,176,700,1 592,666,624,692,1 699,663,720,700,4
/data/user7/wt/datasets/M3FD/M3FD/VOCdevkit/VOC2007/JPEGImages/02309.jpg 579,670,627,705,1 497,668,562,723,1 485,663,518,698,1 429,665,485,715,1 772,669,801,720,4 632,662,648,691,4 555,665,564,687,4 564,665,571,688,4 478,664,489,678,1
/data/user7/wt/datasets/M3FD/M3FD/VOCdevkit/VOC2007/JPEGImages/02310.jpg 580,663,635,704,1 479,668,553,726,1 426,667,478,708,1 476,664,509,693,1 869,658,914,740,4 648,656,659,691,4 556,662,568,691,4 570,663,577,689,4 540,664,549,687,4
/data/user7/wt/datasets/M3FD/M3FD/VOCdevkit/VOC2007/JPEGImages/02311.jpg 585,662,644,707,1 474,666,547,724,1 425,659,479,709,1 973,659,1024,766,4 659,657,676,693,4 558,660,577,688,4 544,662,552,686,4 593,655,599,665,4 621,651,630,666,4 576,660,583,689,4
/data/user7/wt/datasets/M3FD/M3FD/VOCdevkit/VOC2007/JPEGImages/02312.jpg 600,674,674,723,1 464,678,536,736,1 436,670,483,717,1 426,677,451,698,1 694,662,710,709,4 575,669,591,704,4 551,671,561,698,4 591,673,600,704,4 636,659,644,675,4
/data/user7/wt/datasets/M3FD/M3FD/VOCdevkit/VOC2007/JPEGImages/02313.jpg 612,656,693,715,1 468,659,542,720,1 453,651,486,699,1 434,657,461,678,1 728,642,753,697,4 590,649,613,687,4 566,652,575,681,4 610,652,621,684,4 527,656,542,667,1
/data/user7/wt/datasets/M3FD/M3FD/VOCdevkit/VOC2007/JPEGImages/02314.jpg 643,669,742,731,1 469,670,545,731,1 443,669,470,692,1 802,652,828,717,4 623,660,643,705,4 584,663,598,696,4 536,665,553,680,1 474,653,485,664,1 671,649,684,667,4 636,655,644,667,4 602,665,628,697,1
/data/user7/wt/datasets/M3FD/M3FD/VOCdevkit/VOC2007/JPEGImages/02315.jpg 714,669,876,768,1 481,670,560,737,1 646,668,701,706,1 463,664,490,689,1 507,658,519,666,1 528,657,538,667,1 685,660,709,720,4 626,662,641,705,4 558,668,576,683,1 716,650,729,669,4 710,670,729,713,4 492,655,502,664,1
/data/user7/wt/datasets/M3FD/M3FD/VOCdevkit/VOC2007/JPEGImages/02316.jpg 761,682,995,768,1 663,674,736,718,1 704,675,806,732,1 488,673,562,744,1 472,674,497,696,1 509,659,528,674,1 732,664,756,735,4 648,670,667,719,4 565,671,585,688,1 737,654,749,671,4 813,672,828,687,4 757,674,778,733,4
/data/user7/wt/datasets/M3FD/M3FD/VOCdevkit/VOC2007/JPEGImages/02317.jpg 877,694,1024,767,1 762,676,909,754,1 705,669,795,732,1 494,678,573,746,1 485,673,510,695,1 524,659,538,672,1 817,661,858,766,4 855,670,900,768,4 690,673,715,726,4 579,673,600,692,1 508,659,519,669,1
/data/user7/wt/datasets/M3FD/M3FD/VOCdevkit/VOC2007/JPEGImages/02318.jpg 838,676,1024,767,1 755,678,864,738,1 500,679,587,750,1 589,673,612,692,1 528,673,579,703,1 959,654,1023,768,4 730,668,754,729,4 498,676,517,693,1 510,624,514,634,4 521,623,525,634,4 514,658,525,668,1 552,663,563,672,1 532,659,543,669,1 806,648,818,675,4
/data/user7/wt/datasets/M3FD/M3FD/VOCdevkit/VOC2007/JPEGImages/02319.jpg 449,685,544,762,1 512,678,554,726,1 568,683,597,704,1 962,644,983,701,4 791,657,811,692,4 494,625,499,635,4 471,664,483,674,1 492,662,503,674,1 512,665,523,673,1 668,664,679,679,4
/data/user7/wt/datasets/M3FD/M3FD/VOCdevkit/VOC2007/JPEGImages/02320.jpg 441,683,536,763,1 504,674,551,728,1 567,680,597,708,1 822,657,845,681,4 674,663,684,682,4 492,621,499,633,4 464,661,476,673,1 486,659,498,670,1 505,661,518,670,1 479,677,509,685,1
/data/user7/wt/datasets/M3FD/M3FD/VOCdevkit/VOC2007/JPEGImages/02321.jpg 432,701,535,768,1 501,697,542,739,1 571,698,603,727,1 873,671,906,698,4 685,677,696,695,4 491,637,497,649,4 459,677,471,690,1 479,675,492,688,1 501,678,512,687,1
/data/user7/wt/datasets/M3FD/M3FD/VOCdevkit/VOC2007/JPEGImages/02322.jpg 420,693,520,766,1 495,684,537,729,1 567,684,603,716,1 935,655,971,683,4 688,665,700,682,4 449,666,461,679,1 486,623,492,637,4 464,685,495,693,1 467,676,487,685,1 471,664,483,673,1 492,665,502,673,1 520,631,524,638,4
/data/user7/wt/datasets/M3FD/M3FD/VOCdevkit/VOC2007/JPEGImages/02323.jpg 416,682,521,765,1 494,672,540,722,1 579,677,618,712,1 709,653,723,673,4 444,656,458,670,1 462,673,492,688,1 489,614,495,627,4 467,654,481,665,1 488,657,499,664,1 465,666,485,675,1 501,669,519,678,1 724,667,735,680,4 520,621,523,626,4 524,620,527,627,4
/data/user7/wt/datasets/M3FD/M3FD/VOCdevkit/VOC2007/JPEGImages/02325.jpg 406,706,511,768,1 493,697,548,743,1 591,701,653,744,1 576,697,617,735,1 551,697,590,733,1 461,683,477,696,1 752,669,768,702,4 499,687,516,702,1 454,697,492,712,1 435,678,451,692,1 494,634,501,645,4 518,641,520,645,4 521,639,525,646,4 462,673,474,682,1 484,677,493,684,1 515,675,536,683,1 770,687,781,703,4
/data/user7/wt/datasets/M3FD/M3FD/VOCdevkit/VOC2007/JPEGImages/02326.jpg 405,701,512,768,1 501,691,551,734,1 614,701,686,750,1 597,693,640,741,1 574,693,605,734,1 553,690,582,728,1 794,657,814,695,4 499,678,518,693,1 502,622,509,638,4 431,670,448,684,1 518,632,522,638,4 523,632,528,637,4 460,668,474,676,1 461,678,479,690,1 478,683,498,700,1 518,668,540,677,1 483,668,493,676,1 815,679,829,698,4
/data/user7/wt/datasets/M3FD/M3FD/VOCdevkit/VOC2007/JPEGImages/02327.jpg 402,699,513,768,1 502,690,547,731,1 558,687,589,729,1 590,693,611,738,1 605,690,629,748,1 623,694,651,752,1 635,696,718,757,1 460,672,477,689,1 829,655,859,697,4 482,679,502,699,1 500,674,518,692,1 425,669,445,683,1 506,620,513,635,4 523,629,527,633,4 459,665,473,673,1 480,666,492,675,1 505,648,509,657,2
/data/user7/wt/datasets/M3FD/M3FD/VOCdevkit/VOC2007/JPEGImages/02328.jpg 568,684,594,725,1 589,688,624,732,1 628,681,665,746,1 642,692,706,757,1 676,681,788,768,1 506,681,555,720,1 489,672,509,690,1 405,692,512,768,1 460,665,479,682,1 891,640,920,693,4 502,668,518,683,1 604,686,640,737,1 419,662,443,679,1 481,660,492,670,1 457,658,474,670,1 512,612,520,627,4 507,641,511,650,2 520,660,545,670,1 922,666,936,689,4
/data/user7/wt/datasets/M3FD/M3FD/VOCdevkit/VOC2007/JPEGImages/02329.jpg 728,683,871,768,1 678,692,769,768,1 652,685,729,768,1 625,686,680,752,1 602,683,657,746,1 582,686,621,741,1 508,688,554,725,1 407,705,520,768,1 447,682,490,704,1 461,669,480,685,1 965,636,1009,698,4 518,616,530,634,4 420,666,439,682,1 484,667,494,675,1 511,645,514,654,2 459,664,470,674,1 584,683,597,704,4 568,676,580,703,4
/data/user7/wt/datasets/M3FD/M3FD/VOCdevkit/VOC2007/JPEGImages/02330.jpg 849,680,1023,768,1 747,675,896,768,1 697,673,799,768,1 659,673,740,764,1 632,671,695,741,1 597,669,655,736,1 510,673,562,715,1 409,692,519,766,1 534,603,543,618,4 632,668,645,692,4 601,673,622,713,4 451,675,495,696,1 499,665,518,683,1 466,660,484,676,1 414,658,435,673,1 529,655,553,667,1 582,667,595,697,4 514,636,519,645,2 486,659,496,667,1 461,656,471,666,1
/data/user7/wt/datasets/M3FD/M3FD/VOCdevkit/VOC2007/JPEGImages/02331.jpg 510,662,554,701,1 402,678,511,764,1 447,656,491,682,1 460,645,480,660,1 535,586,545,605,4 494,650,514,667,1 526,643,551,655,1 836,662,1024,766,1 752,682,897,768,1 699,680,817,762,1 651,672,736,745,1 620,672,686,732,1 611,664,631,703,4 644,656,657,679,4 588,653,601,684,4 512,622,515,631,2 404,644,421,659,1 482,646,492,653,1 456,643,466,653,1
/data/user7/wt/datasets/M3FD/M3FD/VOCdevkit/VOC2007/JPEGImages/02332.jpg 864,668,1024,768,1 769,673,923,768,1 701,674,814,768,1 652,671,746,760,1 515,673,555,711,1 493,660,514,678,1 401,689,508,768,1 444,670,495,689,1 667,662,685,704,4 633,674,654,726,4 601,665,617,700,4 549,597,556,613,4 463,657,479,673,1 528,656,555,668,1 399,657,410,668,1 482,659,491,667,1 454,657,465,667,1 513,635,517,645,2
/data/user7/wt/datasets/M3FD/M3FD/VOCdevkit/VOC2007/JPEGImages/02333.jpg 886,667,1024,764,1 763,670,936,768,1 700,670,853,768,1 514,667,555,710,1 401,686,517,768,1 455,663,489,687,1 556,594,564,611,4 651,673,678,731,4 695,664,713,720,4 613,665,632,705,4 530,656,556,668,1 495,660,515,679,1 464,657,482,672,1 516,635,520,645,2
/data/user7/wt/datasets/M3FD/M3FD/VOCdevkit/VOC2007/JPEGImages/02335.jpg 402,693,506,768,1 516,677,554,712,1 496,671,515,691,1 464,667,484,679,1 797,676,829,757,4 734,690,773,768,4 575,596,583,618,4 663,680,688,730,4 452,679,492,703,1 537,670,567,681,1 521,647,525,657,2
/data/user7/wt/datasets/M3FD/M3FD/VOCdevkit/VOC2007/JPEGImages/02336.jpg 399,712,510,768,1 516,695,553,726,1 497,688,516,704,1 453,696,491,710,1 568,685,592,697,1 886,687,936,768,4 809,704,863,768,4 705,686,734,750,4 582,609,594,634,4 466,687,483,695,1 542,686,568,699,1 524,661,528,673,2
/data/user7/wt/datasets/M3FD/M3FD/VOCdevkit/VOC2007/JPEGImages/02337.jpg 421,674,513,751,1 513,662,549,691,1 459,658,496,678,1 557,661,591,677,1 842,651,874,742,4 624,565,636,596,4 590,658,621,674,1 494,661,515,677,1 534,632,540,646,2
/data/user7/wt/datasets/M3FD/M3FD/VOCdevkit/VOC2007/JPEGImages/02338.jpg 504,682,572,739,1 574,695,597,717,1 857,672,886,751,4 866,526,898,598,2
/data/user7/wt/datasets/M3FD/M3FD/VOCdevkit/VOC2007/JPEGImages/02339.jpg 506,686,574,742,1 576,700,598,719,1 938,670,973,764,4 950,483,994,593,2
/data/user7/wt/datasets/M3FD/M3FD/VOCdevkit/VOC2007/JPEGImages/02340.jpg 514,678,583,740,1 581,689,601,712,1
/data/user7/wt/datasets/M3FD/M3FD/VOCdevkit/VOC2007/JPEGImages/02341.jpg 528,683,591,737,1 589,695,604,712,1
/data/user7/wt/datasets/M3FD/M3FD/VOCdevkit/VOC2007/JPEGImages/02344.jpg 528,695,583,744,1 507,692,538,720,1
/data/user7/wt/datasets/M3FD/M3FD/VOCdevkit/VOC2007/JPEGImages/02345.jpg 526,687,586,733,1 503,680,531,712,1
/data/user7/wt/datasets/M3FD/M3FD/VOCdevkit/VOC2007/JPEGImages/02346.jpg 526,693,584,744,1 500,687,532,720,1
/data/user7/wt/datasets/M3FD/M3FD/VOCdevkit/VOC2007/JPEGImages/02347.jpg 523,680,579,729,1 494,674,529,707,1 247,674,274,697,1 298,681,321,696,1
/data/user7/wt/datasets/M3FD/M3FD/VOCdevkit/VOC2007/JPEGImages/02348.jpg 525,694,582,741,1 498,687,528,716,1 264,693,298,710,1 203,689,243,712,1 526,691,540,701,1
/data/user7/wt/datasets/M3FD/M3FD/VOCdevkit/VOC2007/JPEGImages/02349.jpg 526,715,581,759,1 496,706,531,736,1 131,705,177,736,1 184,709,231,737,1 527,708,537,720,1
/data/user7/wt/datasets/M3FD/M3FD/VOCdevkit/VOC2007/JPEGImages/02350.jpg 62,699,108,737,1 113,706,171,740,1 525,714,585,758,1 498,703,527,731,1 528,705,539,717,1
/data/user7/wt/datasets/M3FD/M3FD/VOCdevkit/VOC2007/JPEGImages/02351.jpg 246,618,385,722,1 658,624,805,735,1 526,615,536,624,1 509,604,523,621,5 1,355,36,476,2
/data/user7/wt/datasets/M3FD/M3FD/VOCdevkit/VOC2007/JPEGImages/02352.jpg 274,572,404,677,1 661,588,806,701,1 536,574,547,584,1 515,562,532,585,5
/data/user7/wt/datasets/M3FD/M3FD/VOCdevkit/VOC2007/JPEGImages/02354.jpg 312,597,424,695,1 656,609,790,712,1 539,593,551,606,1 518,585,534,603,5
/data/user7/wt/datasets/M3FD/M3FD/VOCdevkit/VOC2007/JPEGImages/02355.jpg 329,592,438,684,1 660,604,792,705,1 544,586,557,600,1 523,579,540,597,5
/data/user7/wt/datasets/M3FD/M3FD/VOCdevkit/VOC2007/JPEGImages/02356.jpg 346,604,444,684,1 664,612,785,705,1 547,591,555,601,1 528,584,540,601,5
/data/user7/wt/datasets/M3FD/M3FD/VOCdevkit/VOC2007/JPEGImages/02357.jpg 355,605,447,683,1 670,611,784,703,1 547,591,556,600,1 528,581,541,598,5
/data/user7/wt/datasets/M3FD/M3FD/VOCdevkit/VOC2007/JPEGImages/02358.jpg 374,609,459,685,1 674,619,786,706,1 870,658,1024,767,1 550,596,558,604,1 532,589,543,603,5
/data/user7/wt/datasets/M3FD/M3FD/VOCdevkit/VOC2007/JPEGImages/02359.jpg 390,589,477,666,1 683,604,794,682,1 824,594,1023,768,1 558,577,568,586,1 541,571,552,588,5
/data/user7/wt/datasets/M3FD/M3FD/VOCdevkit/VOC2007/JPEGImages/02360.jpg 393,553,477,627,1 679,561,791,654,1 748,552,1024,765,1 555,541,564,549,1 537,534,549,551,5
/data/user7/wt/datasets/M3FD/M3FD/VOCdevkit/VOC2007/JPEGImages/02361.jpg 358,563,441,634,1 641,573,734,655,1 654,567,1007,768,1 1,563,56,621,1 515,550,524,560,1 497,544,510,560,5
/data/user7/wt/datasets/M3FD/M3FD/VOCdevkit/VOC2007/JPEGImages/02362.jpg 355,568,432,633,1 582,557,846,763,1 505,553,513,562,1 487,549,500,563,5
/data/user7/wt/datasets/M3FD/M3FD/VOCdevkit/VOC2007/JPEGImages/02363.jpg 358,570,429,630,1 542,566,767,750,1 677,579,726,616,1 500,553,509,562,1 483,547,495,563,5
/data/user7/wt/datasets/M3FD/M3FD/VOCdevkit/VOC2007/JPEGImages/02366.jpg 345,583,411,643,1 455,584,589,711,1 598,592,702,670,1 457,565,469,580,5 473,573,481,579,1
/data/user7/wt/datasets/M3FD/M3FD/VOCdevkit/VOC2007/JPEGImages/02367.jpg 348,584,411,639,1 445,584,572,701,1 595,590,690,661,1 457,563,469,579,5 472,572,481,578,1
/data/user7/wt/datasets/M3FD/M3FD/VOCdevkit/VOC2007/JPEGImages/02368.jpg 349,592,409,646,1 439,592,548,695,1 587,596,688,671,1 454,570,465,587,0 468,579,476,586,1
/data/user7/wt/datasets/M3FD/M3FD/VOCdevkit/VOC2007/JPEGImages/02369.jpg 350,592,406,641,1 436,592,538,685,1 584,596,676,666,1 452,569,464,584,5 466,578,474,584,1
/data/user7/wt/datasets/M3FD/M3FD/VOCdevkit/VOC2007/JPEGImages/02370.jpg 351,590,408,641,1 430,588,528,679,1 579,596,672,662,1 451,568,463,582,5 465,579,473,583,1
/data/user7/wt/datasets/M3FD/M3FD/VOCdevkit/VOC2007/JPEGImages/02373.jpg 348,594,400,639,1 420,596,498,670,1 566,602,651,669,1 446,575,457,586,5
/data/user7/wt/datasets/M3FD/M3FD/VOCdevkit/VOC2007/JPEGImages/02375.jpg 346,592,397,639,1 414,597,489,661,1 554,602,639,667,1 442,578,456,589,5
/data/user7/wt/datasets/M3FD/M3FD/VOCdevkit/VOC2007/JPEGImages/02376.jpg 350,591,400,629,1 420,593,486,651,1 548,597,634,661,1 445,577,456,586,5
/data/user7/wt/datasets/M3FD/M3FD/VOCdevkit/VOC2007/JPEGImages/02377.jpg 351,580,402,624,1 424,585,484,640,1 547,591,632,655,1 448,574,460,582,5
/data/user7/wt/datasets/M3FD/M3FD/VOCdevkit/VOC2007/JPEGImages/02378.jpg 354,589,401,628,1 423,592,484,644,1 547,599,631,660,1 449,584,460,591,5
/data/user7/wt/datasets/M3FD/M3FD/VOCdevkit/VOC2007/JPEGImages/02381.jpg 357,593,400,632,1 428,593,476,641,1 537,601,620,664,1
/data/user7/wt/datasets/M3FD/M3FD/VOCdevkit/VOC2007/JPEGImages/02382.jpg 361,593,404,631,1 428,597,474,643,1 539,602,619,665,1
/data/user7/wt/datasets/M3FD/M3FD/VOCdevkit/VOC2007/JPEGImages/02383.jpg 360,596,403,637,1 429,598,476,638,1 537,605,611,668,1 847,655,1024,766,1
/data/user7/wt/datasets/M3FD/M3FD/VOCdevkit/VOC2007/JPEGImages/02384.jpg 358,597,400,637,1 427,595,473,639,1 529,604,609,666,1 740,631,1024,765,1
/data/user7/wt/datasets/M3FD/M3FD/VOCdevkit/VOC2007/JPEGImages/02387.jpg 355,608,397,647,1 428,610,467,647,1 519,615,587,660,1 1,633,150,768,1 492,629,733,767,1
/data/user7/wt/datasets/M3FD/M3FD/VOCdevkit/VOC2007/JPEGImages/02388.jpg 1,628,173,768,1 357,609,397,644,1 428,607,465,642,1 456,624,663,768,1 525,613,587,632,1
/data/user7/wt/datasets/M3FD/M3FD/VOCdevkit/VOC2007/JPEGImages/02389.jpg 1,616,202,768,1 357,602,398,643,1 428,606,463,639,1 520,609,589,664,1 430,617,597,744,1
/data/user7/wt/datasets/M3FD/M3FD/VOCdevkit/VOC2007/JPEGImages/02390.jpg 2,620,224,768,1 356,608,398,643,1 427,609,458,637,1 414,618,547,728,1 516,610,586,669,1
/data/user7/wt/datasets/M3FD/M3FD/VOCdevkit/VOC2007/JPEGImages/02392.jpg 44,612,251,750,1 355,611,395,643,1 397,613,499,703,1 508,609,580,668,1
/data/user7/wt/datasets/M3FD/M3FD/VOCdevkit/VOC2007/JPEGImages/02393.jpg 78,633,253,747,1 347,622,386,661,1 381,626,478,708,1 495,620,568,682,1
/data/user7/wt/datasets/M3FD/M3FD/VOCdevkit/VOC2007/JPEGImages/02394.jpg 130,632,282,732,1 353,626,390,660,1 388,628,466,693,1 497,618,570,680,1
/data/user7/wt/datasets/M3FD/M3FD/VOCdevkit/VOC2007/JPEGImages/02395.jpg 252,577,386,673,1 443,584,476,616,1 476,583,548,644,1 581,579,649,638,1
/data/user7/wt/datasets/M3FD/M3FD/VOCdevkit/VOC2007/JPEGImages/02397.jpg 317,508,430,591,1 456,517,492,548,1 498,507,566,566,1 593,506,660,563,1 813,461,1024,766,1
/data/user7/wt/datasets/M3FD/M3FD/VOCdevkit/VOC2007/JPEGImages/02398.jpg 372,504,475,585,1 488,517,524,547,1 534,512,597,563,1 625,508,695,566,1 774,466,1024,746,1
/data/user7/wt/datasets/M3FD/M3FD/VOCdevkit/VOC2007/JPEGImages/02401.jpg 386,535,463,597,1 465,545,497,574,1 528,542,577,584,1 599,537,646,589,1 620,517,824,673,1
/data/user7/wt/datasets/M3FD/M3FD/VOCdevkit/VOC2007/JPEGImages/02402.jpg 468,505,538,564,1 533,518,559,542,1 621,490,766,615,1 581,524,602,541,1 612,516,639,546,1 93,517,143,551,1
/data/user7/wt/datasets/M3FD/M3FD/VOCdevkit/VOC2007/JPEGImages/02403.jpg 569,475,691,591,1 445,493,510,548,1 502,502,531,529,1 547,510,568,526,1
/data/user7/wt/datasets/M3FD/M3FD/VOCdevkit/VOC2007/JPEGImages/02404.jpg 469,505,530,551,1 522,509,548,534,1 575,481,681,590,1 673,503,707,555,1 563,513,583,530,1
/data/user7/wt/datasets/M3FD/M3FD/VOCdevkit/VOC2007/JPEGImages/02407.jpg 658,509,720,558,1 496,506,548,551,1 533,494,560,527,1 560,493,640,569,1 281,512,309,528,1
/data/user7/wt/datasets/M3FD/M3FD/VOCdevkit/VOC2007/JPEGImages/02408.jpg 642,519,705,567,1 487,517,534,552,1 543,508,610,572,1 609,518,634,541,1 212,521,243,539,1 519,514,541,536,1
/data/user7/wt/datasets/M3FD/M3FD/VOCdevkit/VOC2007/JPEGImages/02409.jpg 645,508,709,555,1 608,505,632,528,1 490,506,533,541,1 519,502,541,525,1 546,500,611,561,1 227,505,268,531,1 154,509,194,534,1
/data/user7/wt/datasets/M3FD/M3FD/VOCdevkit/VOC2007/JPEGImages/02411.jpg 654,512,716,560,1 499,510,538,543,1 522,507,545,527,1 548,503,607,557,1 40,505,113,547,1 604,510,630,531,1
/data/user7/wt/datasets/M3FD/M3FD/VOCdevkit/VOC2007/JPEGImages/02412.jpg 1,514,192,768,1 498,506,535,541,1 517,503,538,525,1 546,500,602,555,1 599,509,623,529,1 646,510,717,559,1 24,512,82,549,1
/data/user7/wt/datasets/M3FD/M3FD/VOCdevkit/VOC2007/JPEGImages/02413.jpg 651,512,713,563,1 499,515,543,546,1 548,506,601,555,1 1,466,291,768,1 599,511,623,533,1
/data/user7/wt/datasets/M3FD/M3FD/VOCdevkit/VOC2007/JPEGImages/02414.jpg 1,479,362,768,1 500,509,535,542,1 546,502,594,552,1 593,510,616,533,1 647,514,710,564,1
/data/user7/wt/datasets/M3FD/M3FD/VOCdevkit/VOC2007/JPEGImages/02415.jpg 648,512,708,564,1 76,487,405,715,1 502,510,536,543,1 545,505,595,550,1 595,514,615,535,1
/data/user7/wt/datasets/M3FD/M3FD/VOCdevkit/VOC2007/JPEGImages/02416.jpg 190,491,428,678,1 507,515,540,542,1 551,508,598,551,1 646,518,708,565,1 597,515,617,533,1 1,505,42,556,1 62,523,117,548,1
/data/user7/wt/datasets/M3FD/M3FD/VOCdevkit/VOC2007/JPEGImages/02417.jpg 239,496,435,654,1 633,516,693,562,1 586,512,607,532,1 495,516,529,542,1 539,509,583,550,1
/data/user7/wt/datasets/M3FD/M3FD/VOCdevkit/VOC2007/JPEGImages/02418.jpg 299,500,465,629,1 643,524,703,571,1 510,519,543,549,1 551,515,593,553,1 593,518,618,537,1
/data/user7/wt/datasets/M3FD/M3FD/VOCdevkit/VOC2007/JPEGImages/02419.jpg 330,502,478,620,1 639,520,695,568,1 506,515,539,542,1 546,509,590,548,1 593,514,613,532,1
/data/user7/wt/datasets/M3FD/M3FD/VOCdevkit/VOC2007/JPEGImages/02420.jpg 635,531,692,575,1 362,516,482,615,1 507,528,540,552,1 550,523,587,559,1 591,526,611,543,1
/data/user7/wt/datasets/M3FD/M3FD/VOCdevkit/VOC2007/JPEGImages/02421.jpg 393,485,502,574,1 520,496,549,522,1 562,496,600,526,1 644,499,700,543,1 601,495,621,512,1
/data/user7/wt/datasets/M3FD/M3FD/VOCdevkit/VOC2007/JPEGImages/02422.jpg 632,520,687,564,1 402,506,496,585,1 511,515,539,540,1 553,511,586,547,1 587,514,608,532,1
/data/user7/wt/datasets/M3FD/M3FD/VOCdevkit/VOC2007/JPEGImages/02423.jpg 420,516,507,591,1 514,524,543,548,1 555,521,588,551,1 637,530,692,573,1 590,523,608,540,1
/data/user7/wt/datasets/M3FD/M3FD/VOCdevkit/VOC2007/JPEGImages/02424.jpg 646,510,700,550,1 444,499,522,566,1 525,506,553,528,1 565,501,599,531,1 599,506,616,519,1
/data/user7/wt/datasets/M3FD/M3FD/VOCdevkit/VOC2007/JPEGImages/02425.jpg 647,522,696,563,1 456,515,531,578,1 529,521,554,542,1 566,519,598,545,1 947,562,1024,768,1 177,498,232,552,1 598,521,615,536,1
/data/user7/wt/datasets/M3FD/M3FD/VOCdevkit/VOC2007/JPEGImages/02426.jpg 896,509,1024,768,1 643,525,701,566,1 460,516,532,574,1 87,496,173,559,1 564,518,596,546,1 528,524,553,543,1 595,522,613,536,1
/data/user7/wt/datasets/M3FD/M3FD/VOCdevkit/VOC2007/JPEGImages/02428.jpg 243,507,284,539,1 781,510,1023,747,1 650,516,700,556,1 480,508,540,556,1 571,509,599,536,1 539,514,558,532,1 601,513,615,526,1
/data/user7/wt/datasets/M3FD/M3FD/VOCdevkit/VOC2007/JPEGImages/02429.jpg 128,524,192,559,1 728,514,1024,721,1 648,521,694,560,1 490,513,545,562,1 570,515,600,543,1 536,518,558,538,1 598,517,615,531,1 571,505,584,519,5
/data/user7/wt/datasets/M3FD/M3FD/VOCdevkit/VOC2007/JPEGImages/02430.jpg 19,529,93,569,1 504,520,557,564,1 551,526,567,545,1 580,522,607,549,1 607,525,621,537,1 655,528,704,564,1 700,514,991,702,1 577,512,591,525,5
/data/user7/wt/datasets/M3FD/M3FD/VOCdevkit/VOC2007/JPEGImages/02432.jpg 533,521,578,561,1 593,523,619,547,1 671,515,886,678,1 588,507,603,525,5 618,522,633,534,1 670,526,708,562,1
/data/user7/wt/datasets/M3FD/M3FD/VOCdevkit/VOC2007/JPEGImages/02435.jpg 663,532,820,649,1 599,533,625,556,1 554,531,593,568,1 592,515,607,535,5
/data/user7/wt/datasets/M3FD/M3FD/VOCdevkit/VOC2007/JPEGImages/02437.jpg 658,532,791,636,1 547,531,587,567,1 591,531,616,554,1 584,513,600,534,5 614,525,627,537,5
/data/user7/wt/datasets/M3FD/M3FD/VOCdevkit/VOC2007/JPEGImages/02438.jpg 645,534,767,629,1 535,535,572,568,1 577,533,602,557,1 570,517,587,536,5 598,529,613,539,4
/data/user7/wt/datasets/M3FD/M3FD/VOCdevkit/VOC2007/JPEGImages/02439.jpg 633,516,747,605,1 570,513,595,534,1 528,515,564,545,1 562,497,579,514,5 592,507,605,519,1
/data/user7/wt/datasets/M3FD/M3FD/VOCdevkit/VOC2007/JPEGImages/02442.jpg 624,523,716,601,1 539,518,573,547,1 579,513,602,536,1 547,510,562,519,1 571,499,588,521,5 600,512,615,522,1
/data/user7/wt/datasets/M3FD/M3FD/VOCdevkit/VOC2007/JPEGImages/02443.jpg 618,525,713,592,1 577,516,602,536,1 538,517,571,546,1 567,500,585,521,5 597,508,612,524,1
/data/user7/wt/datasets/M3FD/M3FD/VOCdevkit/VOC2007/JPEGImages/02444.jpg 542,518,576,545,1 622,528,712,593,1 574,501,592,525,5 583,516,607,538,1
/data/user7/wt/datasets/M3FD/M3FD/VOCdevkit/VOC2007/JPEGImages/02445.jpg 621,566,710,629,1 584,553,609,575,1 545,556,576,584,1 576,540,594,564,5 687,564,712,598,1
/data/user7/wt/datasets/M3FD/M3FD/VOCdevkit/VOC2007/JPEGImages/02446.jpg 624,535,705,599,1 695,536,718,568,1 584,524,609,547,1 545,525,575,552,1 542,500,549,509,2 618,500,621,508,2 616,518,639,530,1
/data/user7/wt/datasets/M3FD/M3FD/VOCdevkit/VOC2007/JPEGImages/02447.jpg 534,517,566,549,1 574,516,600,544,1 616,527,696,591,1 674,528,703,560,1 530,496,537,505,2 608,497,611,504,2 565,505,583,531,5 597,519,607,530,1
/data/user7/wt/datasets/M3FD/M3FD/VOCdevkit/VOC2007/JPEGImages/02449.jpg 534,521,567,551,1 630,526,708,594,1 565,508,587,535,5 609,499,615,508,2 530,499,535,509,2 514,517,538,532,1 573,521,601,546,1 601,523,609,536,1
/data/user7/wt/datasets/M3FD/M3FD/VOCdevkit/VOC2007/JPEGImages/02450.jpg 640,529,719,595,1 574,523,605,551,1 533,519,569,556,1 615,502,619,512,2 568,512,589,540,5 600,522,614,540,1 533,502,537,512,2
/data/user7/wt/datasets/M3FD/M3FD/VOCdevkit/VOC2007/JPEGImages/02452.jpg 3,504,81,561,5 552,545,631,617,1 525,548,550,567,1 458,524,498,573,5 496,522,511,570,0 422,544,454,568,1 130,528,256,556,5 728,535,747,587,4 102,552,131,566,1 386,553,401,573,3 390,545,400,559,4 376,548,412,564,1 411,545,459,565,1 537,531,574,548,5 551,521,738,565,5
/data/user7/wt/datasets/M3FD/M3FD/VOCdevkit/VOC2007/JPEGImages/02453.jpg 100,530,288,555,5 18,553,77,571,1 85,551,119,562,1 414,546,446,568,1 449,521,486,574,5 547,542,633,618,1 520,547,547,564,1 362,546,403,563,1 738,531,763,591,4 605,517,789,561,5 503,530,560,558,5 373,552,388,572,3 373,543,384,554,4 136,530,286,549,5 488,521,503,569,0 542,515,547,525,2
/data/user7/wt/datasets/M3FD/M3FD/VOCdevkit/VOC2007/JPEGImages/02454.jpg 251,539,345,562,5 351,553,395,568,1 403,552,436,576,1 438,526,480,582,5 479,524,497,572,0 542,548,633,627,1 516,553,548,577,1 760,536,790,605,4 348,557,366,580,3 346,549,357,563,4 541,522,546,530,2 415,522,420,533,2 34,533,246,560,5 672,518,871,567,5
/data/user7/wt/datasets/M3FD/M3FD/VOCdevkit/VOC2007/JPEGImages/02455.jpg 252,535,394,569,5 394,548,428,575,1 432,521,473,582,5 473,522,494,577,0 514,551,545,575,1 539,548,633,628,1 781,531,812,609,0 2,530,186,561,5 411,516,417,529,2 540,516,546,528,2 717,513,941,566,5
/data/user7/wt/datasets/M3FD/M3FD/VOCdevkit/VOC2007/JPEGImages/02456.jpg 14,548,60,566,5 412,526,460,591,5 377,551,409,583,1 630,520,817,580,5 460,526,481,585,0 522,555,627,637,1 505,555,533,583,1 299,547,376,577,5 807,535,838,622,4 255,538,299,567,5 207,548,233,563,1 533,520,538,533,2 535,538,540,545,2 681,517,689,537,2
/data/user7/wt/datasets/M3FD/M3FD/VOCdevkit/VOC2007/JPEGImages/02457.jpg 516,552,617,639,1 398,525,451,595,1 278,539,366,577,5 366,551,400,584,1 499,557,528,580,1 838,531,882,635,4 595,517,786,580,5 453,522,479,583,0 348,539,503,579,5 168,548,222,567,5 533,519,538,532,2 535,538,539,546,2 245,543,250,552,2 46,551,107,566,5 689,513,698,536,2
/data/user7/wt/datasets/M3FD/M3FD/VOCdevkit/VOC2007/JPEGImages/02458.jpg 133,554,189,570,5 383,522,440,603,1 510,556,615,647,1 496,559,519,587,1 544,520,747,589,5 917,529,973,660,4 441,525,473,592,0 353,554,383,591,1 317,537,381,578,5 264,539,315,578,5 59,556,133,570,5 158,556,167,570,4 189,552,213,569,5 705,512,713,538,2
/data/user7/wt/datasets/M3FD/M3FD/VOCdevkit/VOC2007/JPEGImages/02459.jpg 503,550,614,650,1 371,517,437,603,5 511,516,719,586,5 435,521,469,592,1 342,556,368,590,1 297,558,343,579,1 142,549,248,581,5 253,558,293,576,1 97,548,173,572,5 168,546,201,561,5 491,554,517,590,1 718,507,727,533,2 491,528,655,576,5
/data/user7/wt/datasets/M3FD/M3FD/VOCdevkit/VOC2007/JPEGImages/02460.jpg 242,558,334,596,5 141,561,237,595,5 356,525,427,622,5 498,564,610,671,1 428,526,469,605,0 467,527,677,588,5 681,540,751,578,5 332,569,353,607,1 223,552,229,560,2 469,559,494,591,5 740,511,752,540,2
/data/user7/wt/datasets/M3FD/M3FD/VOCdevkit/VOC2007/JPEGImages/02461.jpg 195,544,295,582,5 660,527,837,565,5 343,507,428,614,5 498,551,621,655,1 427,509,475,594,0 478,512,652,572,5 326,551,342,592,1 120,535,194,570,5 224,541,230,549,2 283,535,321,564,0 765,497,776,526,2
/data/user7/wt/datasets/M3FD/M3FD/VOCdevkit/VOC2007/JPEGImages/02462.jpg 283,567,322,589,5 326,514,426,634,5 425,518,486,608,0 508,567,635,676,1 779,534,982,577,5 486,521,614,564,1 487,553,538,593,5 277,542,321,581,0 60,548,200,589,5 529,541,636,593,5 749,560,756,569,4 709,562,729,579,1 687,565,707,581,1 653,560,681,579,1 669,561,677,580,4 224,550,232,561,2 1,536,47,582,5 617,557,630,589,4 804,502,817,535,2
/data/user7/wt/datasets/M3FD/M3FD/VOCdevkit/VOC2007/JPEGImages/02464.jpg 204,566,277,595,1 276,502,420,653,5 512,556,664,683,1 666,547,786,589,5 494,549,552,586,5 418,512,494,613,0 1,523,121,594,5 177,553,206,575,5 812,561,846,577,1 135,562,147,590,4 226,546,233,556,2 582,539,587,549,2 579,516,585,532,2 642,555,658,586,4 247,526,281,565,5 684,535,797,579,5 793,558,814,573,1 860,557,866,576,4 843,560,878,576,1 882,559,919,578,1 903,549,940,566,1 878,483,895,526,2
/data/user7/wt/datasets/M3FD/M3FD/VOCdevkit/VOC2007/JPEGImages/02465.jpg 1,521,151,591,5 190,522,251,588,5 250,488,417,656,5 407,507,499,617,0 522,554,682,690,1 770,527,896,589,5 685,553,749,580,1 587,513,594,528,2 589,536,595,546,2 497,557,524,586,1 897,557,936,575,1 655,555,668,580,4 923,547,959,566,1 917,474,937,520,2
/data/user7/wt/datasets/M3FD/M3FD/VOCdevkit/VOC2007/JPEGImages/02466.jpg 2,509,185,587,5 194,472,405,674,5 389,496,503,617,0 529,544,699,696,1 678,539,760,585,5 866,517,1024,577,5 838,551,873,577,1 761,550,782,570,1 508,552,557,579,1 592,528,599,540,2 591,504,597,522,2 664,544,681,573,4 821,548,839,566,1 924,532,1024,576,5 782,552,797,572,1 973,456,998,508,2
/data/user7/wt/datasets/M3FD/M3FD/VOCdevkit/VOC2007/JPEGImages/02468.jpg 30,442,345,718,5 348,493,494,630,0 532,548,722,722,1 825,542,970,593,5 734,557,770,576,1 769,557,788,573,1 790,558,817,578,1 1,559,34,602,1 591,507,598,525,2 592,532,599,544,2 706,554,742,575,1 679,550,691,576,4 700,554,708,574,4 957,545,994,564,1
/data/user7/wt/datasets/M3FD/M3FD/VOCdevkit/VOC2007/JPEGImages/02470.jpg 1,382,264,763,5 305,481,471,650,0 468,560,491,586,1 516,566,561,637,1 524,547,755,755,1 834,557,942,594,1 770,557,794,578,1 794,560,823,582,1 738,557,769,580,1 702,558,745,576,1 250,564,297,636,1 586,507,592,525,5 588,535,593,545,2 824,558,857,573,1 905,561,940,577,1 942,560,978,585,1 816,553,822,562,4 254,525,293,579,5
/data/user7/wt/datasets/M3FD/M3FD/VOCdevkit/VOC2007/JPEGImages/02471.jpg 4,370,210,765,5 207,561,274,644,1 277,480,460,652,0 455,561,486,589,1 513,552,758,768,1 503,565,558,648,1 854,564,895,586,1 899,562,942,587,1 968,561,1023,600,1 790,563,821,584,1 768,560,798,582,1 731,562,772,584,1 182,507,276,589,5 577,509,585,527,2 579,536,586,548,2 807,556,816,565,4 822,558,852,577,4 704,559,737,580,1 939,562,984,586,1
/data/user7/wt/datasets/M3FD/M3FD/VOCdevkit/VOC2007/JPEGImages/02472.jpg 3,368,145,766,5 248,474,441,653,0 135,557,240,649,1 500,546,762,768,1 481,566,539,644,1 442,550,500,604,1 949,558,990,583,1 894,561,934,584,1 842,560,891,583,1 781,559,815,582,1 761,558,790,578,1 725,557,764,582,1 138,505,244,575,5 996,556,1008,587,4 956,547,1003,573,1 814,555,850,574,1 702,556,729,576,1 568,505,576,525,2 570,534,576,545,2
/data/user7/wt/datasets/M3FD/M3FD/VOCdevkit/VOC2007/JPEGImages/02473.jpg 54,556,203,656,1 207,465,425,663,0 469,560,525,649,1 475,547,777,768,1 840,553,886,579,1 888,553,931,579,1 930,555,980,579,1 716,554,757,578,1 777,555,811,578,1 433,554,461,578,1 24,496,203,558,5 2,512,49,768,5 30,541,109,558,5 557,499,564,520,2 558,527,565,539,2 750,552,775,570,1 788,547,794,554,4 773,549,782,577,4 950,541,1000,565,1 803,550,839,570,1 996,511,1023,584,5
/data/user7/wt/datasets/M3FD/M3FD/VOCdevkit/VOC2007/JPEGImages/02474.jpg 127,544,181,583,1 213,550,256,587,1 295,548,354,584,1 361,555,420,586,1 422,547,457,582,1 86,545,125,571,1 188,549,219,574,1 278,551,303,570,1 454,548,483,624,4 938,544,1024,600,5 445,540,502,574,1 501,545,540,560,1 542,545,576,561,1 836,547,851,586,4
/data/user7/wt/datasets/M3FD/M3FD/VOCdevkit/VOC2007/JPEGImages/02475.jpg 51,542,98,578,1 94,548,143,587,1 151,549,184,574,1 185,552,227,586,1 271,551,329,586,1 329,551,390,584,1 394,551,427,582,1 419,548,457,625,4 895,546,975,578,1 251,547,279,570,1 829,540,844,576,4 418,535,477,569,1 477,539,518,557,1 521,541,555,557,1
/data/user7/wt/datasets/M3FD/M3FD/VOCdevkit/VOC2007/JPEGImages/02477.jpg 6,565,54,611,1 60,570,98,600,1 98,573,141,613,1 193,571,253,610,1 257,574,322,613,1 347,570,390,608,1 327,567,371,660,4 169,563,203,591,1 426,566,460,584,1 468,567,505,584,1 360,557,421,595,1 665,578,774,616,1 810,568,830,608,4
/data/user7/wt/datasets/M3FD/M3FD/VOCdevkit/VOC2007/JPEGImages/02478.jpg 303,562,336,584,1 350,558,387,603,1 368,553,428,688,4 449,557,517,713,4 499,561,577,623,1 414,553,451,589,1 930,283,981,386,2 933,441,980,508,2 470,559,476,579,4 550,551,563,570,4 11,566,52,577,1
/data/user7/wt/datasets/M3FD/M3FD/VOCdevkit/VOC2007/JPEGImages/02479.jpg 357,561,386,587,1 406,560,452,604,1 469,558,491,580,1 455,557,522,702,4 547,562,642,736,4 528,566,616,623,1 1,520,51,586,0 56,567,101,580,1 606,555,623,596,4 507,561,516,585,4 101,566,124,577,1
/data/user7/wt/datasets/M3FD/M3FD/VOCdevkit/VOC2007/JPEGImages/02480.jpg 414,557,438,580,1 459,557,507,597,1 511,554,544,584,1 575,548,647,714,4 706,552,812,768,4 664,545,683,594,4 569,557,651,609,1 1,505,94,588,0 101,562,146,574,1 552,554,556,576,4 557,551,566,578,4 573,554,579,570,4 579,555,585,567,4 453,562,465,581,1 150,562,174,571,1
/data/user7/wt/datasets/M3FD/M3FD/VOCdevkit/VOC2007/JPEGImages/02481.jpg 467,526,488,544,1 514,526,554,565,1 498,531,513,546,1 556,525,583,552,1 598,530,669,581,1 765,518,786,570,4 101,527,160,541,1 2,469,74,542,0 608,524,615,538,4 617,523,624,531,4 634,523,646,529,4 145,523,184,538,1
/data/user7/wt/datasets/M3FD/M3FD/VOCdevkit/VOC2007/JPEGImages/02482.jpg 64,542,129,553,1 505,538,546,573,1 592,544,657,588,1 460,539,486,557,1 547,537,574,562,1 490,539,515,558,1 774,529,803,590,4 2,486,29,556,0 632,536,641,543,4 122,537,160,552,1 606,536,613,543,4 611,534,617,543,4 616,536,622,543,4
/data/user7/wt/datasets/M3FD/M3FD/VOCdevkit/VOC2007/JPEGImages/02484.jpg 6,552,72,566,1 73,548,115,565,1 458,550,474,565,1 483,551,497,568,1 497,548,536,582,1 542,546,565,570,1 579,552,638,595,1 807,539,840,605,1 636,546,645,565,4 607,545,611,551,4 613,542,618,551,4 614,546,623,553,4 434,523,438,534,2 542,521,547,531,2
/data/user7/wt/datasets/M3FD/M3FD/VOCdevkit/VOC2007/JPEGImages/02485.jpg 2,553,44,568,1 44,549,94,568,1 455,550,474,568,1 480,552,498,570,1 494,552,533,586,1 537,549,563,574,1 573,555,639,599,1 831,538,867,608,4 636,547,651,577,4 606,547,613,555,4 616,548,627,561,4 431,525,436,535,2 541,522,546,534,2
/data/user7/wt/datasets/M3FD/M3FD/VOCdevkit/VOC2007/JPEGImages/02486.jpg 3,551,54,572,1 455,551,472,567,1 478,552,493,570,1 492,553,530,584,1 573,556,629,600,1 534,548,560,573,1 884,537,925,622,4 613,548,620,556,4 624,548,633,578,4 645,547,659,579,4 428,524,433,536,2 540,522,546,535,2
/data/user7/wt/datasets/M3FD/M3FD/VOCdevkit/VOC2007/JPEGImages/02487.jpg 494,544,533,578,1 459,544,476,559,1 566,547,627,589,1 534,541,560,564,1 633,538,641,576,4 651,537,662,556,4 665,542,679,574,4 413,545,438,561,1 641,540,650,575,4 627,540,636,575,4 545,514,549,522,2 430,516,434,527,2
/data/user7/wt/datasets/M3FD/M3FD/VOCdevkit/VOC2007/JPEGImages/02488.jpg 461,546,478,560,1 486,544,497,564,1 494,549,533,582,1 539,544,564,566,1 573,552,627,592,1 420,548,446,564,1 635,539,648,574,4 652,543,664,578,4 681,539,697,575,4 699,534,716,578,4 660,539,673,556,4 550,515,556,525,2 647,539,653,578,4 431,517,436,528,2
/data/user7/wt/datasets/M3FD/M3FD/VOCdevkit/VOC2007/JPEGImages/02492.jpg 705,540,719,589,4 721,543,733,591,4 729,540,745,590,4 749,528,765,589,4 773,532,783,590,4 580,551,635,591,1 496,547,536,581,1 546,545,571,569,1 452,547,494,567,1 566,512,572,523,2 434,514,440,528,2
/data/user7/wt/datasets/M3FD/M3FD/VOCdevkit/VOC2007/JPEGImages/02493.jpg 736,540,750,593,4 755,543,772,599,4 773,542,789,597,4 792,537,811,594,4 804,541,815,595,4 585,551,637,591,1 549,540,575,573,1 499,545,540,579,1 471,544,503,568,1 571,508,577,521,2 748,533,756,590,4 756,535,762,546,4 432,511,439,523,2
/data/user7/wt/datasets/M3FD/M3FD/VOCdevkit/VOC2007/JPEGImages/02494.jpg 503,540,542,573,1 553,537,581,565,1 589,543,641,583,1 481,539,507,561,1 771,531,787,592,4 794,533,811,601,4 812,532,833,602,4 834,535,851,593,4 846,535,870,596,4 433,503,442,519,2 575,501,586,520,2 784,529,796,593,4 826,530,834,541,4
/data/user7/wt/datasets/M3FD/M3FD/VOCdevkit/VOC2007/JPEGImages/02495.jpg 820,531,837,603,4 834,524,852,599,4 854,535,874,609,4 872,533,884,607,4 881,539,904,609,4 898,536,915,603,4 912,534,940,606,4 594,542,648,583,1 506,540,547,574,1 562,535,589,565,1 486,538,500,552,1 439,503,445,514,2 586,500,594,519,2 540,541,568,561,1
/data/user7/wt/datasets/M3FD/M3FD/VOCdevkit/VOC2007/JPEGImages/02496.jpg 585,544,639,584,1 561,540,591,569,1 495,539,533,573,1 472,537,487,549,1 586,491,598,513,2 413,495,421,512,2
/data/user7/wt/datasets/M3FD/M3FD/VOCdevkit/VOC2007/JPEGImages/02497.jpg 583,539,639,577,1 568,535,591,565,1 494,535,539,571,1 472,528,487,542,1 411,489,423,510,2 589,484,598,508,2 374,534,395,552,1
/data/user7/wt/datasets/M3FD/M3FD/VOCdevkit/VOC2007/JPEGImages/02498.jpg 677,527,737,571,1 589,524,630,558,1 567,518,582,531,1 460,522,481,542,1 502,473,512,496,2 687,471,700,496,2 905,524,971,551,1 751,467,763,492,2 768,457,779,487,2 520,520,531,527,1 496,522,510,529,1
/data/user7/wt/datasets/M3FD/M3FD/VOCdevkit/VOC2007/JPEGImages/02499.jpg 658,536,720,579,1 690,526,769,559,1 571,531,612,567,1 552,523,567,538,1 429,526,455,552,1 480,477,491,497,2 678,476,690,500,2 729,506,738,521,2 765,458,777,485,2 746,469,758,495,2
/data/user7/wt/datasets/M3FD/M3FD/VOCdevkit/VOC2007/JPEGImages/02500.jpg 405,539,429,562,1 556,544,598,577,1 535,537,547,552,1 642,546,706,593,1 702,538,786,572,1 463,489,470,511,2 664,485,679,509,2 722,514,731,535,2 761,462,774,494,2
/data/user7/wt/datasets/M3FD/M3FD/VOCdevkit/VOC2007/JPEGImages/02501.jpg 368,556,394,584,1 536,560,575,593,1 516,551,528,564,1 619,565,683,609,1 750,554,833,589,1 433,499,443,524,2 653,500,664,521,2 711,532,724,549,2 203,540,213,555,2 579,552,583,564,4 584,553,587,563,4 674,561,683,577,4 677,567,716,592,3 735,489,744,518,2 760,472,775,505,2
/data/user7/wt/datasets/M3FD/M3FD/VOCdevkit/VOC2007/JPEGImages/02502.jpg 678,561,690,588,4 616,561,684,613,1 531,557,573,599,1 357,555,383,584,1 512,552,524,564,1 775,552,894,587,1 186,540,196,556,2 425,497,436,522,2 653,496,665,521,2 718,529,727,545,2 672,569,722,593,3 622,555,630,569,4 640,555,647,562,4 578,554,580,562,4 582,555,585,563,4 741,483,751,514,2 771,463,782,497,2 733,522,741,544,2
/data/user7/wt/datasets/M3FD/M3FD/VOCdevkit/VOC2007/JPEGImages/02504.jpg 281,539,307,558,1 303,535,341,569,1 508,540,552,578,1 605,548,673,597,1 671,557,728,583,3 680,547,694,574,4 839,550,939,588,1 122,512,132,532,2 394,470,405,497,2 651,470,667,501,2 729,508,740,529,2 612,539,621,554,4 633,539,640,547,4 758,458,771,493,2 807,432,820,474,2 758,499,770,527,2 64,537,77,559,4
/data/user7/wt/datasets/M3FD/M3FD/VOCdevkit/VOC2007/JPEGImages/02505.jpg 251,536,282,555,1 289,529,330,569,1 512,531,554,570,1 628,538,695,596,1 689,548,745,577,3 873,544,1003,585,1 97,509,107,528,2 390,460,400,489,2 666,457,681,491,2 751,498,763,518,2 700,538,714,572,4 621,529,632,551,4 641,531,651,542,4 784,439,798,482,2 841,409,861,459,2 26,533,43,555,4 793,489,806,515,2 501,527,509,536,1 429,530,439,536,1 438,529,446,534,1
/data/user7/wt/datasets/M3FD/M3FD/VOCdevkit/VOC2007/JPEGImages/02506.jpg 214,542,254,565,1 273,535,318,580,1 512,540,551,578,1 651,551,742,614,1 735,552,766,601,1 900,557,1024,600,1 64,510,78,528,2 379,461,391,493,2 678,464,691,496,2 768,505,781,532,2 806,446,820,487,2 826,489,841,526,2 625,540,636,560,4 645,538,656,562,4 425,537,436,545,1 432,533,443,543,1 565,536,571,547,4 571,537,575,548,4 544,538,556,547,1 515,537,524,544,1 500,536,511,545,1 881,406,900,460,2
/data/user7/wt/datasets/M3FD/M3FD/VOCdevkit/VOC2007/JPEGImages/02507.jpg 146,548,190,578,1 247,536,307,590,1 507,544,548,577,1 701,554,842,624,1 967,555,1023,613,1 362,454,375,492,2 20,515,30,537,2 689,454,706,491,2 799,500,814,526,2 886,481,901,518,2 837,431,856,475,2 947,378,972,443,2 629,542,640,563,4 650,539,664,566,4 416,540,431,548,1 572,537,576,549,4 565,537,570,548,4 545,540,555,548,1 513,539,522,545,1
/data/user7/wt/datasets/M3FD/M3FD/VOCdevkit/VOC2007/JPEGImages/02508.jpg 515,532,549,570,1 702,537,720,574,4 744,533,765,580,4 121,316,154,405,2 1000,284,1024,374,2 360,534,383,542,1 385,531,412,540,1 588,530,593,544,4 580,530,586,544,4 553,533,568,545,1
/data/user7/wt/datasets/M3FD/M3FD/VOCdevkit/VOC2007/JPEGImages/02509.jpg 519,556,555,592,1 561,554,576,565,1 720,555,740,592,4 773,556,797,599,4 29,293,70,395,2 379,554,397,565,1 354,558,373,568,1 133,565,181,576,1 597,554,602,567,4 589,552,595,566,4
/data/user7/wt/datasets/M3FD/M3FD/VOCdevkit/VOC2007/JPEGImages/02510.jpg 507,637,554,690,5 468,627,507,671,5 431,635,468,666,5 397,638,428,663,0
/data/user7/wt/datasets/M3FD/M3FD/VOCdevkit/VOC2007/JPEGImages/02511.jpg 478,641,524,689,5 444,630,480,672,5 404,639,443,667,5 370,643,401,668,0
/data/user7/wt/datasets/M3FD/M3FD/VOCdevkit/VOC2007/JPEGImages/02515.jpg 294,648,329,673,0 330,640,366,676,5 367,637,399,648,5 368,649,417,696,5 446,659,453,676,4 455,657,463,677,4 499,658,506,679,4
/data/user7/wt/datasets/M3FD/M3FD/VOCdevkit/VOC2007/JPEGImages/02516.jpg 296,648,329,673,0 329,645,358,678,5 364,635,420,683,5 361,650,403,698,5 507,657,517,680,4 464,656,473,676,4 454,659,460,675,4
/data/user7/wt/datasets/M3FD/M3FD/VOCdevkit/VOC2007/JPEGImages/02518.jpg 303,652,322,684,5 321,652,345,686,5 333,653,379,707,5 358,639,413,693,5 524,663,535,687,4 481,662,490,684,4 469,663,477,685,4
/data/user7/wt/datasets/M3FD/M3FD/VOCdevkit/VOC2007/JPEGImages/02520.jpg 538,663,547,685,4 551,660,561,688,4 602,663,612,695,4 355,655,403,703,5 399,636,455,691,5
/data/user7/wt/datasets/M3FD/M3FD/VOCdevkit/VOC2007/JPEGImages/02521.jpg 581,661,592,686,4 592,658,603,686,4 646,661,659,696,4 383,648,431,703,5 429,633,486,689,5
/data/user7/wt/datasets/M3FD/M3FD/VOCdevkit/VOC2007/JPEGImages/02522.jpg 629,657,640,688,4 642,657,653,691,4 703,661,721,702,4 403,645,451,703,5 455,630,516,691,5
/data/user7/wt/datasets/M3FD/M3FD/VOCdevkit/VOC2007/JPEGImages/02523.jpg 420,663,472,715,5 463,657,499,699,5 502,640,569,710,5
/data/user7/wt/datasets/M3FD/M3FD/VOCdevkit/VOC2007/JPEGImages/02524.jpg 500,640,579,715,5 422,663,473,720,5 464,658,503,704,5
/data/user7/wt/datasets/M3FD/M3FD/VOCdevkit/VOC2007/JPEGImages/02525.jpg 424,662,473,715,5 460,656,505,700,5 501,638,581,716,5
/data/user7/wt/datasets/M3FD/M3FD/VOCdevkit/VOC2007/JPEGImages/02527.jpg 416,661,467,717,5 451,652,497,696,5 497,633,577,714,5
/data/user7/wt/datasets/M3FD/M3FD/VOCdevkit/VOC2007/JPEGImages/02528.jpg 403,641,450,695,5 483,613,567,703,5 438,631,485,677,5
/data/user7/wt/datasets/M3FD/M3FD/VOCdevkit/VOC2007/JPEGImages/02529.jpg 388,650,432,704,5 424,644,465,687,5 463,622,544,706,5 555,661,568,687,4 536,659,545,684,4
/data/user7/wt/datasets/M3FD/M3FD/VOCdevkit/VOC2007/JPEGImages/02530.jpg 536,673,551,704,4 560,670,572,707,4 373,662,424,716,5 416,652,456,699,5 458,632,541,718,5
/data/user7/wt/datasets/M3FD/M3FD/VOCdevkit/VOC2007/JPEGImages/02531.jpg 562,687,576,717,4 589,686,604,718,4 381,679,433,732,5 423,667,469,714,5 466,646,552,737,5
/data/user7/wt/datasets/M3FD/M3FD/VOCdevkit/VOC2007/JPEGImages/02532.jpg 588,669,603,703,4 617,666,632,701,4 394,665,442,716,5 440,654,479,697,5 478,626,564,721,5
/data/user7/wt/datasets/M3FD/M3FD/VOCdevkit/VOC2007/JPEGImages/02533.jpg 610,685,627,719,4 644,684,661,718,4 400,681,452,733,5 450,670,490,719,5 485,645,574,739,5
/data/user7/wt/datasets/M3FD/M3FD/VOCdevkit/VOC2007/JPEGImages/02535.jpg 664,670,679,710,4 699,667,718,711,4 417,668,472,723,5 473,659,512,706,5 511,630,599,730,5
/data/user7/wt/datasets/M3FD/M3FD/VOCdevkit/VOC2007/JPEGImages/02536.jpg 518,683,564,733,5 562,672,617,719,5 611,639,728,747,5
/data/user7/wt/datasets/M3FD/M3FD/VOCdevkit/VOC2007/JPEGImages/02537.jpg 548,659,599,709,5 597,645,650,698,5 643,611,775,733,5
/data/user7/wt/datasets/M3FD/M3FD/VOCdevkit/VOC2007/JPEGImages/02538.jpg 553,662,603,714,5 600,652,653,705,5 651,619,793,739,5
/data/user7/wt/datasets/M3FD/M3FD/VOCdevkit/VOC2007/JPEGImages/02539.jpg 543,665,592,716,5 586,657,639,705,5 644,620,801,746,5
/data/user7/wt/datasets/M3FD/M3FD/VOCdevkit/VOC2007/JPEGImages/02540.jpg 540,673,586,722,5 581,661,638,713,5 641,626,804,756,5
/data/user7/wt/datasets/M3FD/M3FD/VOCdevkit/VOC2007/JPEGImages/02541.jpg 516,668,569,716,5 550,654,615,706,5 626,621,804,752,5
/data/user7/wt/datasets/M3FD/M3FD/VOCdevkit/VOC2007/JPEGImages/02542.jpg 517,674,564,726,5 547,660,613,713,5 622,624,810,761,5
/data/user7/wt/datasets/M3FD/M3FD/VOCdevkit/VOC2007/JPEGImages/02543.jpg 503,699,559,753,5 548,689,609,743,5 616,643,822,768,5
/data/user7/wt/datasets/M3FD/M3FD/VOCdevkit/VOC2007/JPEGImages/02547.jpg 494,678,544,730,5 542,661,604,719,5 627,613,888,768,5
/data/user7/wt/datasets/M3FD/M3FD/VOCdevkit/VOC2007/JPEGImages/02548.jpg 495,687,543,739,5 541,672,610,735,5 634,622,920,768,5
/data/user7/wt/datasets/M3FD/M3FD/VOCdevkit/VOC2007/JPEGImages/02549.jpg 494,672,547,724,5 544,657,612,717,5 634,603,949,768,5 759,680,771,691,4
/data/user7/wt/datasets/M3FD/M3FD/VOCdevkit/VOC2007/JPEGImages/02550.jpg 499,677,550,730,5 550,661,616,726,5 640,608,1018,768,5 797,686,817,717,4
/data/user7/wt/datasets/M3FD/M3FD/VOCdevkit/VOC2007/JPEGImages/02551.jpg 500,678,552,728,5 547,661,616,724,5 650,602,1023,768,5 831,683,853,721,4
/data/user7/wt/datasets/M3FD/M3FD/VOCdevkit/VOC2007/JPEGImages/02553.jpg 504,604,561,661,5 553,589,627,653,5 679,539,1024,766,5
/data/user7/wt/datasets/M3FD/M3FD/VOCdevkit/VOC2007/JPEGImages/02554.jpg 511,645,564,699,5 560,629,638,693,5 689,545,1024,766,5 637,656,643,675,4
/data/user7/wt/datasets/M3FD/M3FD/VOCdevkit/VOC2007/JPEGImages/02555.jpg 501,674,555,726,5 551,655,632,725,5 698,570,1022,768,5 643,686,651,707,4
/data/user7/wt/datasets/M3FD/M3FD/VOCdevkit/VOC2007/JPEGImages/02556.jpg 557,630,617,687,5 620,588,752,725,5 732,604,794,687,0 826,644,855,664,1 916,643,921,656,4
/data/user7/wt/datasets/M3FD/M3FD/VOCdevkit/VOC2007/JPEGImages/02557.jpg 209,678,245,712,1 568,648,626,705,5 627,604,760,744,5 747,621,807,702,0 825,665,856,684,1 924,661,929,674,4
/data/user7/wt/datasets/M3FD/M3FD/VOCdevkit/VOC2007/JPEGImages/02558.jpg 600,660,641,711,5 640,613,771,753,5 766,631,840,715,0 926,674,931,688,4
/data/user7/wt/datasets/M3FD/M3FD/VOCdevkit/VOC2007/JPEGImages/02559.jpg 600,644,639,696,5 643,596,769,743,5 756,613,839,701,0 909,660,914,675,4 504,664,539,676,1
/data/user7/wt/datasets/M3FD/M3FD/VOCdevkit/VOC2007/JPEGImages/02560.jpg 599,649,640,705,5 646,603,770,753,5 758,618,841,708,0
/data/user7/wt/datasets/M3FD/M3FD/VOCdevkit/VOC2007/JPEGImages/02561.jpg 596,658,646,717,5 647,612,777,758,5 752,628,835,719,0
/data/user7/wt/datasets/M3FD/M3FD/VOCdevkit/VOC2007/JPEGImages/02563.jpg 448,664,478,678,1 486,662,513,674,1 516,663,545,674,1 540,652,565,670,1 593,642,646,700,5 653,595,790,741,5 752,613,831,705,0 881,660,888,678,4
/data/user7/wt/datasets/M3FD/M3FD/VOCdevkit/VOC2007/JPEGImages/02564.jpg 397,670,442,684,1 467,666,494,681,1 495,666,523,677,1 527,658,564,674,5 594,647,650,705,5 656,601,806,742,5 755,613,838,708,0 884,664,891,681,4
/data/user7/wt/datasets/M3FD/M3FD/VOCdevkit/VOC2007/JPEGImages/02565.jpg 655,619,812,765,5 750,633,840,728,0 591,666,647,724,5 310,693,375,707,1 412,686,453,704,1 453,689,486,699,1 500,667,540,693,5 525,687,545,693,1
/data/user7/wt/datasets/M3FD/M3FD/VOCdevkit/VOC2007/JPEGImages/02566.jpg 210,706,302,731,1 191,698,294,736,1 412,669,463,711,5 559,682,617,741,5 632,634,798,768,5 725,644,829,750,0 29,707,43,737,4 872,699,880,717,4
/data/user7/wt/datasets/M3FD/M3FD/VOCdevkit/VOC2007/JPEGImages/02567.jpg 700,628,812,731,0 881,678,893,707,4 601,618,777,760,5 531,666,586,721,5 241,635,346,711,5 164,692,277,728,1
/data/user7/wt/datasets/M3FD/M3FD/VOCdevkit/VOC2007/JPEGImages/02568.jpg 301,683,374,723,1 542,683,598,734,5 620,627,787,768,5 738,621,900,753,5
/data/user7/wt/datasets/M3FD/M3FD/VOCdevkit/VOC2007/JPEGImages/02569.jpg 189,676,300,731,1 537,684,592,734,5 616,627,783,768,5 744,617,913,757,0 438,697,467,711,1
/data/user7/wt/datasets/M3FD/M3FD/VOCdevkit/VOC2007/JPEGImages/02570.jpg 541,672,599,724,5 621,618,788,761,5 757,598,949,750,0 115,697,220,726,1 208,678,270,713,5 393,677,442,703,1 456,684,490,703,1
/data/user7/wt/datasets/M3FD/M3FD/VOCdevkit/VOC2007/JPEGImages/02571.jpg 255,698,337,742,1 409,710,447,735,1 528,705,577,764,5 607,652,779,768,5 760,624,987,768,0
/data/user7/wt/datasets/M3FD/M3FD/VOCdevkit/VOC2007/JPEGImages/02572.jpg 342,691,397,733,5 400,703,438,730,5 512,700,568,755,5 594,648,764,768,5 771,603,1024,767,0
/data/user7/wt/datasets/M3FD/M3FD/VOCdevkit/VOC2007/JPEGImages/02573.jpg 272,703,352,759,5 364,719,416,755,1 504,726,559,767,5 577,747,591,761,1 587,670,759,768,5 773,613,1023,768,0
/data/user7/wt/datasets/M3FD/M3FD/VOCdevkit/VOC2007/JPEGImages/02574.jpg 221,652,324,729,5 350,678,407,716,1 408,706,434,719,1 320,702,353,719,1 438,704,458,717,1 429,686,450,703,1 511,685,559,734,5 586,636,748,768,5 576,708,591,723,1 559,696,572,713,1 777,574,1024,767,0
/data/user7/wt/datasets/M3FD/M3FD/VOCdevkit/VOC2007/JPEGImages/02575.jpg 512,703,568,759,5 594,656,753,768,5 829,589,1024,767,0 585,722,599,736,1 203,716,268,751,1 206,732,277,752,1 292,679,369,739,5 362,716,404,740,1 413,698,447,732,5 568,711,579,724,5 446,713,466,731,5
/data/user7/wt/datasets/M3FD/M3FD/VOCdevkit/VOC2007/JPEGImages/02577.jpg 104,673,255,741,5 9,712,77,745,1 252,643,357,715,5 371,674,407,706,5 496,677,553,736,5 585,635,724,762,5 952,571,1021,768,0 565,690,578,702,1 549,673,560,688,1 416,673,458,697,5 517,665,528,675,1 530,663,540,675,1
/data/user7/wt/datasets/M3FD/M3FD/VOCdevkit/VOC2007/JPEGImages/02578.jpg 188,682,313,768,5 343,723,384,757,5 486,723,543,768,5 542,718,551,734,1 555,739,570,751,1 574,682,711,768,5 968,614,1022,768,0 401,718,442,747,5 508,712,517,722,1 520,710,530,719,1
/data/user7/wt/datasets/M3FD/M3FD/VOCdevkit/VOC2007/JPEGImages/02579.jpg 71,637,267,758,5 323,692,364,735,5 486,697,545,761,5 576,658,710,768,5 541,690,553,705,1 558,709,569,720,1 385,687,432,719,5 263,685,299,742,5
/data/user7/wt/datasets/M3FD/M3FD/VOCdevkit/VOC2007/JPEGImages/02580.jpg 364,687,420,722,5 299,691,347,709,5 197,686,266,749,5 1,614,191,762,1 481,699,542,763,5 576,661,707,768,5 555,711,569,722,1 542,690,551,705,1 446,704,456,714,1 507,685,518,694,1 523,686,530,693,1
/data/user7/wt/datasets/M3FD/M3FD/VOCdevkit/VOC2007/JPEGImages/02581.jpg 37,634,231,725,5 234,630,364,705,5 485,667,553,735,5 588,635,716,755,5 563,658,572,670,1 572,676,588,688,1 362,674,410,697,5 73,710,193,744,1
/data/user7/wt/datasets/M3FD/M3FD/VOCdevkit/VOC2007/JPEGImages/02582.jpg 295,697,360,734,5 8,584,205,752,5 480,697,547,764,5 590,665,710,768,5 574,704,591,718,1 563,685,576,702,1 313,718,364,737,1 531,682,541,692,1 544,684,552,690,1
/data/user7/wt/datasets/M3FD/M3FD/VOCdevkit/VOC2007/JPEGImages/02583.jpg 464,689,551,768,5 580,661,695,763,5 403,701,432,715,1
/data/user7/wt/datasets/M3FD/M3FD/VOCdevkit/VOC2007/JPEGImages/02584.jpg 501,670,584,757,5 614,646,722,749,5 409,685,447,703,1 602,653,615,666,5 475,653,496,671,0 582,651,589,657,1 568,650,577,659,1
/data/user7/wt/datasets/M3FD/M3FD/VOCdevkit/VOC2007/JPEGImages/02585.jpg 486,647,571,735,5 603,624,707,725,5 342,655,394,680,1 459,628,480,648,0 590,626,603,644,5 555,626,564,636,1 569,628,576,634,1
/data/user7/wt/datasets/M3FD/M3FD/VOCdevkit/VOC2007/JPEGImages/02586.jpg 734,695,748,725,4 612,665,710,763,5 500,686,589,768,5 599,664,613,680,5 458,665,483,685,0 562,663,573,673,1 576,664,584,671,1 706,688,718,715,4
/data/user7/wt/datasets/M3FD/M3FD/VOCdevkit/VOC2007/JPEGImages/02587.jpg 716,691,723,713,4 755,701,773,733,4 502,691,588,768,5 617,672,713,765,5 601,667,615,683,1 452,670,474,689,0 563,668,573,676,1
/data/user7/wt/datasets/M3FD/M3FD/VOCdevkit/VOC2007/JPEGImages/02588.jpg 716,703,728,723,4 769,714,785,749,4 499,702,587,767,5 610,678,705,768,5 592,678,606,694,1 438,678,463,701,0 555,676,566,687,1
/data/user7/wt/datasets/M3FD/M3FD/VOCdevkit/VOC2007/JPEGImages/02590.jpg 738,683,750,712,4 820,696,841,739,4 502,689,592,768,5 608,661,699,752,5 432,666,460,691,0 593,665,604,681,5 554,667,564,676,1 706,681,712,702,4 715,681,723,702,4
/data/user7/wt/datasets/M3FD/M3FD/VOCdevkit/VOC2007/JPEGImages/02591.jpg 875,732,897,768,4 755,717,771,748,4 722,711,733,743,4 500,713,591,768,5 607,689,690,768,5
/data/user7/wt/datasets/M3FD/M3FD/VOCdevkit/VOC2007/JPEGImages/02593.jpg 500,686,604,768,5 621,663,698,752,5 680,694,718,712,1 777,699,790,729,4 822,700,838,736,4 609,679,622,698,5 397,700,431,719,1 481,687,496,701,1 430,675,466,703,0
/data/user7/wt/datasets/M3FD/M3FD/VOCdevkit/VOC2007/JPEGImages/02594.jpg 850,713,865,755,4 795,713,806,741,4 611,673,687,764,5 695,707,717,723,1 494,698,594,768,5 604,693,614,713,5 415,692,444,722,0 470,706,485,719,1
/data/user7/wt/datasets/M3FD/M3FD/VOCdevkit/VOC2007/JPEGImages/02596.jpg 282,714,345,753,0 460,703,574,768,5 584,702,651,768,5
/data/user7/wt/datasets/M3FD/M3FD/VOCdevkit/VOC2007/JPEGImages/02597.jpg 239,690,316,736,0 455,678,566,768,5 578,678,645,750,5
/data/user7/wt/datasets/M3FD/M3FD/VOCdevkit/VOC2007/JPEGImages/02598.jpg 455,661,574,767,5 594,657,647,718,5 238,704,282,718,1 271,701,307,718,1 226,708,236,731,4
/data/user7/wt/datasets/M3FD/M3FD/VOCdevkit/VOC2007/JPEGImages/02599.jpg 475,643,588,758,5 608,646,659,704,5
/data/user7/wt/datasets/M3FD/M3FD/VOCdevkit/VOC2007/JPEGImages/02600.jpg 496,633,608,752,5 619,640,676,695,5 461,672,483,688,1
/data/user7/wt/datasets/M3FD/M3FD/VOCdevkit/VOC2007/JPEGImages/02601.jpg 516,673,625,768,5 626,672,686,744,5 238,710,334,753,1 338,709,377,726,1 349,691,357,701,2 575,666,581,673,2 717,703,728,725,4
/data/user7/wt/datasets/M3FD/M3FD/VOCdevkit/VOC2007/JPEGImages/02603.jpg 477,635,583,744,5 587,631,662,704,5 660,668,709,691,1 963,664,991,684,1 532,623,538,636,2 272,650,281,664,2 250,641,258,656,2
/data/user7/wt/datasets/M3FD/M3FD/VOCdevkit/VOC2007/JPEGImages/02604.jpg 471,629,579,736,5 586,620,664,697,5 655,664,680,684,1 963,650,1024,680,1 176,666,222,688,1 261,645,268,656,2 527,614,534,629,2 233,633,240,647,2
/data/user7/wt/datasets/M3FD/M3FD/VOCdevkit/VOC2007/JPEGImages/02605.jpg 440,593,647,766,5 661,562,1021,767,5 543,578,554,597,2 117,622,125,635,2 926,549,943,584,2
/data/user7/wt/datasets/M3FD/M3FD/VOCdevkit/VOC2007/JPEGImages/02606.jpg 403,563,709,766,5 708,514,1024,766,5 349,644,387,675,1 375,631,407,712,4 433,635,465,670,1 398,639,424,670,1 537,556,549,582,2 694,649,715,668,1 42,606,53,627,2
/data/user7/wt/datasets/M3FD/M3FD/VOCdevkit/VOC2007/JPEGImages/02607.jpg 397,556,751,766,5 735,501,1022,765,5 331,629,368,712,4 353,644,388,678,1 384,640,425,673,1 431,633,461,675,5 541,557,556,582,2 682,643,752,693,1 28,604,40,625,2
/data/user7/wt/datasets/M3FD/M3FD/VOCdevkit/VOC2007/JPEGImages/02608.jpg 955,523,973,564,2 68,591,569,767,5 977,603,1024,742,5 674,648,766,724,1 880,654,922,683,1 941,653,972,677,1 633,645,680,712,1 381,573,659,715,5 1,700,100,768,1 58,567,73,609,2
/data/user7/wt/datasets/M3FD/M3FD/VOCdevkit/VOC2007/JPEGImages/02609.jpg 1,585,565,768,5 342,570,729,732,5 703,661,779,732,1 734,665,843,753,1 838,674,879,724,1 977,674,1024,708,1 164,573,177,589,2 503,681,613,767,1
/data/user7/wt/datasets/M3FD/M3FD/VOCdevkit/VOC2007/JPEGImages/02610.jpg 5,548,505,768,5 320,559,762,740,5 499,679,594,766,1 733,662,818,737,5 753,665,886,765,1 873,678,931,728,1 222,574,239,619,2
/data/user7/wt/datasets/M3FD/M3FD/VOCdevkit/VOC2007/JPEGImages/02611.jpg 6,644,289,768,5 290,678,502,768,1 244,546,774,757,5 743,660,835,731,5 742,672,901,768,1 895,679,968,731,1
/data/user7/wt/datasets/M3FD/M3FD/VOCdevkit/VOC2007/JPEGImages/02613.jpg 7,496,720,765,5 528,665,791,768,1 780,687,839,766,5 868,681,966,742,1 788,691,865,735,1
/data/user7/wt/datasets/M3FD/M3FD/VOCdevkit/VOC2007/JPEGImages/02614.jpg 1,469,658,768,5 337,673,675,768,1 622,661,790,765,5 737,693,817,741,1 837,681,942,755,1
/data/user7/wt/datasets/M3FD/M3FD/VOCdevkit/VOC2007/JPEGImages/02615.jpg 1,468,567,753,5 3,677,403,768,1 412,662,722,766,5 673,698,760,744,1 789,687,913,768,1
/data/user7/wt/datasets/M3FD/M3FD/VOCdevkit/VOC2007/JPEGImages/02616.jpg 585,644,598,668,2 602,643,614,665,2 572,701,682,748,1 716,693,870,768,1 105,657,581,768,5 1,463,428,768,5
/data/user7/wt/datasets/M3FD/M3FD/VOCdevkit/VOC2007/JPEGImages/02617.jpg 387,582,397,622,2 603,639,620,667,2 621,641,632,660,2 495,701,621,750,1 360,696,373,735,4 1,460,274,753,5 635,695,814,768,1 6,658,403,768,5
/data/user7/wt/datasets/M3FD/M3FD/VOCdevkit/VOC2007/JPEGImages/02618.jpg 19,683,38,709,1 254,698,299,731,1 286,651,411,744,5 535,687,547,730,4 619,572,630,611,2 196,533,220,591,2 844,630,861,658,2
/data/user7/wt/datasets/M3FD/M3FD/VOCdevkit/VOC2007/JPEGImages/02619.jpg 229,534,251,589,2 43,686,76,708,1 881,631,896,659,2 560,687,573,730,4 318,656,446,751,5 256,697,322,730,1 647,570,663,614,2
/data/user7/wt/datasets/M3FD/M3FD/VOCdevkit/VOC2007/JPEGImages/02620.jpg 653,686,666,725,4 422,645,553,742,5 329,688,383,720,1 156,679,188,700,1 90,683,123,704,1 68,548,100,610,2 111,549,139,614,2 332,528,357,583,2 751,559,768,604,2
/data/user7/wt/datasets/M3FD/M3FD/VOCdevkit/VOC2007/JPEGImages/02621.jpg 215,539,244,602,2 255,543,279,604,2 466,521,489,576,2 562,639,691,733,5 434,675,484,707,1 299,668,327,689,1 234,674,271,697,1 781,678,796,720,4 891,552,909,595,2
/data/user7/wt/datasets/M3FD/M3FD/VOCdevkit/VOC2007/JPEGImages/02622.jpg 37,669,50,703,4 117,666,136,718,4 332,541,364,598,2 372,541,399,605,2 672,638,811,736,5 898,676,910,719,4 525,678,575,706,1 412,667,441,689,1 355,674,395,695,1 581,521,603,576,2 85,667,114,692,1
/data/user7/wt/datasets/M3FD/M3FD/VOCdevkit/VOC2007/JPEGImages/02624.jpg 789,608,919,652,1 641,613,702,654,1 696,613,767,646,1 390,613,447,674,1 442,576,494,642,5 345,621,381,650,1 223,592,269,630,1 126,618,177,634,1 892,591,974,627,1 959,594,1024,630,1 368,616,384,636,1 340,602,348,611,1 346,590,358,607,5 398,585,404,591,1 409,585,415,590,1 408,596,415,601,1
/data/user7/wt/datasets/M3FD/M3FD/VOCdevkit/VOC2007/JPEGImages/02625.jpg 290,369,331,404,1 314,364,347,396,1 366,358,408,405,1 344,362,367,388,1 337,360,355,378,1 437,1,780,420,5
/data/user7/wt/datasets/M3FD/M3FD/VOCdevkit/VOC2007/JPEGImages/02628.jpg 285,352,328,387,1 362,341,402,387,1 337,345,362,370,1 304,348,336,377,1 500,1,780,420,5
/data/user7/wt/datasets/M3FD/M3FD/VOCdevkit/VOC2007/JPEGImages/02629.jpg 508,1,780,417,5 363,354,401,395,1 285,363,330,398,1 335,358,361,384,1 307,359,336,388,1
/data/user7/wt/datasets/M3FD/M3FD/VOCdevkit/VOC2007/JPEGImages/02631.jpg 296,363,339,397,1 323,358,347,391,1 355,355,379,382,1 383,351,419,393,1 530,1,780,419,5 418,353,436,369,1
/data/user7/wt/datasets/M3FD/M3FD/VOCdevkit/VOC2007/JPEGImages/02632.jpg 301,363,347,399,1 330,359,352,390,1 361,357,387,384,1 390,353,430,397,1 531,1,780,417,5 434,352,455,369,1
/data/user7/wt/datasets/M3FD/M3FD/VOCdevkit/VOC2007/JPEGImages/02633.jpg 299,352,343,387,1 326,348,351,379,1 365,344,391,374,1 388,341,428,386,1 525,1,780,420,5 443,342,463,358,1
/data/user7/wt/datasets/M3FD/M3FD/VOCdevkit/VOC2007/JPEGImages/02635.jpg 312,352,361,388,1 339,348,368,382,1 390,348,408,375,1 407,342,448,388,1 540,1,780,419,5 478,344,499,361,1
/data/user7/wt/datasets/M3FD/M3FD/VOCdevkit/VOC2007/JPEGImages/02636.jpg 254,299,300,334,1 281,293,315,323,1 336,290,350,318,1 350,285,390,325,1 476,2,780,419,5 433,289,447,303,1
/data/user7/wt/datasets/M3FD/M3FD/VOCdevkit/VOC2007/JPEGImages/02637.jpg 286,324,336,363,1 387,311,424,353,1 320,314,356,345,1 511,2,777,420,5 377,312,394,341,1
/data/user7/wt/datasets/M3FD/M3FD/VOCdevkit/VOC2007/JPEGImages/02638.jpg 324,305,368,340,1 365,298,401,330,1 422,292,465,332,1 550,1,779,420,5
/data/user7/wt/datasets/M3FD/M3FD/VOCdevkit/VOC2007/JPEGImages/02639.jpg 335,320,385,357,1 367,314,396,348,1 396,318,416,343,1 433,308,477,350,1 561,3,779,420,5 467,311,486,337,1
/data/user7/wt/datasets/M3FD/M3FD/VOCdevkit/VOC2007/JPEGImages/02640.jpg 572,1,780,417,5 445,269,484,304,1 481,270,497,300,1 344,282,396,322,1 379,277,408,310,1 407,278,429,307,1
/data/user7/wt/datasets/M3FD/M3FD/VOCdevkit/VOC2007/JPEGImages/02642.jpg 596,2,778,420,5 352,285,406,330,1 385,280,416,313,1 412,287,438,310,1 457,275,494,313,1 493,276,512,305,1
/data/user7/wt/datasets/M3FD/M3FD/VOCdevkit/VOC2007/JPEGImages/02643.jpg 657,3,780,415,5 365,263,422,305,1 400,258,433,292,1 430,260,457,283,1 474,252,515,286,1 510,250,531,276,1
/data/user7/wt/datasets/M3FD/M3FD/VOCdevkit/VOC2007/JPEGImages/02644.jpg 371,260,430,300,1 407,252,438,283,1 439,254,463,277,1 484,244,526,284,1 516,246,534,272,1
/data/user7/wt/datasets/M3FD/M3FD/VOCdevkit/VOC2007/JPEGImages/02645.jpg 366,271,427,319,1 405,268,436,302,1 432,271,457,297,1 482,265,522,301,1 516,266,533,293,1
/data/user7/wt/datasets/M3FD/M3FD/VOCdevkit/VOC2007/JPEGImages/02647.jpg 291,303,364,363,1 338,298,373,333,1 370,300,387,331,1 425,292,465,334,1 415,293,427,324,1 522,292,530,312,4 509,293,522,307,5
/data/user7/wt/datasets/M3FD/M3FD/VOCdevkit/VOC2007/JPEGImages/02648.jpg 290,304,368,362,1 346,296,381,333,1 380,301,396,325,1 434,291,471,334,1 422,294,435,324,1 530,290,537,310,4 514,292,527,307,5
/data/user7/wt/datasets/M3FD/M3FD/VOCdevkit/VOC2007/JPEGImages/02649.jpg 310,294,387,356,1 377,287,408,320,1 406,290,421,315,1 448,285,460,314,1 459,280,496,325,1 553,281,563,299,4 533,281,549,297,5
/data/user7/wt/datasets/M3FD/M3FD/VOCdevkit/VOC2007/JPEGImages/02650.jpg 316,294,392,355,1 378,285,413,321,1 454,283,463,318,1 462,284,503,328,1 560,280,568,303,4 408,290,425,318,1 534,283,547,297,5
/data/user7/wt/datasets/M3FD/M3FD/VOCdevkit/VOC2007/JPEGImages/02654.jpg 233,314,324,384,1 306,307,338,345,1 340,310,355,340,1 388,302,428,352,1 508,299,517,332,4 442,304,456,319,5 380,304,393,339,1
/data/user7/wt/datasets/M3FD/M3FD/VOCdevkit/VOC2007/JPEGImages/02655.jpg 493,294,507,332,4 353,299,398,347,1 185,309,285,384,1 264,302,305,341,1 302,305,326,338,1 410,299,423,314,5
/data/user7/wt/datasets/M3FD/M3FD/VOCdevkit/VOC2007/JPEGImages/02656.jpg 495,273,511,322,4 333,281,382,333,1 155,295,262,373,1 243,287,285,327,1 283,292,306,323,1 393,283,411,297,5
/data/user7/wt/datasets/M3FD/M3FD/VOCdevkit/VOC2007/JPEGImages/02657.jpg 515,287,535,344,4 323,295,369,345,1 126,309,240,388,1 228,301,270,339,1 268,305,298,335,1 388,297,403,312,5
/data/user7/wt/datasets/M3FD/M3FD/VOCdevkit/VOC2007/JPEGImages/02658.jpg 317,292,364,342,1 548,279,573,342,4 106,308,225,389,1 219,299,265,336,1 262,302,295,333,1 386,293,405,308,5
/data/user7/wt/datasets/M3FD/M3FD/VOCdevkit/VOC2007/JPEGImages/02659.jpg 316,298,363,348,1 215,305,262,349,1 257,312,295,343,1 63,316,195,410,1 398,302,409,313,5
/data/user7/wt/datasets/M3FD/M3FD/VOCdevkit/VOC2007/JPEGImages/02660.jpg 321,292,370,349,1 218,299,264,347,1 265,303,302,338,1 48,304,195,401,1 406,293,421,307,5
/data/user7/wt/datasets/M3FD/M3FD/VOCdevkit/VOC2007/JPEGImages/02662.jpg 49,306,203,409,1 225,299,281,345,1 278,302,315,337,1 331,290,381,350,1
/data/user7/wt/datasets/M3FD/M3FD/VOCdevkit/VOC2007/JPEGImages/02663.jpg 336,292,388,352,1 279,304,318,340,1 233,298,286,348,1 51,312,209,414,1
/data/user7/wt/datasets/M3FD/M3FD/VOCdevkit/VOC2007/JPEGImages/02664.jpg 338,288,393,351,1 282,300,321,337,1 235,297,285,345,1 57,309,220,415,1
/data/user7/wt/datasets/M3FD/M3FD/VOCdevkit/VOC2007/JPEGImages/02665.jpg 341,285,393,347,1 285,297,322,333,1 238,292,291,342,1 64,310,230,415,1
/data/user7/wt/datasets/M3FD/M3FD/VOCdevkit/VOC2007/JPEGImages/02666.jpg 172,324,237,375,1 234,321,264,352,1 265,332,281,347,1 290,272,348,353,5 426,302,531,398,1 73,325,107,337,5 521,326,531,345,1
/data/user7/wt/datasets/M3FD/M3FD/VOCdevkit/VOC2007/JPEGImages/02667.jpg 514,311,545,330,1 416,291,507,375,1 161,307,227,356,1 225,304,252,334,1 253,315,270,331,1 282,255,337,335,5 5,303,66,319,5
/data/user7/wt/datasets/M3FD/M3FD/VOCdevkit/VOC2007/JPEGImages/02668.jpg 168,316,232,363,1 285,265,343,351,5 407,299,477,366,1 615,318,672,348,1 228,318,252,348,1 254,332,273,348,1 506,331,512,344,4 510,330,517,344,4 547,320,550,327,4 552,324,555,331,4 557,323,560,331,4 578,323,582,328,4
/data/user7/wt/datasets/M3FD/M3FD/VOCdevkit/VOC2007/JPEGImages/02669.jpg 166,323,225,368,1 227,327,251,354,1 252,340,267,353,1 279,270,341,357,5 403,307,466,370,1 650,324,713,356,1 516,336,522,350,4 521,338,527,350,4 561,326,564,335,4 582,327,586,335,4 556,328,560,337,4
/data/user7/wt/datasets/M3FD/M3FD/VOCdevkit/VOC2007/JPEGImages/02670.jpg 166,337,227,381,1 226,343,253,367,1 252,356,264,367,1 276,281,338,374,5 396,322,457,383,1 710,338,740,376,1 533,348,540,367,4 540,350,546,366,4 564,339,569,346,4 569,338,573,348,4 592,338,596,347,4
/data/user7/wt/datasets/M3FD/M3FD/VOCdevkit/VOC2007/JPEGImages/02672.jpg 558,313,565,333,4 565,314,574,335,4 158,311,217,353,1 219,317,247,343,1 263,255,326,345,5 380,299,428,351,1 570,303,573,311,4 573,303,577,311,4 596,302,601,311,4
/data/user7/wt/datasets/M3FD/M3FD/VOCdevkit/VOC2007/JPEGImages/02673.jpg 592,325,600,351,4 599,325,607,351,4 171,325,230,367,1 234,331,260,358,1 273,267,338,360,5 384,313,434,364,1 617,312,623,325,4 590,315,594,324,4 594,314,598,323,4
/data/user7/wt/datasets/M3FD/M3FD/VOCdevkit/VOC2007/JPEGImages/02674.jpg 627,328,635,353,4 635,328,644,355,4 437,344,457,356,1 380,321,424,366,1 272,268,338,365,5 173,328,227,370,1 236,335,262,362,1 630,313,636,325,4 602,315,607,323,4 607,315,611,324,4 335,342,342,349,1 426,342,441,358,1
/data/user7/wt/datasets/M3FD/M3FD/VOCdevkit/VOC2007/JPEGImages/02676.jpg 700,318,710,351,4 708,319,716,351,4 174,326,225,367,1 236,332,261,357,1 265,266,331,362,5 362,318,407,363,1 450,335,472,351,1 437,335,450,352,1 337,331,346,339,1 649,300,654,311,4
/data/user7/wt/datasets/M3FD/M3FD/VOCdevkit/VOC2007/JPEGImages/02677.jpg 466,331,492,349,1 451,329,466,346,1 363,319,404,360,1 267,263,332,363,5 179,328,232,366,1 240,330,269,354,1 345,326,352,332,1 668,292,672,304,4 641,293,645,304,4 646,292,652,305,4
/data/user7/wt/datasets/M3FD/M3FD/VOCdevkit/VOC2007/JPEGImages/02678.jpg 182,323,233,361,1 250,325,274,348,1 270,259,336,361,5 362,315,402,356,1 477,325,506,344,1 462,324,476,344,1 241,329,252,345,1 348,318,357,325,1 113,325,125,332,1 131,325,140,332,1 656,289,660,299,4 662,288,667,298,4
/data/user7/wt/datasets/M3FD/M3FD/VOCdevkit/VOC2007/JPEGImages/02679.jpg 185,335,237,373,1 247,338,257,354,1 256,338,276,359,1 274,268,338,373,5 360,327,401,367,1 476,334,499,355,1 495,336,532,359,1 107,335,118,341,1 125,333,133,340,1 340,327,346,333,1 356,327,362,333,1 683,295,690,308,4
/data/user7/wt/datasets/M3FD/M3FD/VOCdevkit/VOC2007/JPEGImages/02680.jpg 190,314,240,352,1 252,315,264,333,1 262,312,278,334,1 276,247,344,352,1 362,305,398,345,1 513,313,547,335,1 492,311,519,334,1 103,310,116,318,1 120,310,131,317,1 345,302,353,309,1 361,303,368,309,1
/data/user7/wt/datasets/M3FD/M3FD/VOCdevkit/VOC2007/JPEGImages/02681.jpg 195,322,244,357,1 258,319,276,339,1 278,251,348,359,1 364,311,402,347,1 541,318,583,346,1 518,316,543,341,1 90,324,114,333,1 96,316,109,324,1 112,316,123,325,1 352,306,360,312,1 368,305,376,312,1
/data/user7/wt/datasets/M3FD/M3FD/VOCdevkit/VOC2007/JPEGImages/02682.jpg 266,315,312,350,1 332,219,438,377,5 90,294,121,318,0
/data/user7/wt/datasets/M3FD/M3FD/VOCdevkit/VOC2007/JPEGImages/02683.jpg 283,307,330,342,1 348,203,463,377,1 69,288,99,304,0 342,307,355,325,1
/data/user7/wt/datasets/M3FD/M3FD/VOCdevkit/VOC2007/JPEGImages/02684.jpg 51,284,88,307,0 1,311,22,331,1 295,305,342,338,1 350,303,365,324,1 364,192,491,378,5
/data/user7/wt/datasets/M3FD/M3FD/VOCdevkit/VOC2007/JPEGImages/02685.jpg 23,296,63,322,0 307,315,353,349,1 357,312,380,333,1 376,187,528,395,5
/data/user7/wt/datasets/M3FD/M3FD/VOCdevkit/VOC2007/JPEGImages/02686.jpg 1,286,36,312,0 312,307,357,346,1 356,304,381,323,1 388,171,557,399,5 379,303,398,327,1
/data/user7/wt/datasets/M3FD/M3FD/VOCdevkit/VOC2007/JPEGImages/02687.jpg 314,311,356,349,1 361,303,388,334,1 339,305,360,322,1 378,298,401,326,1 400,301,438,344,1 461,26,737,399,5
/data/user7/wt/datasets/M3FD/M3FD/VOCdevkit/VOC2007/JPEGImages/02689.jpg 459,1,737,400,5 310,309,352,351,1 390,298,433,348,1 351,304,380,334,1 375,299,394,323,1 332,304,359,313,1
/data/user7/wt/datasets/M3FD/M3FD/VOCdevkit/VOC2007/JPEGImages/02690.jpg 464,1,738,399,5 396,295,442,342,1 315,307,361,344,1 355,299,384,329,1 379,295,400,322,1 339,302,362,313,1
/data/user7/wt/datasets/M3FD/M3FD/VOCdevkit/VOC2007/JPEGImages/02691.jpg 464,1,734,400,5 317,298,364,333,1 355,289,385,322,1 383,287,401,316,1 399,287,440,334,1
/data/user7/wt/datasets/M3FD/M3FD/VOCdevkit/VOC2007/JPEGImages/02692.jpg 450,1,737,399,5 320,283,364,317,1 355,278,384,310,1 381,277,403,303,1 401,273,441,318,1
/data/user7/wt/datasets/M3FD/M3FD/VOCdevkit/VOC2007/JPEGImages/02693.jpg 322,282,365,318,1 354,277,380,308,1 382,276,401,302,1 399,272,441,319,1 452,1,740,398,5
/data/user7/wt/datasets/M3FD/M3FD/VOCdevkit/VOC2007/JPEGImages/02694.jpg 475,1,740,400,5 336,285,383,323,1 414,273,454,322,1 396,277,416,306,1 367,279,394,310,1
/data/user7/wt/datasets/M3FD/M3FD/VOCdevkit/VOC2007/JPEGImages/02695.jpg 101,301,262,399,1 261,287,314,336,1 310,289,342,328,1 361,279,418,345,1 428,281,439,289,5
/data/user7/wt/datasets/M3FD/M3FD/VOCdevkit/VOC2007/JPEGImages/02696.jpg 100,278,263,388,1 256,265,310,315,1 301,269,335,307,1 357,258,417,323,1 412,256,428,266,5
/data/user7/wt/datasets/M3FD/M3FD/VOCdevkit/VOC2007/JPEGImages/02697.jpg 96,308,262,400,1 242,302,294,349,1 288,305,322,339,1 347,288,410,357,1 573,290,577,302,4 580,291,583,301,4
/data/user7/wt/datasets/M3FD/M3FD/VOCdevkit/VOC2007/JPEGImages/02698.jpg 70,303,235,399,1 208,288,265,339,1 255,291,288,331,1 320,279,381,351,1 552,281,557,293,4 544,281,548,291,4
/data/user7/wt/datasets/M3FD/M3FD/VOCdevkit/VOC2007/JPEGImages/02699.jpg 57,295,225,398,1 188,284,247,333,1 234,284,266,323,1 294,277,320,323,1 315,269,379,342,1 557,270,562,285,4 543,271,547,282,4
/data/user7/wt/datasets/M3FD/M3FD/VOCdevkit/VOC2007/JPEGImages/02700.jpg 46,298,218,400,1 186,288,238,335,1 232,289,259,326,1 288,281,318,328,1 312,272,381,351,1 567,272,572,288,4 549,274,554,286,4
/data/user7/wt/datasets/M3FD/M3FD/VOCdevkit/VOC2007/JPEGImages/02701.jpg 29,323,206,400,1 174,314,230,367,1 221,318,253,355,1 276,309,315,359,1 306,298,375,377,1 571,298,577,313,4 551,298,557,312,4
/data/user7/wt/datasets/M3FD/M3FD/VOCdevkit/VOC2007/JPEGImages/02702.jpg 14,287,200,398,1 170,277,226,326,1 216,281,248,319,1 271,272,307,318,1 298,263,370,342,1 557,266,563,280,4 580,264,587,282,4
/data/user7/wt/datasets/M3FD/M3FD/VOCdevkit/VOC2007/JPEGImages/02703.jpg 3,332,189,400,1 161,319,216,373,1 211,323,243,360,1 264,314,301,364,1 292,305,365,386,1
/data/user7/wt/datasets/M3FD/M3FD/VOCdevkit/VOC2007/JPEGImages/02704.jpg 1,301,180,399,1 154,286,216,341,1 206,292,247,327,1 261,284,291,333,1 285,273,358,357,1 550,281,554,288,4 576,272,585,289,4 606,272,615,291,4
/data/user7/wt/datasets/M3FD/M3FD/VOCdevkit/VOC2007/JPEGImages/02707.jpg 2,363,133,400,1 156,348,221,399,1 226,350,266,388,1 270,344,281,389,1 276,332,357,400,1 672,323,682,347,4 625,326,634,346,4 574,337,580,345,4
/data/user7/wt/datasets/M3FD/M3FD/VOCdevkit/VOC2007/JPEGImages/02708.jpg 1,277,174,398,1 185,262,252,312,1 261,263,299,301,1 298,247,374,337,1 365,255,394,291,1 657,246,666,267,4
/data/user7/wt/datasets/M3FD/M3FD/VOCdevkit/VOC2007/JPEGImages/02709.jpg 109,579,201,632,1 204,583,245,622,1 252,581,290,616,1 291,578,324,612,1 553,579,623,653,1 647,571,683,611,5 697,577,803,666,1 813,570,900,642,1 320,580,348,606,1 609,577,632,615,1
/data/user7/wt/datasets/M3FD/M3FD/VOCdevkit/VOC2007/JPEGImages/02710.jpg 514,655,577,723,1 648,650,733,729,1 733,648,799,706,1 599,648,638,689,5 567,661,597,695,1
/data/user7/wt/datasets/M3FD/M3FD/VOCdevkit/VOC2007/JPEGImages/02712.jpg 535,625,593,682,1 591,626,616,660,1 619,613,651,653,5 660,618,747,689,1 750,615,797,670,1
/data/user7/wt/datasets/M3FD/M3FD/VOCdevkit/VOC2007/JPEGImages/02713.jpg 538,626,599,685,1 592,631,618,661,1 619,620,654,657,5 663,622,745,692,1 743,618,790,671,1 326,646,378,684,1
/data/user7/wt/datasets/M3FD/M3FD/VOCdevkit/VOC2007/JPEGImages/02715.jpg 493,657,547,709,1 539,661,563,691,1 566,650,600,688,5 607,652,681,717,1 672,647,724,696,1 176,678,229,723,1 269,639,329,682,5
/data/user7/wt/datasets/M3FD/M3FD/VOCdevkit/VOC2007/JPEGImages/02716.jpg 507,508,554,550,1 635,513,676,545,1 615,510,641,535,1 278,485,340,522,0 358,500,390,517,5 407,498,435,517,5 208,511,217,523,4 561,510,575,520,1 544,509,556,525,1
/data/user7/wt/datasets/M3FD/M3FD/VOCdevkit/VOC2007/JPEGImages/02717.jpg 508,518,552,555,1 634,522,681,557,1 616,521,643,544,1 224,491,310,529,0 335,507,368,526,5 390,504,423,524,5 188,516,198,531,4 531,494,535,504,2 566,518,581,529,1 544,517,555,531,1 499,522,512,532,3 503,516,507,523,4 611,516,615,532,4
/data/user7/wt/datasets/M3FD/M3FD/VOCdevkit/VOC2007/JPEGImages/02718.jpg 635,523,682,558,1 505,518,549,554,1 182,489,278,535,0 318,507,353,528,5 377,505,409,526,5 618,522,645,545,1 571,519,585,530,1 540,519,554,533,1 527,494,533,506,2 498,524,510,534,3 501,519,507,527,4 172,519,181,533,4 609,520,614,533,4
/data/user7/wt/datasets/M3FD/M3FD/VOCdevkit/VOC2007/JPEGImages/02719.jpg 1,520,385,764,1 520,513,557,544,1 652,516,711,558,1 632,515,662,540,1 50,470,205,527,0 280,496,332,522,5 351,494,396,519,5 556,510,573,523,1 513,515,525,525,3 517,510,522,516,4 543,485,548,495,2 601,509,613,520,1
/data/user7/wt/datasets/M3FD/M3FD/VOCdevkit/VOC2007/JPEGImages/02722.jpg 142,490,229,534,5 235,486,316,527,5 429,518,552,613,1 664,516,702,549,1 695,522,773,579,1 547,514,578,542,1 53,518,116,535,1 789,510,802,552,4 568,487,573,497,2 538,516,550,528,3 542,512,547,522,4 595,511,613,526,4
/data/user7/wt/datasets/M3FD/M3FD/VOCdevkit/VOC2007/JPEGImages/02723.jpg 11,513,72,529,1 83,480,179,524,5 155,473,268,522,5 466,513,568,594,1 555,510,586,537,1 674,515,717,548,1 709,516,807,585,1 803,505,820,555,4 576,477,583,489,2 609,509,629,522,1 665,508,672,527,4
/data/user7/wt/datasets/M3FD/M3FD/VOCdevkit/VOC2007/JPEGImages/02726.jpg 840,546,1024,764,1 696,526,764,578,1 842,515,861,568,4 865,514,885,570,4 527,524,576,562,1 568,518,591,541,1 578,488,583,500,2 728,513,742,526,4 675,513,681,537,4
/data/user7/wt/datasets/M3FD/M3FD/VOCdevkit/VOC2007/JPEGImages/02727.jpg 855,513,874,575,4 887,513,904,570,4 923,577,1023,764,1 704,525,778,580,1 533,518,578,556,1 573,518,596,540,1 735,511,750,525,4 580,486,585,498,2 678,514,685,536,4
/data/user7/wt/datasets/M3FD/M3FD/VOCdevkit/VOC2007/JPEGImages/02728.jpg 883,518,902,583,4 915,518,941,584,4 719,529,803,594,1 546,521,588,560,1 583,522,602,545,1 7,456,228,765,1 746,515,762,530,4 584,490,589,503,2 549,518,572,529,1 686,521,693,543,4
/data/user7/wt/datasets/M3FD/M3FD/VOCdevkit/VOC2007/JPEGImages/02729.jpg 737,521,831,596,1 907,509,926,572,4 941,511,970,583,4 563,517,601,552,1 594,513,616,534,1 8,456,383,768,1 764,506,779,522,4 595,483,601,494,2 550,511,572,523,1 700,513,707,535,4
/data/user7/wt/datasets/M3FD/M3FD/VOCdevkit/VOC2007/JPEGImages/02730.jpg 285,495,494,675,1 581,525,617,554,1 618,523,632,542,1 762,533,865,609,1 942,516,972,591,4 986,515,1021,596,4 786,514,801,533,4 539,519,561,533,1 604,489,611,502,2 715,520,723,544,4
/data/user7/wt/datasets/M3FD/M3FD/VOCdevkit/VOC2007/JPEGImages/02731.jpg 984,516,1016,600,4 794,532,918,624,1 403,506,547,636,1 602,523,638,552,1 638,522,651,542,1
/data/user7/wt/datasets/M3FD/M3FD/VOCdevkit/VOC2007/JPEGImages/02732.jpg 463,512,575,615,1 616,529,647,556,1 644,527,665,546,1 820,539,961,644,1 821,515,832,562,4 630,493,636,506,2 745,523,753,549,4
/data/user7/wt/datasets/M3FD/M3FD/VOCdevkit/VOC2007/JPEGImages/02733.jpg 499,514,586,599,1 617,530,650,552,1 649,526,668,545,1 838,539,1012,660,1 825,518,839,566,4 745,524,752,553,4 624,492,630,506,2
/data/user7/wt/datasets/M3FD/M3FD/VOCdevkit/VOC2007/JPEGImages/02734.jpg 507,512,579,584,1 608,524,634,548,1 639,522,661,539,1 840,536,1024,672,1 610,486,617,501,2 811,514,833,565,4
/data/user7/wt/datasets/M3FD/M3FD/VOCdevkit/VOC2007/JPEGImages/02735.jpg 500,521,564,581,1 587,528,613,549,1 623,526,647,544,1 832,542,1024,688,1 792,519,812,571,4 586,491,593,504,2 707,526,716,551,4
/data/user7/wt/datasets/M3FD/M3FD/VOCdevkit/VOC2007/JPEGImages/02736.jpg 488,530,547,586,1 564,538,590,561,1 606,537,629,552,1 816,553,1024,721,1 769,532,788,581,4 559,501,566,516,2 679,537,690,562,4
/data/user7/wt/datasets/M3FD/M3FD/VOCdevkit/VOC2007/JPEGImages/02737.jpg 464,534,511,581,1 530,540,553,560,1 577,539,599,553,1 785,553,1021,748,1 728,528,749,581,4 455,535,469,549,1 516,502,525,518,2 634,533,644,560,4
/data/user7/wt/datasets/M3FD/M3FD/VOCdevkit/VOC2007/JPEGImages/02738.jpg 744,550,1024,757,1 955,531,1006,596,4 437,538,472,580,1 492,542,518,560,1 547,540,570,556,1 398,540,421,553,1 264,541,291,551,1 477,506,484,519,2 594,537,602,565,4 684,530,703,585,4 473,537,493,543,1
/data/user7/wt/datasets/M3FD/M3FD/VOCdevkit/VOC2007/JPEGImages/02740.jpg 484,471,565,572,5
/data/user7/wt/datasets/M3FD/M3FD/VOCdevkit/VOC2007/JPEGImages/02743.jpg 428,454,515,567,5
/data/user7/wt/datasets/M3FD/M3FD/VOCdevkit/VOC2007/JPEGImages/02744.jpg 423,460,503,520,1 3,537,110,612,5
/data/user7/wt/datasets/M3FD/M3FD/VOCdevkit/VOC2007/JPEGImages/02745.jpg 3,527,234,595,1
/data/user7/wt/datasets/M3FD/M3FD/VOCdevkit/VOC2007/JPEGImages/02746.jpg 60,537,656,768,1
/data/user7/wt/datasets/M3FD/M3FD/VOCdevkit/VOC2007/JPEGImages/02748.jpg 373,458,478,582,5 847,567,1023,768,1
/data/user7/wt/datasets/M3FD/M3FD/VOCdevkit/VOC2007/JPEGImages/02749.jpg 352,452,463,575,5
/data/user7/wt/datasets/M3FD/M3FD/VOCdevkit/VOC2007/JPEGImages/02750.jpg 342,448,447,574,5
/data/user7/wt/datasets/M3FD/M3FD/VOCdevkit/VOC2007/JPEGImages/02751.jpg 333,448,437,579,5
/data/user7/wt/datasets/M3FD/M3FD/VOCdevkit/VOC2007/JPEGImages/02752.jpg 360,427,464,563,5
/data/user7/wt/datasets/M3FD/M3FD/VOCdevkit/VOC2007/JPEGImages/02753.jpg 394,436,499,576,5
/data/user7/wt/datasets/M3FD/M3FD/VOCdevkit/VOC2007/JPEGImages/02755.jpg 517,438,633,585,5
/data/user7/wt/datasets/M3FD/M3FD/VOCdevkit/VOC2007/JPEGImages/02756.jpg 711,534,1023,766,1 711,496,802,550,1
/data/user7/wt/datasets/M3FD/M3FD/VOCdevkit/VOC2007/JPEGImages/02757.jpg 3,565,620,768,1
/data/user7/wt/datasets/M3FD/M3FD/VOCdevkit/VOC2007/JPEGImages/02758.jpg 3,622,369,764,1
/data/user7/wt/datasets/M3FD/M3FD/VOCdevkit/VOC2007/JPEGImages/02759.jpg 91,572,532,762,1
/data/user7/wt/datasets/M3FD/M3FD/VOCdevkit/VOC2007/JPEGImages/02760.jpg 519,500,820,618,1
/data/user7/wt/datasets/M3FD/M3FD/VOCdevkit/VOC2007/JPEGImages/02761.jpg 509,518,808,635,1
/data/user7/wt/datasets/M3FD/M3FD/VOCdevkit/VOC2007/JPEGImages/02762.jpg 531,496,827,613,1
/data/user7/wt/datasets/M3FD/M3FD/VOCdevkit/VOC2007/JPEGImages/02763.jpg 568,517,861,628,1
/data/user7/wt/datasets/M3FD/M3FD/VOCdevkit/VOC2007/JPEGImages/02765.jpg 597,522,851,633,1
/data/user7/wt/datasets/M3FD/M3FD/VOCdevkit/VOC2007/JPEGImages/02766.jpg 586,519,825,626,1
/data/user7/wt/datasets/M3FD/M3FD/VOCdevkit/VOC2007/JPEGImages/02767.jpg 576,524,807,629,1
/data/user7/wt/datasets/M3FD/M3FD/VOCdevkit/VOC2007/JPEGImages/02768.jpg 532,545,717,639,1
/data/user7/wt/datasets/M3FD/M3FD/VOCdevkit/VOC2007/JPEGImages/02769.jpg 476,565,725,662,1
/data/user7/wt/datasets/M3FD/M3FD/VOCdevkit/VOC2007/JPEGImages/02771.jpg 432,562,580,639,1
/data/user7/wt/datasets/M3FD/M3FD/VOCdevkit/VOC2007/JPEGImages/02772.jpg 399,561,538,639,1
/data/user7/wt/datasets/M3FD/M3FD/VOCdevkit/VOC2007/JPEGImages/02773.jpg 344,571,480,655,1
/data/user7/wt/datasets/M3FD/M3FD/VOCdevkit/VOC2007/JPEGImages/02774.jpg 284,579,416,656,1
/data/user7/wt/datasets/M3FD/M3FD/VOCdevkit/VOC2007/JPEGImages/02775.jpg 255,578,385,657,1
/data/user7/wt/datasets/M3FD/M3FD/VOCdevkit/VOC2007/JPEGImages/02776.jpg 188,585,314,656,1
/data/user7/wt/datasets/M3FD/M3FD/VOCdevkit/VOC2007/JPEGImages/02778.jpg 168,585,296,654,1
/data/user7/wt/datasets/M3FD/M3FD/VOCdevkit/VOC2007/JPEGImages/02779.jpg 571,502,768,575,1
/data/user7/wt/datasets/M3FD/M3FD/VOCdevkit/VOC2007/JPEGImages/02780.jpg 582,503,788,584,1
/data/user7/wt/datasets/M3FD/M3FD/VOCdevkit/VOC2007/JPEGImages/02781.jpg 613,474,839,565,1
/data/user7/wt/datasets/M3FD/M3FD/VOCdevkit/VOC2007/JPEGImages/02782.jpg 616,509,863,603,1
/data/user7/wt/datasets/M3FD/M3FD/VOCdevkit/VOC2007/JPEGImages/02784.jpg 709,494,1008,598,1
/data/user7/wt/datasets/M3FD/M3FD/VOCdevkit/VOC2007/JPEGImages/02785.jpg 750,500,1023,645,1
/data/user7/wt/datasets/M3FD/M3FD/VOCdevkit/VOC2007/JPEGImages/02786.jpg 780,502,1020,676,1 761,530,897,615,1
/data/user7/wt/datasets/M3FD/M3FD/VOCdevkit/VOC2007/JPEGImages/02787.jpg 807,504,1024,673,1 783,526,939,631,1
/data/user7/wt/datasets/M3FD/M3FD/VOCdevkit/VOC2007/JPEGImages/02788.jpg 889,535,1024,711,1 833,520,1024,664,1 673,530,719,579,1
/data/user7/wt/datasets/M3FD/M3FD/VOCdevkit/VOC2007/JPEGImages/02789.jpg 881,570,1024,700,1 676,547,724,604,1 959,608,1021,754,1
/data/user7/wt/datasets/M3FD/M3FD/VOCdevkit/VOC2007/JPEGImages/02790.jpg 959,613,1024,748,1 688,558,742,616,1
/data/user7/wt/datasets/M3FD/M3FD/VOCdevkit/VOC2007/JPEGImages/02792.jpg 694,522,783,597,1
/data/user7/wt/datasets/M3FD/M3FD/VOCdevkit/VOC2007/JPEGImages/02794.jpg 710,526,812,613,1
/data/user7/wt/datasets/M3FD/M3FD/VOCdevkit/VOC2007/JPEGImages/02795.jpg 716,564,833,664,1
/data/user7/wt/datasets/M3FD/M3FD/VOCdevkit/VOC2007/JPEGImages/02796.jpg 733,506,872,626,1
/data/user7/wt/datasets/M3FD/M3FD/VOCdevkit/VOC2007/JPEGImages/02798.jpg 754,522,965,699,1
/data/user7/wt/datasets/M3FD/M3FD/VOCdevkit/VOC2007/JPEGImages/02799.jpg 699,528,735,565,1
/data/user7/wt/datasets/M3FD/M3FD/VOCdevkit/VOC2007/JPEGImages/02801.jpg 655,515,691,550,1 707,513,737,539,1 763,573,813,647,1
/data/user7/wt/datasets/M3FD/M3FD/VOCdevkit/VOC2007/JPEGImages/02802.jpg 649,526,692,563,1 707,523,738,552,1 787,518,909,667,1 809,587,909,697,1
/data/user7/wt/datasets/M3FD/M3FD/VOCdevkit/VOC2007/JPEGImages/02803.jpg 907,578,1024,723,1 580,539,633,586,1 643,535,676,570,1 682,536,759,567,1
/data/user7/wt/datasets/M3FD/M3FD/VOCdevkit/VOC2007/JPEGImages/02804.jpg 526,530,580,579,1 595,524,629,562,1 633,524,728,557,1
/data/user7/wt/datasets/M3FD/M3FD/VOCdevkit/VOC2007/JPEGImages/02805.jpg 502,541,556,591,1 577,532,614,568,1 625,532,726,571,1 663,535,725,567,1
/data/user7/wt/datasets/M3FD/M3FD/VOCdevkit/VOC2007/JPEGImages/02811.jpg 465,502,590,587,1 587,496,638,547,1 648,502,709,547,1 713,498,812,548,1
/data/user7/wt/datasets/M3FD/M3FD/VOCdevkit/VOC2007/JPEGImages/02812.jpg 444,522,586,621,1 580,517,637,571,1 651,517,720,574,1 721,517,832,572,1 544,528,568,611,4
/data/user7/wt/datasets/M3FD/M3FD/VOCdevkit/VOC2007/JPEGImages/02813.jpg 416,514,574,621,1 573,505,629,566,1 649,513,722,568,1 723,509,838,567,1 534,517,559,616,4
/data/user7/wt/datasets/M3FD/M3FD/VOCdevkit/VOC2007/JPEGImages/02814.jpg 379,520,549,642,1 518,522,559,631,4 550,511,613,579,1 633,517,715,579,1 716,509,843,578,1
/data/user7/wt/datasets/M3FD/M3FD/VOCdevkit/VOC2007/JPEGImages/02815.jpg 318,509,481,637,1 491,507,553,624,4 512,500,586,562,1 600,500,697,570,1 696,494,829,569,1
/data/user7/wt/datasets/M3FD/M3FD/VOCdevkit/VOC2007/JPEGImages/02816.jpg 227,496,421,655,1 494,493,565,627,4 469,487,557,563,1 565,489,675,564,1 673,483,822,564,1
/data/user7/wt/datasets/M3FD/M3FD/VOCdevkit/VOC2007/JPEGImages/02817.jpg 134,497,367,678,1 499,492,577,643,4 426,493,518,570,1 651,484,804,582,1 551,498,651,573,1
/data/user7/wt/datasets/M3FD/M3FD/VOCdevkit/VOC2007/JPEGImages/02818.jpg 5,480,283,705,1 512,474,586,646,4 616,474,790,573,1 378,474,476,565,1 490,477,617,565,1
/data/user7/wt/datasets/M3FD/M3FD/VOCdevkit/VOC2007/JPEGImages/02819.jpg 4,510,228,765,1 353,508,462,602,1 486,509,623,604,1 626,495,805,619,1 541,493,621,690,4
/data/user7/wt/datasets/M3FD/M3FD/VOCdevkit/VOC2007/JPEGImages/02820.jpg 2,519,125,764,1 324,521,454,632,1 464,522,639,636,1 652,513,848,647,1 607,506,701,730,4
/data/user7/wt/datasets/M3FD/M3FD/VOCdevkit/VOC2007/JPEGImages/02821.jpg 317,516,453,644,1 469,520,661,652,1 665,513,903,674,1 682,500,792,763,4
/data/user7/wt/datasets/M3FD/M3FD/VOCdevkit/VOC2007/JPEGImages/02822.jpg 898,484,1007,763,4 753,506,1023,707,1 520,513,757,670,1 529,517,691,583,1 354,509,512,649,1
/data/user7/wt/datasets/M3FD/M3FD/VOCdevkit/VOC2007/JPEGImages/02823.jpg 409,523,588,677,1 602,523,808,616,1 597,522,977,722,1 890,535,1024,764,1
/data/user7/wt/datasets/M3FD/M3FD/VOCdevkit/VOC2007/JPEGImages/02824.jpg 529,529,735,725,1 751,533,1020,689,1 774,587,1023,765,1
/data/user7/wt/datasets/M3FD/M3FD/VOCdevkit/VOC2007/JPEGImages/02825.jpg 658,509,936,751,1 964,559,1024,714,1
/data/user7/wt/datasets/M3FD/M3FD/VOCdevkit/VOC2007/JPEGImages/02827.jpg 885,483,1024,768,1 868,483,954,539,1
/data/user7/wt/datasets/M3FD/M3FD/VOCdevkit/VOC2007/JPEGImages/02828.jpg 877,487,983,545,1
/data/user7/wt/datasets/M3FD/M3FD/VOCdevkit/VOC2007/JPEGImages/02830.jpg 789,497,920,558,1
/data/user7/wt/datasets/M3FD/M3FD/VOCdevkit/VOC2007/JPEGImages/02832.jpg 672,500,841,577,1 629,500,644,530,4
/data/user7/wt/datasets/M3FD/M3FD/VOCdevkit/VOC2007/JPEGImages/02833.jpg 642,500,829,582,1 587,500,602,539,4
/data/user7/wt/datasets/M3FD/M3FD/VOCdevkit/VOC2007/JPEGImages/02834.jpg 722,470,1024,646,1 586,483,610,544,4
/data/user7/wt/datasets/M3FD/M3FD/VOCdevkit/VOC2007/JPEGImages/02836.jpg 617,514,648,596,4
/data/user7/wt/datasets/M3FD/M3FD/VOCdevkit/VOC2007/JPEGImages/02837.jpg 629,504,681,605,4
/data/user7/wt/datasets/M3FD/M3FD/VOCdevkit/VOC2007/JPEGImages/02838.jpg 724,504,799,656,4
/data/user7/wt/datasets/M3FD/M3FD/VOCdevkit/VOC2007/JPEGImages/02839.jpg 794,488,877,692,4
/data/user7/wt/datasets/M3FD/M3FD/VOCdevkit/VOC2007/JPEGImages/02840.jpg 938,484,1023,764,4
/data/user7/wt/datasets/M3FD/M3FD/VOCdevkit/VOC2007/JPEGImages/02842.jpg 661,506,787,618,1
/data/user7/wt/datasets/M3FD/M3FD/VOCdevkit/VOC2007/JPEGImages/02844.jpg 218,525,364,656,1
/data/user7/wt/datasets/M3FD/M3FD/VOCdevkit/VOC2007/JPEGImages/02845.jpg 96,510,280,653,1
/data/user7/wt/datasets/M3FD/M3FD/VOCdevkit/VOC2007/JPEGImages/02846.jpg 43,498,241,663,1
/data/user7/wt/datasets/M3FD/M3FD/VOCdevkit/VOC2007/JPEGImages/02848.jpg 4,477,207,680,1 222,495,251,548,4
/data/user7/wt/datasets/M3FD/M3FD/VOCdevkit/VOC2007/JPEGImages/02849.jpg 3,444,178,680,1 224,467,247,522,4
/data/user7/wt/datasets/M3FD/M3FD/VOCdevkit/VOC2007/JPEGImages/02850.jpg 4,452,175,730,1 240,471,267,532,4
/data/user7/wt/datasets/M3FD/M3FD/VOCdevkit/VOC2007/JPEGImages/02851.jpg 7,469,163,764,1 259,486,287,552,4
/data/user7/wt/datasets/M3FD/M3FD/VOCdevkit/VOC2007/JPEGImages/02853.jpg 271,482,300,552,4 3,464,101,768,1
/data/user7/wt/datasets/M3FD/M3FD/VOCdevkit/VOC2007/JPEGImages/02855.jpg 290,463,338,550,4 135,468,225,534,1
/data/user7/wt/datasets/M3FD/M3FD/VOCdevkit/VOC2007/JPEGImages/02856.jpg 300,451,341,546,4 131,461,241,526,1
/data/user7/wt/datasets/M3FD/M3FD/VOCdevkit/VOC2007/JPEGImages/02857.jpg 299,461,346,567,4 144,470,255,541,1
/data/user7/wt/datasets/M3FD/M3FD/VOCdevkit/VOC2007/JPEGImages/02858.jpg 307,451,358,571,4 160,460,279,539,1
/data/user7/wt/datasets/M3FD/M3FD/VOCdevkit/VOC2007/JPEGImages/02859.jpg 290,448,354,582,4 152,460,286,543,1
/data/user7/wt/datasets/M3FD/M3FD/VOCdevkit/VOC2007/JPEGImages/02860.jpg 267,444,338,600,4 144,459,290,546,1
/data/user7/wt/datasets/M3FD/M3FD/VOCdevkit/VOC2007/JPEGImages/02861.jpg 235,439,316,626,4 139,450,270,549,1
/data/user7/wt/datasets/M3FD/M3FD/VOCdevkit/VOC2007/JPEGImages/02862.jpg 322,408,403,470,1 485,415,538,448,1 536,413,566,444,1
/data/user7/wt/datasets/M3FD/M3FD/VOCdevkit/VOC2007/JPEGImages/02863.jpg 320,422,407,492,1 495,430,551,464,1 548,428,581,463,1
/data/user7/wt/datasets/M3FD/M3FD/VOCdevkit/VOC2007/JPEGImages/02864.jpg 308,441,404,515,1 507,448,567,483,1 562,448,594,479,1
/data/user7/wt/datasets/M3FD/M3FD/VOCdevkit/VOC2007/JPEGImages/02866.jpg 265,458,389,551,1 520,464,581,504,1 574,464,613,498,1
/data/user7/wt/datasets/M3FD/M3FD/VOCdevkit/VOC2007/JPEGImages/02867.jpg 244,477,383,579,1 529,479,599,519,1 589,478,629,513,1
/data/user7/wt/datasets/M3FD/M3FD/VOCdevkit/VOC2007/JPEGImages/02868.jpg 215,471,371,591,1 536,475,610,518,1 597,474,643,514,1
/data/user7/wt/datasets/M3FD/M3FD/VOCdevkit/VOC2007/JPEGImages/02869.jpg 160,465,359,603,1 551,465,629,509,1 615,465,667,504,1
/data/user7/wt/datasets/M3FD/M3FD/VOCdevkit/VOC2007/JPEGImages/02870.jpg 581,457,660,507,1 641,457,694,497,1 111,464,355,636,1
/data/user7/wt/datasets/M3FD/M3FD/VOCdevkit/VOC2007/JPEGImages/02872.jpg 11,476,248,764,1 598,452,690,505,1 675,450,726,495,1
/data/user7/wt/datasets/M3FD/M3FD/VOCdevkit/VOC2007/JPEGImages/02873.jpg 4,489,112,765,1 593,442,692,498,1 676,439,730,489,1
/data/user7/wt/datasets/M3FD/M3FD/VOCdevkit/VOC2007/JPEGImages/02874.jpg 580,445,686,510,1 661,442,728,498,1
/data/user7/wt/datasets/M3FD/M3FD/VOCdevkit/VOC2007/JPEGImages/02875.jpg 547,442,661,515,1 638,440,704,496,1
/data/user7/wt/datasets/M3FD/M3FD/VOCdevkit/VOC2007/JPEGImages/02877.jpg 483,490,619,574,1 589,489,664,557,1 788,447,858,468,1
/data/user7/wt/datasets/M3FD/M3FD/VOCdevkit/VOC2007/JPEGImages/02878.jpg 435,487,594,583,1 555,484,642,561,1 766,443,836,463,1
/data/user7/wt/datasets/M3FD/M3FD/VOCdevkit/VOC2007/JPEGImages/02879.jpg 391,492,571,606,1 543,494,623,574,1 744,446,820,466,1
/data/user7/wt/datasets/M3FD/M3FD/VOCdevkit/VOC2007/JPEGImages/02880.jpg 325,495,532,622,1 490,493,591,585,1 715,446,791,468,1
/data/user7/wt/datasets/M3FD/M3FD/VOCdevkit/VOC2007/JPEGImages/02881.jpg 251,507,497,657,1 452,504,565,605,1 689,451,766,472,1
/data/user7/wt/datasets/M3FD/M3FD/VOCdevkit/VOC2007/JPEGImages/02882.jpg 103,498,433,697,1 376,492,515,618,1 647,436,730,459,1
/data/user7/wt/datasets/M3FD/M3FD/VOCdevkit/VOC2007/JPEGImages/02884.jpg 6,475,266,764,1 185,474,405,648,1 575,410,659,433,1
/data/user7/wt/datasets/M3FD/M3FD/VOCdevkit/VOC2007/JPEGImages/02885.jpg 6,501,302,738,1 522,431,610,456,1
/data/user7/wt/datasets/M3FD/M3FD/VOCdevkit/VOC2007/JPEGImages/02886.jpg 12,504,227,764,1 492,435,583,460,1
/data/user7/wt/datasets/M3FD/M3FD/VOCdevkit/VOC2007/JPEGImages/02887.jpg 4,558,64,765,1 441,433,535,458,1
/data/user7/wt/datasets/M3FD/M3FD/VOCdevkit/VOC2007/JPEGImages/02888.jpg 242,489,831,739,1 320,460,417,485,1
/data/user7/wt/datasets/M3FD/M3FD/VOCdevkit/VOC2007/JPEGImages/02889.jpg 3,501,436,743,1 301,452,404,482,1
/data/user7/wt/datasets/M3FD/M3FD/VOCdevkit/VOC2007/JPEGImages/02890.jpg 194,277,294,347,1 345,288,370,328,3 393,278,432,302,1
/data/user7/wt/datasets/M3FD/M3FD/VOCdevkit/VOC2007/JPEGImages/02891.jpg 215,253,317,325,1 376,265,401,299,3 426,252,468,280,1
/data/user7/wt/datasets/M3FD/M3FD/VOCdevkit/VOC2007/JPEGImages/02892.jpg 229,273,335,347,1 402,285,429,323,3 456,271,502,298,1
/data/user7/wt/datasets/M3FD/M3FD/VOCdevkit/VOC2007/JPEGImages/02893.jpg 250,280,353,358,1 433,297,464,334,3 491,280,534,310,1
/data/user7/wt/datasets/M3FD/M3FD/VOCdevkit/VOC2007/JPEGImages/02896.jpg 298,262,414,356,1 549,284,595,338,3 430,257,453,304,1 626,261,684,296,1 273,263,301,281,1
/data/user7/wt/datasets/M3FD/M3FD/VOCdevkit/VOC2007/JPEGImages/02897.jpg 285,251,401,351,1 432,248,457,292,1 564,274,609,334,3 647,252,705,292,1 272,252,311,270,1
/data/user7/wt/datasets/M3FD/M3FD/VOCdevkit/VOC2007/JPEGImages/02898.jpg 276,260,391,361,1 436,257,463,310,1 581,286,624,349,3 665,257,727,300,1 237,270,262,287,1
/data/user7/wt/datasets/M3FD/M3FD/VOCdevkit/VOC2007/JPEGImages/02899.jpg 249,253,369,347,1 437,252,465,308,1 600,279,654,352,3 696,252,765,299,1 215,259,250,278,1 250,256,282,288,1
/data/user7/wt/datasets/M3FD/M3FD/VOCdevkit/VOC2007/JPEGImages/02901.jpg 781,293,861,428,3 476,245,532,323,1 198,246,311,336,1 280,247,309,273,5
/data/user7/wt/datasets/M3FD/M3FD/VOCdevkit/VOC2007/JPEGImages/02902.jpg 517,278,585,362,1 230,280,325,364,1 309,281,354,310,5
/data/user7/wt/datasets/M3FD/M3FD/VOCdevkit/VOC2007/JPEGImages/02904.jpg 723,274,879,401,1
/data/user7/wt/datasets/M3FD/M3FD/VOCdevkit/VOC2007/JPEGImages/02905.jpg 740,314,880,452,1 359,332,430,381,1
/data/user7/wt/datasets/M3FD/M3FD/VOCdevkit/VOC2007/JPEGImages/02906.jpg 745,275,880,414,1 362,287,432,342,1
/data/user7/wt/datasets/M3FD/M3FD/VOCdevkit/VOC2007/JPEGImages/02907.jpg 758,275,877,421,1 365,287,435,339,1
/data/user7/wt/datasets/M3FD/M3FD/VOCdevkit/VOC2007/JPEGImages/02908.jpg 770,248,879,380,1 367,255,432,305,1 273,251,358,291,0
/data/user7/wt/datasets/M3FD/M3FD/VOCdevkit/VOC2007/JPEGImages/02909.jpg 788,248,878,367,1 374,255,443,302,1 311,249,411,289,0
/data/user7/wt/datasets/M3FD/M3FD/VOCdevkit/VOC2007/JPEGImages/02910.jpg 412,355,648,504,1 89,340,187,385,1 27,350,94,380,1 1,345,60,381,1 195,345,264,379,1
/data/user7/wt/datasets/M3FD/M3FD/VOCdevkit/VOC2007/JPEGImages/02911.jpg 328,348,586,517,1 11,338,119,385,1 126,340,191,374,1
/data/user7/wt/datasets/M3FD/M3FD/VOCdevkit/VOC2007/JPEGImages/02912.jpg 252,326,532,503,1 1,314,57,358,1 66,318,130,353,1
/data/user7/wt/datasets/M3FD/M3FD/VOCdevkit/VOC2007/JPEGImages/02913.jpg 142,338,456,518,1 9,330,81,362,1
/data/user7/wt/datasets/M3FD/M3FD/VOCdevkit/VOC2007/JPEGImages/02914.jpg 1,322,88,361,1 91,336,411,518,1
/data/user7/wt/datasets/M3FD/M3FD/VOCdevkit/VOC2007/JPEGImages/02916.jpg 1,333,252,519,1
/data/user7/wt/datasets/M3FD/M3FD/VOCdevkit/VOC2007/JPEGImages/02917.jpg 1,294,200,486,1
/data/user7/wt/datasets/M3FD/M3FD/VOCdevkit/VOC2007/JPEGImages/02918.jpg 1,343,84,518,1
/data/user7/wt/datasets/M3FD/M3FD/VOCdevkit/VOC2007/JPEGImages/02919.jpg 541,260,694,324,1 491,272,581,318,1 432,267,542,316,1 402,274,472,311,1 374,273,438,313,1 348,272,419,303,1 294,279,327,310,1 322,273,349,305,1 716,257,839,304,1
/data/user7/wt/datasets/M3FD/M3FD/VOCdevkit/VOC2007/JPEGImages/02920.jpg 627,263,794,330,1 810,260,876,314,1 572,275,666,321,1 516,273,623,319,1 480,276,561,317,1 378,282,400,314,1 449,278,524,315,1 425,275,509,312,1
/data/user7/wt/datasets/M3FD/M3FD/VOCdevkit/VOC2007/JPEGImages/02922.jpg 759,239,879,299,1 593,250,710,290,1 555,255,638,296,1 522,256,597,295,1 498,256,571,287,1 450,262,475,295,1 98,254,156,366,4 442,275,880,429,1
/data/user7/wt/datasets/M3FD/M3FD/VOCdevkit/VOC2007/JPEGImages/02923.jpg 753,228,880,303,1 694,242,792,290,1 638,241,744,288,1 620,243,682,287,1 581,245,671,287,1 547,249,618,288,1 518,244,608,277,1 472,250,499,275,1 133,272,654,440,1 158,240,196,342,4
/data/user7/wt/datasets/M3FD/M3FD/VOCdevkit/VOC2007/JPEGImages/02924.jpg 801,235,879,310,1 718,245,834,297,1 671,245,779,294,1 615,248,707,295,1 581,254,657,292,1 549,251,639,284,1 508,258,526,286,1 235,245,300,363,4 1,294,211,464,1
/data/user7/wt/datasets/M3FD/M3FD/VOCdevkit/VOC2007/JPEGImages/02925.jpg 818,260,880,329,1 803,267,880,322,1 737,268,865,318,1 669,264,802,314,1 630,269,723,312,1 593,270,679,314,1 566,269,657,305,1 525,272,544,310,1 298,257,342,382,4
/data/user7/wt/datasets/M3FD/M3FD/VOCdevkit/VOC2007/JPEGImages/02928.jpg 793,282,879,335,1 822,293,880,339,1 226,258,846,514,1 2,290,529,517,1
/data/user7/wt/datasets/M3FD/M3FD/VOCdevkit/VOC2007/JPEGImages/02930.jpg 395,104,879,518,0
/data/user7/wt/datasets/M3FD/M3FD/VOCdevkit/VOC2007/JPEGImages/02931.jpg 7,72,878,520,0
/data/user7/wt/datasets/M3FD/M3FD/VOCdevkit/VOC2007/JPEGImages/02932.jpg 3,98,878,516,0
/data/user7/wt/datasets/M3FD/M3FD/VOCdevkit/VOC2007/JPEGImages/02934.jpg 700,307,798,350,1 733,312,825,354,1 774,308,876,359,1 822,311,878,365,1
/data/user7/wt/datasets/M3FD/M3FD/VOCdevkit/VOC2007/JPEGImages/02935.jpg 701,314,805,354,1 737,314,840,365,1 780,316,878,367,1 826,330,853,363,1 848,325,880,362,1
/data/user7/wt/datasets/M3FD/M3FD/VOCdevkit/VOC2007/JPEGImages/02936.jpg 712,316,802,357,1 746,319,837,365,1 786,320,878,372,1 847,325,880,370,1
/data/user7/wt/datasets/M3FD/M3FD/VOCdevkit/VOC2007/JPEGImages/02937.jpg 721,318,808,357,1 748,321,833,365,1 798,320,880,368,1 839,330,880,372,1
/data/user7/wt/datasets/M3FD/M3FD/VOCdevkit/VOC2007/JPEGImages/02938.jpg 427,311,880,518,1
/data/user7/wt/datasets/M3FD/M3FD/VOCdevkit/VOC2007/JPEGImages/02939.jpg 2,513,216,714,1 33,497,100,520,1 4,496,38,522,1 223,500,314,564,1 301,488,394,565,1 385,479,453,545,1 457,483,503,523,1 507,477,568,532,1 680,475,740,502,1 601,476,647,503,1 558,486,589,505,1 581,485,600,506,1 665,448,676,468,2 810,473,840,494,1 945,468,979,485,1 412,459,458,520,5
/data/user7/wt/datasets/M3FD/M3FD/VOCdevkit/VOC2007/JPEGImages/02940.jpg 3,525,95,655,1 47,524,136,614,1 52,508,99,531,1 177,513,254,591,1 209,499,369,620,1 366,483,465,579,1 488,493,534,537,1 523,494,545,523,1 540,485,611,552,1 603,493,649,518,1 626,486,698,514,1 710,481,777,513,1 707,453,719,473,2 651,485,670,540,4 857,471,916,506,1 964,477,993,499,1 420,463,481,539,5 743,474,749,484,2
/data/user7/wt/datasets/M3FD/M3FD/VOCdevkit/VOC2007/JPEGImages/02941.jpg 1,517,28,547,1 21,516,66,548,1 1,511,290,704,1 308,490,442,615,1 399,468,475,553,5 480,499,534,548,1 537,490,615,566,1 614,492,671,525,1 668,496,740,524,1 725,489,775,520,1 825,485,903,517,1 900,487,936,513,1 936,491,969,511,1 714,460,725,480,2 659,488,680,557,4 751,480,758,491,2
/data/user7/wt/datasets/M3FD/M3FD/VOCdevkit/VOC2007/JPEGImages/02942.jpg 1,514,153,759,1 116,522,233,626,1 231,482,413,645,1 375,460,463,556,5 477,497,530,548,1 536,490,617,571,1 618,489,694,525,1 623,488,691,517,1 707,485,783,515,1 734,492,804,522,1 818,477,888,517,1 934,483,993,511,1 716,455,728,476,2 334,463,349,487,2 276,474,291,496,2 668,483,686,556,4 461,487,469,498,2 754,477,761,487,2
/data/user7/wt/datasets/M3FD/M3FD/VOCdevkit/VOC2007/JPEGImages/02944.jpg 1,462,187,768,1 180,475,359,629,5 307,447,419,570,5 413,507,445,551,1 424,504,468,531,1 457,496,519,552,1 525,486,629,588,1 612,490,675,505,1 708,485,785,519,1 785,488,862,519,1 828,473,907,514,1 908,481,997,511,1 725,454,733,475,2 686,479,714,571,4 611,495,678,523,5 452,484,459,494,2 761,474,771,486,2
/data/user7/wt/datasets/M3FD/M3FD/VOCdevkit/VOC2007/JPEGImages/02945.jpg 273,447,398,588,5 389,514,432,567,1 404,517,446,551,1 453,504,522,564,1 519,493,633,603,1 619,495,679,532,1 669,499,754,530,1 729,490,789,525,1 785,495,828,521,1 822,482,910,521,1 851,492,941,523,1 993,486,1024,517,1 49,469,326,680,5 727,460,738,480,2 700,482,725,587,4 449,491,457,503,2 768,480,776,492,2
/data/user7/wt/datasets/M3FD/M3FD/VOCdevkit/VOC2007/JPEGImages/02946.jpg 451,519,766,768,1 708,535,757,578,1 399,541,483,636,1 305,556,407,596,1 202,553,242,585,1 66,559,136,575,1 264,548,308,565,1 793,521,904,572,1 982,531,1024,569,1 757,494,769,521,2 277,499,288,530,2 172,472,189,514,2 127,541,234,768,4 435,529,442,542,2 804,519,813,532,2
/data/user7/wt/datasets/M3FD/M3FD/VOCdevkit/VOC2007/JPEGImages/02948.jpg 400,542,483,634,1 451,517,769,768,1 707,522,786,582,1 832,536,894,571,1 861,536,934,573,1 989,537,1024,568,1 756,496,770,520,2 277,499,287,528,2 173,477,184,509,2 16,514,282,597,0 434,528,443,543,2 805,519,812,532,2 567,502,575,519,2
/data/user7/wt/datasets/M3FD/M3FD/VOCdevkit/VOC2007/JPEGImages/02949.jpg 358,550,419,613,1 400,548,482,641,1 450,523,766,768,1 704,529,746,590,1 831,544,885,582,1 939,543,1020,574,1 758,502,769,525,2 279,505,288,520,2 113,508,387,601,0 434,534,443,548,2 804,525,811,538,2 865,538,869,548,4 174,483,187,514,2 566,507,576,523,2
/data/user7/wt/datasets/M3FD/M3FD/VOCdevkit/VOC2007/JPEGImages/02950.jpg 314,548,396,623,1 400,548,481,643,1 449,526,767,768,1 769,550,815,588,1 887,546,967,580,1 964,543,1024,571,1 756,502,769,525,2 276,507,288,525,2 171,481,184,518,2 194,517,479,606,0 806,527,813,540,2 718,550,731,562,1 745,549,750,561,4 865,539,872,560,4 566,509,575,526,2
/data/user7/wt/datasets/M3FD/M3FD/VOCdevkit/VOC2007/JPEGImages/02951.jpg 157,566,260,602,1 233,559,264,603,1 260,551,358,631,1 397,548,485,642,1 451,526,768,765,1 718,551,791,590,1 778,546,819,578,1 835,548,914,582,1 756,500,769,524,2 278,505,286,526,2 174,483,186,516,2 255,505,531,602,0 865,538,871,547,4 804,525,812,538,2 567,505,576,524,2
/data/user7/wt/datasets/M3FD/M3FD/VOCdevkit/VOC2007/JPEGImages/02952.jpg 170,560,219,590,1 189,552,308,649,1 90,563,129,577,1 338,546,438,628,1 397,543,489,641,1 445,520,768,768,1 714,551,737,592,1 777,548,857,587,1 853,551,882,581,1 758,501,768,523,2 278,506,289,535,2 171,482,185,516,2 329,504,599,610,0 302,562,337,594,1 805,524,812,538,2 864,538,871,558,4
/data/user7/wt/datasets/M3FD/M3FD/VOCdevkit/VOC2007/JPEGImages/02954.jpg 2,548,141,716,1 157,557,256,602,1 226,548,368,650,1 302,532,432,617,1 397,542,487,640,1 449,520,769,768,1 276,502,288,531,2 172,479,184,514,2 587,497,881,584,0 434,532,444,545,2 566,505,575,521,2
/data/user7/wt/datasets/M3FD/M3FD/VOCdevkit/VOC2007/JPEGImages/02955.jpg 1,548,71,717,1 190,548,343,659,1 257,531,386,627,1 381,568,408,627,1 399,547,484,637,1 450,523,767,768,1 714,551,756,584,1 277,505,289,531,2 172,482,184,514,2 758,498,773,525,2 761,492,1023,583,0 742,545,749,552,1 719,547,728,554,1 436,533,444,546,2 567,506,575,522,2
/data/user7/wt/datasets/M3FD/M3FD/VOCdevkit/VOC2007/JPEGImages/02956.jpg 1,552,226,768,1 177,546,336,659,1 247,531,375,633,1 362,554,413,580,1 365,564,421,630,1 401,547,487,639,1 449,522,764,768,1 794,543,888,577,1 900,543,972,577,1 770,547,814,578,1 278,504,288,535,2 173,479,186,515,2 756,501,769,526,2 962,493,1024,572,0 804,524,813,539,2 716,546,728,556,1 740,545,749,553,1 435,533,443,547,2 566,507,575,524,2
/data/user7/wt/datasets/M3FD/M3FD/VOCdevkit/VOC2007/JPEGImages/02957.jpg 3,550,34,728,1 51,547,375,768,1 250,532,371,623,1 368,565,410,616,1 371,550,416,577,1 402,547,488,638,1 449,524,766,768,1 711,545,763,583,1 734,542,770,565,1 277,504,289,535,2 171,479,186,517,2 756,503,769,525,2 804,526,812,539,2 834,539,841,560,4 566,508,575,524,2 436,535,443,548,2
/data/user7/wt/datasets/M3FD/M3FD/VOCdevkit/VOC2007/JPEGImages/02958.jpg 1,567,245,768,1 161,556,256,644,1 211,551,422,711,1 377,554,416,586,1 402,550,485,639,1 447,527,765,768,1 865,545,933,581,1 906,543,1024,582,1 251,533,375,557,1 172,486,185,520,2 279,509,288,535,2 756,505,768,527,2 717,551,728,560,1 733,550,745,559,1 804,529,812,542,2 566,510,576,527,2 435,537,443,550,2
/data/user7/wt/datasets/M3FD/M3FD/VOCdevkit/VOC2007/JPEGImages/02959.jpg 3,570,312,768,1 191,556,312,631,1 245,537,372,566,1 256,556,437,692,1 405,554,484,633,1 440,528,782,768,1 723,550,816,589,1 170,486,181,525,2 277,513,289,539,2 758,507,770,531,2 808,532,817,546,2 566,514,576,529,2 435,541,441,553,2
/data/user7/wt/datasets/M3FD/M3FD/VOCdevkit/VOC2007/JPEGImages/02961.jpg 1,557,319,768,1 190,534,339,616,1 261,555,441,700,1 390,548,453,617,1 405,519,834,768,1 877,542,960,586,1 759,503,777,533,2 161,484,173,520,2 266,507,285,540,2 813,529,822,543,2 108,518,123,545,2 432,539,440,552,2 323,532,422,561,5
/data/user7/wt/datasets/M3FD/M3FD/VOCdevkit/VOC2007/JPEGImages/02962.jpg 2,558,43,595,1 2,563,196,623,1 4,568,332,768,1 124,535,302,605,1 262,560,439,708,1 389,557,460,636,1 398,521,836,768,1 271,514,282,540,2 160,487,173,519,2 760,509,774,534,2 105,520,120,547,2 811,533,823,547,2 430,541,441,556,2
/data/user7/wt/datasets/M3FD/M3FD/VOCdevkit/VOC2007/JPEGImages/02963.jpg 1,560,144,643,1 4,568,329,766,1 104,537,289,605,1 272,557,445,696,1 389,556,471,649,1 430,529,806,768,1 266,512,282,542,2 158,485,173,522,2 763,510,775,533,2 107,521,123,548,2 812,533,822,547,2 566,516,575,530,2 432,541,441,555,2
/data/user7/wt/datasets/M3FD/M3FD/VOCdevkit/VOC2007/JPEGImages/02964.jpg 1,561,79,656,1 1,570,340,768,1 66,533,266,584,1 253,565,305,603,1 287,560,449,694,1 411,556,491,644,1 450,532,777,768,1 156,486,172,521,2 267,510,282,542,2 762,507,776,533,2 107,521,123,539,2 813,532,822,546,2 434,543,440,554,2 567,515,577,536,2
/data/user7/wt/datasets/M3FD/M3FD/VOCdevkit/VOC2007/JPEGImages/02965.jpg 2,542,152,683,1 1,657,171,768,1 4,506,107,544,1 94,522,168,562,1 128,528,247,614,1 200,528,423,673,1 354,513,462,603,1 455,503,576,574,1 553,500,602,539,1 593,496,660,554,1 659,503,697,534,1 247,513,320,541,1 123,433,138,469,2 239,458,254,490,2 743,452,757,472,2 715,501,730,514,1 794,478,805,489,2 61,466,74,494,2 737,500,747,512,1 697,500,711,509,1 546,459,556,482,2 408,487,417,502,2
/data/user7/wt/datasets/M3FD/M3FD/VOCdevkit/VOC2007/JPEGImages/02967.jpg 1,564,200,768,1 8,527,108,570,1 60,509,236,623,1 152,533,355,662,1 304,517,420,603,1 388,514,482,576,1 425,509,472,533,1 474,503,581,574,1 545,499,599,558,1 616,509,649,538,1 636,508,664,532,1 585,512,612,534,1 26,432,40,467,2 159,456,174,490,2 693,449,709,483,2 488,461,496,485,2 339,492,349,506,2 748,480,760,495,2 720,502,732,526,4 665,504,680,518,1 684,504,698,519,1
/data/user7/wt/datasets/M3FD/M3FD/VOCdevkit/VOC2007/JPEGImages/02969.jpg 1,515,277,699,1 61,502,156,540,1 146,513,216,539,1 253,500,444,616,1 378,492,462,551,1 453,496,493,546,1 474,492,569,578,1 549,499,596,538,1 586,503,612,521,1 621,501,650,524,1 642,496,662,516,1 52,437,72,473,2 686,437,703,470,2 448,445,460,471,2 273,476,283,495,2 666,495,682,511,1 754,467,763,485,2
/data/user7/wt/datasets/M3FD/M3FD/VOCdevkit/VOC2007/JPEGImages/02971.jpg 71,496,105,525,1 100,498,158,524,1 155,515,220,536,1 182,495,213,523,1 496,505,558,556,1 654,498,673,514,1 616,498,631,512,1 132,497,184,521,1 603,498,626,545,4 32,497,70,520,1 1,518,42,538,1 8,501,62,524,1
/data/user7/wt/datasets/M3FD/M3FD/VOCdevkit/VOC2007/JPEGImages/02972.jpg 353,388,401,427,1 427,382,452,397,1 478,384,501,399,1 220,381,267,474,4 463,382,471,389,1 104,391,113,410,4
/data/user7/wt/datasets/M3FD/M3FD/VOCdevkit/VOC2007/JPEGImages/02973.jpg 340,398,387,438,1 410,390,436,410,1 457,393,485,414,1 139,399,184,500,4 445,393,454,401,1 73,407,84,436,4
/data/user7/wt/datasets/M3FD/M3FD/VOCdevkit/VOC2007/JPEGImages/02974.jpg 343,401,389,439,1 408,394,429,411,1 456,397,480,414,1 29,401,86,528,4 431,395,436,403,1 440,395,450,405,1 77,410,85,438,4
/data/user7/wt/datasets/M3FD/M3FD/VOCdevkit/VOC2007/JPEGImages/02975.jpg 349,398,390,432,1 407,389,429,405,1 454,393,478,412,1 440,390,449,401,1 40,404,51,435,4
/data/user7/wt/datasets/M3FD/M3FD/VOCdevkit/VOC2007/JPEGImages/02976.jpg 353,393,393,426,1 407,386,427,400,1 454,389,478,409,1 438,387,449,397,1 428,388,436,397,1 18,397,32,440,4
/data/user7/wt/datasets/M3FD/M3FD/VOCdevkit/VOC2007/JPEGImages/02977.jpg 358,401,392,432,1 401,396,421,412,1 449,400,476,418,1 1,441,101,640,1 419,396,430,409,1 432,396,443,406,1
/data/user7/wt/datasets/M3FD/M3FD/VOCdevkit/VOC2007/JPEGImages/02978.jpg 1,408,155,680,1 360,418,397,448,1 450,416,478,437,1 404,412,422,428,1 424,412,440,424,1
/data/user7/wt/datasets/M3FD/M3FD/VOCdevkit/VOC2007/JPEGImages/02979.jpg 2,400,185,630,1 363,405,397,435,1 403,401,423,416,1 449,404,479,426,1 422,401,436,410,1 436,399,447,409,1
/data/user7/wt/datasets/M3FD/M3FD/VOCdevkit/VOC2007/JPEGImages/02980.jpg 1,410,214,605,1 369,413,400,442,1 409,409,423,423,1 451,411,483,433,1 428,406,442,419,1 442,405,456,419,1
/data/user7/wt/datasets/M3FD/M3FD/VOCdevkit/VOC2007/JPEGImages/02981.jpg 3,401,240,576,1 376,404,406,432,1 413,399,429,412,1 458,402,489,426,1 428,398,438,410,1 443,397,458,409,1
/data/user7/wt/datasets/M3FD/M3FD/VOCdevkit/VOC2007/JPEGImages/02983.jpg 109,399,293,533,1 390,402,419,428,1 424,397,439,412,1 469,400,503,426,1 438,397,450,409,1 450,397,461,409,1
/data/user7/wt/datasets/M3FD/M3FD/VOCdevkit/VOC2007/JPEGImages/02984.jpg 146,406,310,529,1 395,410,424,435,1 474,409,507,436,1 422,404,444,421,1 451,405,466,416,1
/data/user7/wt/datasets/M3FD/M3FD/VOCdevkit/VOC2007/JPEGImages/02987.jpg 68,420,203,518,1 305,412,392,485,1 410,418,436,438,1 429,409,452,428,1 495,416,543,455,1 193,403,243,436,5
/data/user7/wt/datasets/M3FD/M3FD/VOCdevkit/VOC2007/JPEGImages/02989.jpg 117,409,181,443,5 143,428,248,509,1 332,421,408,485,1 415,426,437,446,1 429,420,449,437,1 505,427,567,471,1
/data/user7/wt/datasets/M3FD/M3FD/VOCdevkit/VOC2007/JPEGImages/02990.jpg 61,403,143,449,5 170,424,264,497,1 342,416,416,479,1 416,418,439,439,1 433,416,451,434,1 510,423,575,474,1
/data/user7/wt/datasets/M3FD/M3FD/VOCdevkit/VOC2007/JPEGImages/02991.jpg 1,393,69,451,5 201,419,286,487,1 359,414,428,471,1 417,414,440,437,1 433,412,450,430,1 521,418,597,478,1
/data/user7/wt/datasets/M3FD/M3FD/VOCdevkit/VOC2007/JPEGImages/02993.jpg 142,428,177,446,1 214,418,246,435,1 236,424,310,486,1 383,420,447,476,1 433,419,450,439,1 548,425,653,505,1 458,420,473,432,1
/data/user7/wt/datasets/M3FD/M3FD/VOCdevkit/VOC2007/JPEGImages/02994.jpg 72,429,117,449,1 153,424,201,443,1 255,425,323,480,1 400,420,458,468,1 578,426,717,529,1
/data/user7/wt/datasets/M3FD/M3FD/VOCdevkit/VOC2007/JPEGImages/02995.jpg 4,430,54,451,1 83,421,147,449,1 264,424,328,476,1 405,418,464,468,1 608,427,793,556,1
/data/user7/wt/datasets/M3FD/M3FD/VOCdevkit/VOC2007/JPEGImages/02996.jpg 1,423,50,449,1 274,425,334,473,1 415,420,467,466,1 674,430,990,625,1 256,424,286,435,1
/data/user7/wt/datasets/M3FD/M3FD/VOCdevkit/VOC2007/JPEGImages/02997.jpg 235,401,290,443,1 378,395,429,440,1 350,393,376,420,1 320,397,347,420,1 33,399,70,420,1 489,391,505,437,4 478,396,490,428,4
/data/user7/wt/datasets/M3FD/M3FD/VOCdevkit/VOC2007/JPEGImages/02998.jpg 228,428,284,471,1 1,429,39,479,1 377,421,434,469,1 342,416,377,451,1 327,422,354,446,1 504,424,525,459,4 522,412,555,478,4
/data/user7/wt/datasets/M3FD/M3FD/VOCdevkit/VOC2007/JPEGImages/02999.jpg 228,432,282,478,1 346,423,376,456,1 370,423,387,444,1 380,424,435,475,1 336,427,347,451,1 520,427,545,468,4 542,419,595,496,4
/data/user7/wt/datasets/M3FD/M3FD/VOCdevkit/VOC2007/JPEGImages/03001.jpg 372,432,428,479,1 477,427,520,467,1 513,423,538,458,1 468,428,486,453,1 539,428,594,478,1 221,428,269,450,5
/data/user7/wt/datasets/M3FD/M3FD/VOCdevkit/VOC2007/JPEGImages/03002.jpg 184,439,247,462,5 372,443,430,489,1 480,433,520,477,1 515,431,537,466,1 462,438,488,465,1 543,438,599,490,1 170,457,213,486,1
/data/user7/wt/datasets/M3FD/M3FD/VOCdevkit/VOC2007/JPEGImages/03003.jpg 113,428,178,459,5 371,434,428,480,1 480,425,525,468,1 460,431,489,455,1 513,424,537,453,1 547,426,603,477,1 7,448,97,501,1 498,404,505,417,2 505,404,511,418,2
/data/user7/wt/datasets/M3FD/M3FD/VOCdevkit/VOC2007/JPEGImages/03004.jpg 1,439,56,482,5 359,447,419,494,1 454,440,480,467,1 472,436,520,483,1 509,433,537,469,1 546,439,601,489,1 493,415,499,428,2 499,415,505,429,2
/data/user7/wt/datasets/M3FD/M3FD/VOCdevkit/VOC2007/JPEGImages/03005.jpg 345,436,407,483,1 442,430,471,455,1 463,425,512,470,1 500,422,523,456,1 541,426,594,475,1 483,401,489,414,2 489,401,496,414,2
/data/user7/wt/datasets/M3FD/M3FD/VOCdevkit/VOC2007/JPEGImages/03006.jpg 322,432,390,486,1 424,421,456,457,1 451,420,498,470,1 483,417,511,459,1 530,424,588,474,1 472,395,478,410,2 478,396,485,410,2
/data/user7/wt/datasets/M3FD/M3FD/VOCdevkit/VOC2007/JPEGImages/03007.jpg 305,439,377,493,1 415,435,448,462,1 440,428,486,478,1 475,426,505,466,1 523,432,580,479,1 462,400,470,416,2 470,401,477,417,2
/data/user7/wt/datasets/M3FD/M3FD/VOCdevkit/VOC2007/JPEGImages/03008.jpg 279,447,358,505,1 401,437,437,470,1 425,429,480,483,1 459,427,493,472,1 514,432,574,485,1 454,404,462,419,2 462,403,468,419,2
/data/user7/wt/datasets/M3FD/M3FD/VOCdevkit/VOC2007/JPEGImages/03009.jpg 262,442,347,505,1 398,436,429,470,1 420,428,475,483,1 466,431,494,470,1 516,430,571,482,1 453,400,460,415,2 460,399,467,415,2
/data/user7/wt/datasets/M3FD/M3FD/VOCdevkit/VOC2007/JPEGImages/03010.jpg 242,428,335,503,1 390,427,424,462,1 411,418,470,481,1 461,425,494,465,1 513,422,570,474,1 450,389,457,405,2 458,388,465,405,2
/data/user7/wt/datasets/M3FD/M3FD/VOCdevkit/VOC2007/JPEGImages/03011.jpg 225,439,324,506,1 385,428,416,465,1 405,418,472,482,1 462,423,498,465,1 514,423,570,474,1 457,430,483,466,1 450,391,458,407,2 459,391,466,407,2
/data/user7/wt/datasets/M3FD/M3FD/VOCdevkit/VOC2007/JPEGImages/03012.jpg 202,445,309,515,1 384,434,409,470,1 394,425,465,490,1 459,430,500,471,1 517,428,573,478,1 453,437,482,477,1 450,393,458,410,2 458,392,466,410,2
/data/user7/wt/datasets/M3FD/M3FD/VOCdevkit/VOC2007/JPEGImages/03013.jpg 182,451,299,528,1 363,435,402,476,1 387,431,466,503,1 456,436,499,479,1 517,437,574,487,1 451,442,482,485,1 450,400,457,417,2 458,399,466,417,2
/data/user7/wt/datasets/M3FD/M3FD/VOCdevkit/VOC2007/JPEGImages/03014.jpg 31,434,112,462,1 128,450,267,537,1 307,432,353,453,1 366,430,455,511,1 442,442,477,488,1 465,440,496,480,1 517,433,575,486,1 442,394,451,413,2 452,392,461,412,2
/data/user7/wt/datasets/M3FD/M3FD/VOCdevkit/VOC2007/JPEGImages/03016.jpg 51,456,220,555,1 325,433,440,525,1 422,445,467,490,1 448,443,484,484,1 512,439,571,490,1 248,439,280,461,1 427,393,436,414,2 438,393,447,413,2 611,435,644,445,1
/data/user7/wt/datasets/M3FD/M3FD/VOCdevkit/VOC2007/JPEGImages/03017.jpg 16,459,198,566,1 2,459,62,503,1 304,431,431,536,1 419,445,464,498,1 451,444,479,486,1 517,439,575,490,1 409,444,428,468,1 212,440,240,465,1 424,391,433,412,2 436,391,445,412,2 620,436,643,448,1
/data/user7/wt/datasets/M3FD/M3FD/VOCdevkit/VOC2007/JPEGImages/03018.jpg 1,466,187,576,1 289,438,423,549,1 411,451,463,501,1 452,451,474,494,1 521,443,580,497,1 122,447,160,468,1 422,394,432,417,2 434,394,444,417,2 625,441,657,454,1
/data/user7/wt/datasets/M3FD/M3FD/VOCdevkit/VOC2007/JPEGImages/03019.jpg 133,430,163,467,1 87,431,114,460,1 158,435,192,460,1 248,443,286,474,1 1,454,174,574,1 267,425,416,549,1 404,439,461,493,1 528,434,585,485,1 418,379,429,404,2 431,378,441,402,2 633,430,670,444,1
/data/user7/wt/datasets/M3FD/M3FD/VOCdevkit/VOC2007/JPEGImages/03020.jpg 2,486,157,611,1 86,462,120,489,1 175,462,209,479,1 218,470,258,502,1 249,451,412,583,1 395,467,456,521,1 532,456,596,512,1 163,466,183,482,1 414,402,427,427,2 429,401,440,426,2 640,455,681,468,1
/data/user7/wt/datasets/M3FD/M3FD/VOCdevkit/VOC2007/JPEGImages/03021.jpg 1,474,126,617,1 1,451,55,480,1 105,453,148,480,1 140,457,166,479,1 167,459,205,493,1 188,451,232,499,1 216,439,407,595,1 381,458,447,515,1 545,447,623,508,1 163,451,202,469,1 75,450,118,478,1 412,387,422,413,2 425,386,437,413,2 655,445,689,458,1
/data/user7/wt/datasets/M3FD/M3FD/VOCdevkit/VOC2007/JPEGImages/03023.jpg 1,493,58,609,1 1,447,42,474,1 30,443,87,474,1 77,449,145,495,1 148,456,176,486,1 158,431,394,615,1 353,450,413,511,1 591,439,686,506,1 679,438,728,454,1 400,371,412,402,2 414,369,428,400,2
/data/user7/wt/datasets/M3FD/M3FD/VOCdevkit/VOC2007/JPEGImages/03024.jpg 1,545,20,630,1 1,456,26,487,1 16,458,86,510,1 82,451,118,499,1 114,460,146,516,1 100,466,122,502,1 118,441,379,641,1 336,466,384,526,1 623,451,728,520,1 692,448,740,466,1 391,461,409,498,4 10,455,41,486,1 390,379,405,409,2 407,378,421,409,2
/data/user7/wt/datasets/M3FD/M3FD/VOCdevkit/VOC2007/JPEGImages/03025.jpg 5,431,39,455,1 19,437,82,492,1 52,413,346,638,1 303,442,334,485,1 672,427,794,500,1 390,439,411,479,4 377,348,391,382,2 395,347,410,381,2
/data/user7/wt/datasets/M3FD/M3FD/VOCdevkit/VOC2007/JPEGImages/03027.jpg 1,423,259,683,1 697,433,760,455,1 791,431,963,521,1 384,451,412,497,4 341,344,358,383,2 364,343,380,382,2
/data/user7/wt/datasets/M3FD/M3FD/VOCdevkit/VOC2007/JPEGImages/03028.jpg 588,442,651,468,1 251,454,282,512,4 120,313,146,366,2 151,312,174,364,2
/data/user7/wt/datasets/M3FD/M3FD/VOCdevkit/VOC2007/JPEGImages/03029.jpg 110,259,770,704,5
/data/user7/wt/datasets/M3FD/M3FD/VOCdevkit/VOC2007/JPEGImages/03030.jpg 642,496,741,582,1 871,446,944,491,1 849,451,883,490,0 609,498,629,513,1 530,503,549,521,1 980,449,1023,482,0 898,482,928,574,4 942,491,973,569,4 781,496,797,536,4 505,503,516,530,4 588,499,603,512,1 637,497,650,509,1 627,497,635,505,1
/data/user7/wt/datasets/M3FD/M3FD/VOCdevkit/VOC2007/JPEGImages/03031.jpg 389,487,420,513,1 424,491,449,509,1 553,483,648,564,1 805,422,846,474,0 840,411,937,494,1 938,420,1020,487,0 713,479,732,525,4 398,496,411,524,4 489,485,506,500,1 509,486,530,502,1 540,484,553,494,1 636,481,645,508,4
/data/user7/wt/datasets/M3FD/M3FD/VOCdevkit/VOC2007/JPEGImages/03032.jpg 372,466,402,494,1 413,472,435,494,1 477,465,503,487,1 494,464,519,486,1 513,460,529,479,1 528,460,547,479,1 549,460,572,481,1 548,466,643,547,1 829,393,885,452,0 870,382,991,482,1 974,400,1024,468,1 725,455,751,513,4 383,477,397,510,4 639,463,647,491,4
/data/user7/wt/datasets/M3FD/M3FD/VOCdevkit/VOC2007/JPEGImages/03033.jpg 324,474,356,505,1 370,478,397,504,1 444,475,463,490,1 465,473,488,496,1 501,473,515,483,1 517,472,607,551,1 943,361,1024,459,1 878,383,946,457,0 745,463,775,525,4 324,482,339,526,4 624,468,633,502,4 525,472,543,485,1
/data/user7/wt/datasets/M3FD/M3FD/VOCdevkit/VOC2007/JPEGImages/03034.jpg 329,459,353,486,1 368,464,397,491,1 448,459,469,476,1 468,460,491,482,1 487,460,499,473,1 523,460,608,531,1 929,354,1024,438,0 777,447,815,520,4 316,470,333,514,4 507,458,519,468,1 497,451,511,464,0 635,457,646,488,4 531,454,547,469,1
/data/user7/wt/datasets/M3FD/M3FD/VOCdevkit/VOC2007/JPEGImages/03037.jpg 243,425,275,461,1 296,429,340,461,1 422,423,458,456,1 456,422,474,440,1 498,419,575,486,1 488,419,500,430,1 659,414,676,460,4 184,439,208,500,4 474,414,487,428,0 469,420,481,431,1
/data/user7/wt/datasets/M3FD/M3FD/VOCdevkit/VOC2007/JPEGImages/03038.jpg 203,438,228,478,1 255,443,306,478,1 286,440,322,461,1 388,437,431,474,1 431,436,453,454,1 478,436,552,497,1 470,431,483,444,1 109,453,131,528,4 659,428,674,477,4 453,425,467,441,0 447,434,458,449,1
/data/user7/wt/datasets/M3FD/M3FD/VOCdevkit/VOC2007/JPEGImages/03039.jpg 168,412,185,452,1 219,414,277,454,1 270,413,290,441,1 359,413,410,454,1 412,411,438,432,1 464,409,536,472,1 664,402,685,458,4 26,424,57,517,4 433,409,444,425,1 440,400,456,417,0 457,406,472,419,1
/data/user7/wt/datasets/M3FD/M3FD/VOCdevkit/VOC2007/JPEGImages/03040.jpg 2,437,44,480,1 133,423,196,467,1 189,432,262,471,1 226,426,273,456,1 273,427,301,438,1 326,423,397,478,1 381,420,406,439,1 407,421,437,444,1 431,421,449,437,1 451,410,460,426,0 463,415,478,428,1 465,416,536,479,1 702,407,726,479,4
/data/user7/wt/datasets/M3FD/M3FD/VOCdevkit/VOC2007/JPEGImages/03041.jpg 66,432,139,490,1 120,438,218,499,1 187,433,332,540,1 374,430,398,455,1 385,432,425,466,1 423,430,449,453,1 439,428,454,444,1 450,419,465,437,0 469,426,535,487,1 792,412,830,493,4 469,426,485,439,1
/data/user7/wt/datasets/M3FD/M3FD/VOCdevkit/VOC2007/JPEGImages/03042.jpg 186,427,280,490,1 255,428,367,513,1 455,416,514,469,1 521,414,565,455,1 358,433,372,453,3 358,423,372,437,4 424,401,465,446,0 265,426,307,443,1
/data/user7/wt/datasets/M3FD/M3FD/VOCdevkit/VOC2007/JPEGImages/03043.jpg 78,449,146,471,1 101,453,301,573,1 139,437,236,483,1 230,430,300,483,1 454,421,513,476,1 523,421,577,463,1 344,443,366,467,3 343,428,365,443,4 418,404,461,452,0
/data/user7/wt/datasets/M3FD/M3FD/VOCdevkit/VOC2007/JPEGImages/03044.jpg 1,429,115,553,1 97,429,215,522,1 454,418,514,474,1 538,417,594,470,1 308,443,337,475,3 313,425,337,451,4 398,397,457,459,0
/data/user7/wt/datasets/M3FD/M3FD/VOCdevkit/VOC2007/JPEGImages/03045.jpg 2,465,21,516,1 8,459,45,516,1 414,424,453,455,1 479,420,545,480,1 568,419,603,473,1 588,420,620,483,1 603,406,743,520,1 126,467,181,525,3 131,434,169,509,4 179,343,410,529,0 459,421,481,447,5
/data/user7/wt/datasets/M3FD/M3FD/VOCdevkit/VOC2007/JPEGImages/03046.jpg 404,431,441,460,1 478,428,545,483,1 577,429,631,485,1 596,431,650,492,1 627,404,818,558,1 1,278,360,618,0 450,426,471,451,5
/data/user7/wt/datasets/M3FD/M3FD/VOCdevkit/VOC2007/JPEGImages/03047.jpg 382,458,421,491,1 468,454,537,518,1 574,455,644,523,1 598,457,686,536,1 654,423,990,658,1 433,455,456,480,5 453,463,468,478,1 1,249,222,730,0
/data/user7/wt/datasets/M3FD/M3FD/VOCdevkit/VOC2007/JPEGImages/03048.jpg 9,485,47,508,1 151,473,212,494,1 260,464,306,481,1 303,447,365,498,1 421,455,439,471,1 445,453,455,465,1 453,456,471,468,1 467,456,479,465,1 478,453,496,468,1 488,446,567,516,1 772,451,1024,768,1 397,441,424,476,5 63,477,135,503,1
/data/user7/wt/datasets/M3FD/M3FD/VOCdevkit/VOC2007/JPEGImages/03049.jpg 4,463,76,510,1 107,464,186,488,1 211,457,262,478,1 247,452,281,473,1 279,437,350,493,1 392,433,420,468,5 416,446,433,466,1 441,445,448,458,1 447,446,463,462,1 460,447,473,458,1 475,445,493,460,1 491,436,574,510,1 350,445,357,460,4
/data/user7/wt/datasets/M3FD/M3FD/VOCdevkit/VOC2007/JPEGImages/03050.jpg 20,463,109,489,1 120,460,160,483,1 212,436,297,503,1 386,444,407,463,1 354,429,389,468,5 416,443,423,457,1 423,442,438,459,1 435,443,448,456,1 450,443,470,461,1 469,440,480,458,1 473,436,555,511,1 160,462,182,480,1 178,460,197,477,1
/data/user7/wt/datasets/M3FD/M3FD/VOCdevkit/VOC2007/JPEGImages/03051.jpg 3,415,160,522,1 237,427,266,443,1 320,405,364,455,5 361,421,389,446,1 403,421,428,445,1 428,423,439,439,1 442,420,463,448,1 450,412,542,498,1 288,422,299,441,4 202,432,242,445,1
/data/user7/wt/datasets/M3FD/M3FD/VOCdevkit/VOC2007/JPEGImages/03053.jpg 1,477,43,508,1 44,474,120,497,1 98,468,158,495,1 163,457,210,485,1 255,424,332,505,5 346,456,387,490,1 380,452,430,497,1 428,456,455,479,1 456,445,552,534,1 174,452,188,497,4 204,454,218,491,4 467,430,471,438,2 519,428,523,438,2
/data/user7/wt/datasets/M3FD/M3FD/VOCdevkit/VOC2007/JPEGImages/03054.jpg 11,486,97,502,1 59,478,125,498,1 110,470,145,493,1 151,462,205,487,1 206,462,239,482,1 232,423,318,511,5 316,456,349,488,1 337,456,371,493,1 356,456,419,505,1 423,458,453,482,1 440,453,454,468,1 459,448,559,535,1 141,458,156,504,4 459,461,467,469,3 461,457,465,463,4 472,432,476,440,2 525,430,529,440,2 176,461,193,506,4
/data/user7/wt/datasets/M3FD/M3FD/VOCdevkit/VOC2007/JPEGImages/03055.jpg 21,481,88,503,1 62,481,118,498,1 132,466,181,490,1 189,418,294,524,5 295,454,387,530,1 416,463,451,489,1 444,454,460,473,1 462,457,485,485,1 468,448,566,536,1 77,459,96,508,4 122,457,140,522,4 478,430,483,440,2 533,429,538,440,2
/data/user7/wt/datasets/M3FD/M3FD/VOCdevkit/VOC2007/JPEGImages/03056.jpg 19,479,108,502,1 91,467,153,493,1 148,416,269,536,5 198,456,341,565,1 324,459,371,503,1 413,460,449,492,1 446,454,462,474,1 456,460,484,487,1 474,449,576,539,1 11,459,36,516,4 67,460,91,538,4 481,427,488,440,2 539,428,546,441,2
/data/user7/wt/datasets/M3FD/M3FD/VOCdevkit/VOC2007/JPEGImages/03057.jpg 1,451,182,684,1 71,401,235,536,5 237,449,330,485,1 293,451,359,502,1 404,456,446,490,1 447,452,496,480,1 481,444,585,537,1 488,420,493,432,2 546,420,552,432,2 475,451,484,487,4 448,448,468,461,1 605,446,615,477,4
/data/user7/wt/datasets/M3FD/M3FD/VOCdevkit/VOC2007/JPEGImages/03058.jpg 1,389,85,577,5 73,459,146,509,1 174,454,262,497,1 223,455,314,520,1 309,450,338,472,1 354,455,422,514,1 410,458,465,487,1 443,445,465,478,1 483,445,594,538,1 610,444,623,488,4 440,456,458,497,4 546,417,553,433,2 312,454,327,496,4 474,457,482,467,3 475,450,480,459,4 487,421,492,432,2
/data/user7/wt/datasets/M3FD/M3FD/VOCdevkit/VOC2007/JPEGImages/03059.jpg 1,461,53,507,1 85,473,127,505,1 99,454,226,550,1 179,465,336,577,1 308,458,382,497,1 259,453,292,465,1 431,446,452,472,1 474,448,590,547,1 372,453,401,509,4 615,444,630,496,4 476,415,483,430,2 544,416,550,430,2 160,454,255,473,1 275,449,303,465,1 468,454,478,469,3 470,449,475,460,4
/data/user7/wt/datasets/M3FD/M3FD/VOCdevkit/VOC2007/JPEGImages/03060.jpg 1,496,117,699,1 1,459,153,566,1 82,460,213,523,1 212,467,301,504,1 213,453,270,477,1 249,453,281,467,1 420,451,445,476,1 460,444,581,554,1 321,459,348,524,4 627,446,645,508,4 217,463,235,520,4 541,418,547,432,2 473,420,481,432,2 789,400,942,474,0 462,460,475,474,3 463,453,472,463,4
/data/user7/wt/datasets/M3FD/M3FD/VOCdevkit/VOC2007/JPEGImages/03063.jpg 335,486,388,540,1 506,488,561,505,1 1,501,76,536,1 10,489,92,524,1 208,523,244,578,3 468,448,476,463,2 564,446,571,463,2 213,497,242,563,4 469,485,480,505,4 420,471,426,482,2 426,471,431,482,2 468,493,479,504,3
/data/user7/wt/datasets/M3FD/M3FD/VOCdevkit/VOC2007/JPEGImages/03064.jpg 301,473,363,530,1 392,468,454,495,1 465,470,522,493,1 524,474,551,488,1 78,523,128,598,3 409,454,415,466,2 460,429,468,448,2 559,428,570,448,2 85,488,125,566,4 536,475,558,488,1 552,476,566,485,1 416,454,421,465,2 618,454,624,463,2 604,445,614,464,2
/data/user7/wt/datasets/M3FD/M3FD/VOCdevkit/VOC2007/JPEGImages/03065.jpg 275,455,346,520,1 420,451,492,482,1 594,453,647,476,1 561,411,568,429,2 403,436,410,447,2 610,428,618,445,2 408,436,416,446,2 456,412,464,430,2 502,458,511,474,4 521,460,528,475,4 618,432,624,446,2
/data/user7/wt/datasets/M3FD/M3FD/VOCdevkit/VOC2007/JPEGImages/03066.jpg 226,465,311,543,1 379,466,443,490,1 458,465,534,494,1 548,466,618,490,1 438,464,450,491,4 387,448,393,460,2 444,424,450,441,2 554,421,561,440,2 394,449,399,460,2 606,439,615,458,2 615,442,623,457,2
/data/user7/wt/datasets/M3FD/M3FD/VOCdevkit/VOC2007/JPEGImages/03069.jpg 1,464,109,609,1 299,467,386,497,1 385,464,466,494,1 618,464,699,499,1 100,466,157,498,1 331,441,341,456,2 401,410,410,433,2 532,411,541,433,2 464,468,472,490,4 378,467,385,490,4 487,472,494,487,4 477,472,499,486,1 486,472,508,484,1 498,472,517,484,1 602,434,613,457,2 615,433,624,453,2
/data/user7/wt/datasets/M3FD/M3FD/VOCdevkit/VOC2007/JPEGImages/03070.jpg 8,455,91,485,1 315,446,394,477,1 353,451,447,481,1 452,450,460,476,4 460,451,469,476,4 47,448,96,467,1 315,423,324,438,2 390,389,402,415,2 530,390,542,415,2 706,450,725,478,1 324,424,332,439,2 487,456,494,473,4 471,457,497,469,1 483,456,507,469,1 494,455,523,468,1 611,412,624,435,2 625,413,635,435,2
/data/user7/wt/datasets/M3FD/M3FD/VOCdevkit/VOC2007/JPEGImages/03071.jpg 248,451,342,482,1 1,453,24,488,1 409,459,509,492,1 371,450,387,484,4 619,428,628,444,2 531,392,544,418,2 382,390,393,417,2 300,427,313,439,2 359,457,370,482,4 487,463,493,470,4 477,461,506,475,1 493,460,514,473,1 372,461,390,484,3 624,414,635,440,2 635,415,648,439,2
/data/user7/wt/datasets/M3FD/M3FD/VOCdevkit/VOC2007/JPEGImages/03072.jpg 179,437,241,476,1 463,450,489,467,1 506,449,619,487,1 289,438,303,474,4 455,448,463,471,4 278,413,288,431,2 368,374,381,401,2 533,374,546,402,2 287,412,296,431,2 447,448,454,472,4 485,450,492,468,4 478,451,503,465,4 489,450,519,465,4 632,416,642,433,2 354,451,377,475,3 359,436,373,475,4 348,445,359,473,4 625,416,633,433,2 642,396,658,425,2 657,397,672,425,2
/data/user7/wt/datasets/M3FD/M3FD/VOCdevkit/VOC2007/JPEGImages/03073.jpg 110,445,158,485,1 468,462,491,477,1 505,460,529,473,1 600,458,725,501,1 727,470,750,495,1 277,445,292,485,4 447,460,456,485,4 457,457,467,481,4 264,418,274,436,2 363,379,376,408,2 541,380,556,409,2 639,424,648,442,2 667,397,686,433,2 276,418,285,437,2 479,460,510,478,1 492,460,500,478,4 648,424,659,442,2 345,458,369,487,3 356,445,368,488,4 346,455,356,484,4 688,401,703,431,2
/data/user7/wt/datasets/M3FD/M3FD/VOCdevkit/VOC2007/JPEGImages/03074.jpg 635,442,765,486,1 737,448,789,495,1 251,435,264,477,4 330,453,355,479,3 332,435,354,470,4 237,405,249,424,2 348,361,362,393,2 542,360,557,393,2 661,408,671,427,2 698,375,720,415,2 651,407,661,427,2 446,448,453,474,4 251,404,263,427,2 454,448,463,473,4 464,447,470,471,4 493,450,498,467,4 472,451,492,465,1 477,449,508,465,1 495,447,528,463,1 515,447,537,462,1 532,447,549,461,1 720,375,739,415,2
/data/user7/wt/datasets/M3FD/M3FD/VOCdevkit/VOC2007/JPEGImages/03075.jpg 546,449,708,499,1 878,456,1005,501,1 223,442,241,488,4 314,437,336,493,4 209,409,223,431,2 332,361,349,396,2 542,362,558,397,2 670,414,684,435,2 734,370,756,419,2 311,462,339,490,3 223,408,239,431,2 441,456,450,482,4 448,454,461,484,4 459,456,468,480,4 489,457,498,474,4 503,457,509,464,4 468,458,491,476,1 473,455,505,474,1 496,455,527,470,1 514,455,539,470,1 530,455,551,468,1 759,369,781,419,2
/data/user7/wt/datasets/M3FD/M3FD/VOCdevkit/VOC2007/JPEGImages/03076.jpg 365,450,559,508,1 516,456,541,467,1 169,437,190,494,4 273,442,297,495,4 291,454,311,501,4 155,402,171,431,2 297,350,320,393,2 533,353,552,394,2 678,409,694,436,2 269,463,298,495,3 788,343,819,406,2 821,344,852,407,2 175,403,186,431,2 667,409,678,433,2
/data/user7/wt/datasets/M3FD/M3FD/VOCdevkit/VOC2007/JPEGImages/03077.jpg 205,450,417,514,1 122,434,146,502,4 108,398,126,434,2 268,344,289,392,2 522,346,541,392,2 680,405,698,438,2 236,442,263,472,4 846,318,882,394,2 890,319,928,398,2 130,401,141,430,2 410,462,419,489,4 419,458,435,491,4 465,460,474,485,4 436,463,467,482,1 446,460,480,481,1 467,462,491,479,1 479,462,502,475,1 491,460,516,476,1 506,459,530,473,1
/data/user7/wt/datasets/M3FD/M3FD/VOCdevkit/VOC2007/JPEGImages/03078.jpg 993,498,1024,545,1 118,443,153,523,4 182,468,206,519,4 111,479,138,524,3 168,332,196,383,2 475,338,497,387,2 666,407,686,440,2 348,473,360,504,4 359,469,376,504,4 377,471,388,501,4 415,470,424,496,4 433,470,439,480,4 383,473,414,489,1 390,470,425,488,1 411,470,440,492,1 438,474,453,490,1 441,471,468,490,1 452,469,474,485,1 464,469,482,482,1 651,410,667,440,2
/data/user7/wt/datasets/M3FD/M3FD/VOCdevkit/VOC2007/JPEGImages/03079.jpg 529,443,888,576,1 168,451,182,490,4 183,451,200,491,4 200,446,212,491,4 295,287,323,349,2 529,368,553,411,2 512,368,530,410,2 251,452,262,480,4 210,456,247,478,1 211,453,266,477,1 237,451,278,476,1 271,456,295,476,1 275,453,307,471,1
/data/user7/wt/datasets/M3FD/M3FD/VOCdevkit/VOC2007/JPEGImages/03080.jpg 143,489,194,522,1 181,488,235,516,1 238,488,267,499,1 252,488,709,671,1 99,488,117,533,4 117,491,137,530,4 136,485,151,536,4 231,318,258,381,2 478,401,504,447,2 191,491,206,524,4 456,404,479,445,2
/data/user7/wt/datasets/M3FD/M3FD/VOCdevkit/VOC2007/JPEGImages/03081.jpg 434,478,456,495,1 437,481,463,509,1 445,490,535,570,1 526,475,558,519,5 392,480,412,494,1 350,476,366,487,1 340,477,351,488,1
/data/user7/wt/datasets/M3FD/M3FD/VOCdevkit/VOC2007/JPEGImages/03082.jpg 341,476,359,486,1 376,478,397,492,1 418,475,439,497,1 427,479,449,500,1 431,487,522,562,1 516,471,556,516,5 332,474,347,484,1
/data/user7/wt/datasets/M3FD/M3FD/VOCdevkit/VOC2007/JPEGImages/03083.jpg 356,432,373,442,1 390,434,410,450,1 432,432,453,454,1 438,434,464,457,1 449,441,536,517,1 533,429,578,475,5 349,434,358,443,1 410,433,417,448,4
/data/user7/wt/datasets/M3FD/M3FD/VOCdevkit/VOC2007/JPEGImages/03084.jpg 237,452,402,577,1 380,450,436,500,1 446,451,476,475,1 467,454,500,481,1 497,447,528,460,1 512,448,619,541,1 497,454,525,469,1 196,461,207,478,4
/data/user7/wt/datasets/M3FD/M3FD/VOCdevkit/VOC2007/JPEGImages/03085.jpg 1,444,267,754,1 345,448,425,514,1 447,448,479,473,1 472,452,501,477,1 501,445,539,464,1 505,445,618,537,1
/data/user7/wt/datasets/M3FD/M3FD/VOCdevkit/VOC2007/JPEGImages/03087.jpg 30,445,306,636,1 451,450,473,474,1 472,452,507,481,1 499,449,530,467,1 504,447,617,541,1 610,447,624,490,4
/data/user7/wt/datasets/M3FD/M3FD/VOCdevkit/VOC2007/JPEGImages/03088.jpg 449,453,477,477,1 475,453,509,482,1 498,451,526,469,1 503,448,616,544,1 595,438,621,461,1 633,445,649,500,4
/data/user7/wt/datasets/M3FD/M3FD/VOCdevkit/VOC2007/JPEGImages/03089.jpg 451,455,479,479,1 476,457,508,482,1 501,450,616,545,1 609,437,637,461,1 657,448,676,509,4
/data/user7/wt/datasets/M3FD/M3FD/VOCdevkit/VOC2007/JPEGImages/03090.jpg 452,454,479,478,1 474,459,504,483,1 497,453,520,471,1 502,453,615,544,1 623,437,655,461,1 683,446,703,516,4
/data/user7/wt/datasets/M3FD/M3FD/VOCdevkit/VOC2007/JPEGImages/03091.jpg 448,455,480,480,1 465,459,502,485,1 497,456,517,474,1 492,453,607,547,1 639,436,671,462,1 727,444,755,536,4 577,447,637,473,1
/data/user7/wt/datasets/M3FD/M3FD/VOCdevkit/VOC2007/JPEGImages/03092.jpg 449,453,474,480,1 462,458,498,485,1 488,455,605,548,1 647,434,693,461,1 584,446,653,472,1 776,441,813,555,4
/data/user7/wt/datasets/M3FD/M3FD/VOCdevkit/VOC2007/JPEGImages/03093.jpg 456,449,486,474,1 461,453,496,483,1 497,447,611,546,1 589,441,645,474,1 614,438,699,473,1 697,425,759,452,1
/data/user7/wt/datasets/M3FD/M3FD/VOCdevkit/VOC2007/JPEGImages/03094.jpg 456,452,491,483,1 491,451,615,551,1 599,443,674,477,1 636,442,731,479,1 730,424,805,470,1
/data/user7/wt/datasets/M3FD/M3FD/VOCdevkit/VOC2007/JPEGImages/03095.jpg 454,456,488,484,1 476,454,504,482,1 497,450,631,557,1 620,446,686,488,1 657,438,763,488,1 709,435,840,489,1 841,412,981,484,1 600,450,620,482,1
/data/user7/wt/datasets/M3FD/M3FD/VOCdevkit/VOC2007/JPEGImages/03096.jpg 463,461,500,488,1 496,458,523,482,1 513,455,647,565,1 617,454,663,501,1 659,450,734,496,1 704,439,823,500,1 727,447,824,499,1 767,438,909,499,1 938,409,1024,496,1 398,456,419,472,1
/data/user7/wt/datasets/M3FD/M3FD/VOCdevkit/VOC2007/JPEGImages/03097.jpg 386,470,406,489,1 407,467,430,484,1 332,471,355,483,1 305,469,320,482,1 320,468,337,480,1 460,470,492,496,1 479,465,504,494,1 494,464,615,565,1 653,462,697,500,1 677,456,745,510,1 723,449,839,519,1 752,460,831,521,1 923,446,1022,549,1 761,459,1000,617,1 689,450,805,510,1
/data/user7/wt/datasets/M3FD/M3FD/VOCdevkit/VOC2007/JPEGImages/03100.jpg 206,486,374,606,1 399,477,451,516,1 500,470,554,515,1
/data/user7/wt/datasets/M3FD/M3FD/VOCdevkit/VOC2007/JPEGImages/03101.jpg 639,443,785,514,1 876,463,1024,507,1 1,460,52,495,1 47,376,62,409,2 383,369,400,405,2 984,415,997,440,2 911,290,934,352,2 940,403,958,432,2
/data/user7/wt/datasets/M3FD/M3FD/VOCdevkit/VOC2007/JPEGImages/03102.jpg 861,480,904,510,1 892,439,1024,515,1 101,366,120,405,2 463,357,482,397,2
/data/user7/wt/datasets/M3FD/M3FD/VOCdevkit/VOC2007/JPEGImages/03103.jpg 1,408,109,513,1 512,449,679,515,1 1,361,177,485,5 228,327,247,372,2 672,308,696,363,2
/data/user7/wt/datasets/M3FD/M3FD/VOCdevkit/VOC2007/JPEGImages/03104.jpg 309,455,455,515,1 15,366,276,506,5 232,333,253,380,2 706,309,729,368,2
/data/user7/wt/datasets/M3FD/M3FD/VOCdevkit/VOC2007/JPEGImages/03105.jpg 121,466,148,502,1 121,361,430,524,5 238,334,257,374,2 723,306,752,367,2
/data/user7/wt/datasets/M3FD/M3FD/VOCdevkit/VOC2007/JPEGImages/03106.jpg 1,452,35,520,1 19,459,85,505,1 250,362,624,549,5 240,344,258,390,2 727,315,753,377,2
/data/user7/wt/datasets/M3FD/M3FD/VOCdevkit/VOC2007/JPEGImages/03107.jpg 1,401,124,516,1 1,451,50,537,1 452,348,923,572,5 234,341,257,391,2 724,316,751,350,2
/data/user7/wt/datasets/M3FD/M3FD/VOCdevkit/VOC2007/JPEGImages/03108.jpg 51,394,251,524,1 730,343,1024,585,5 234,343,255,391,2 724,315,754,377,2
/data/user7/wt/datasets/M3FD/M3FD/VOCdevkit/VOC2007/JPEGImages/03109.jpg 1,457,23,536,1 6,450,127,512,1 296,451,387,524,5 384,378,691,559,1 234,343,254,391,2 725,314,751,374,2
/data/user7/wt/datasets/M3FD/M3FD/VOCdevkit/VOC2007/JPEGImages/03112.jpg 166,449,269,520,1 236,443,463,544,1 552,465,761,551,1 912,462,1024,581,1 232,343,254,391,2 721,312,750,373,2
/data/user7/wt/datasets/M3FD/M3FD/VOCdevkit/VOC2007/JPEGImages/03113.jpg 20,458,157,518,1 194,457,342,524,1 410,454,627,552,1 713,446,1024,593,1 233,343,254,389,2 724,316,750,376,2
/data/user7/wt/datasets/M3FD/M3FD/VOCdevkit/VOC2007/JPEGImages/03115.jpg 113,446,273,524,1 443,473,631,542,1 640,475,912,574,1 12,435,49,539,4 233,343,252,392,2 724,314,750,377,2
/data/user7/wt/datasets/M3FD/M3FD/VOCdevkit/VOC2007/JPEGImages/03116.jpg 52,459,174,511,1 455,465,594,541,1 570,451,843,566,1 75,439,114,541,4 233,341,252,389,2 724,315,748,374,2
/data/user7/wt/datasets/M3FD/M3FD/VOCdevkit/VOC2007/JPEGImages/03118.jpg 5,386,209,516,5 218,460,301,514,1 567,459,828,561,1 748,462,950,557,1 190,442,230,551,4 231,339,250,385,2 720,308,747,372,2
/data/user7/wt/datasets/M3FD/M3FD/VOCdevkit/VOC2007/JPEGImages/03120.jpg 88,443,228,505,1 632,350,1024,573,5 246,429,296,556,4 230,334,248,379,2 720,305,747,353,2
/data/user7/wt/datasets/M3FD/M3FD/VOCdevkit/VOC2007/JPEGImages/03121.jpg 1,441,28,516,1 6,444,59,495,1 279,430,340,559,4 230,332,251,381,2 721,305,744,366,2
/data/user7/wt/datasets/M3FD/M3FD/VOCdevkit/VOC2007/JPEGImages/03122.jpg 1,424,58,534,1 333,431,378,571,4 229,338,251,384,2 722,309,744,370,2
/data/user7/wt/datasets/M3FD/M3FD/VOCdevkit/VOC2007/JPEGImages/03123.jpg 388,431,442,573,4 228,332,253,379,2 720,302,745,366,2
/data/user7/wt/datasets/M3FD/M3FD/VOCdevkit/VOC2007/JPEGImages/03125.jpg 1,455,32,521,1 527,436,615,594,4 455,439,718,544,5 230,340,251,389,2 723,314,745,375,2
/data/user7/wt/datasets/M3FD/M3FD/VOCdevkit/VOC2007/JPEGImages/03126.jpg 1,457,40,505,1 732,447,1024,586,1 245,443,452,533,5 231,343,251,389,2 722,315,748,377,2
/data/user7/wt/datasets/M3FD/M3FD/VOCdevkit/VOC2007/JPEGImages/03128.jpg 1,442,99,508,1 51,459,199,524,1 405,470,593,543,1 231,340,250,393,2 722,315,746,375,2
/data/user7/wt/datasets/M3FD/M3FD/VOCdevkit/VOC2007/JPEGImages/03129.jpg 197,464,341,524,1 344,467,548,548,1 231,338,251,391,2 721,313,748,379,2
/data/user7/wt/datasets/M3FD/M3FD/VOCdevkit/VOC2007/JPEGImages/03130.jpg 4,443,126,517,1 110,460,180,513,1 809,480,1024,577,1 233,345,249,389,2 722,317,747,376,2
/data/user7/wt/datasets/M3FD/M3FD/VOCdevkit/VOC2007/JPEGImages/03131.jpg 1,460,60,506,1 241,448,407,541,1 677,482,909,565,1 230,347,251,394,2 722,317,748,379,2
/data/user7/wt/datasets/M3FD/M3FD/VOCdevkit/VOC2007/JPEGImages/03132.jpg 85,449,236,521,1 402,466,569,535,1 644,446,890,566,1 244,342,265,389,2 735,314,760,373,2
/data/user7/wt/datasets/M3FD/M3FD/VOCdevkit/VOC2007/JPEGImages/03133.jpg 1,409,36,474,1 216,411,352,476,1 354,409,554,500,1 244,297,265,344,2 736,269,760,326,2
/data/user7/wt/datasets/M3FD/M3FD/VOCdevkit/VOC2007/JPEGImages/03134.jpg 1,424,44,516,1 56,426,170,481,1 853,431,1024,547,1 240,314,259,361,2 729,282,754,347,2
/data/user7/wt/datasets/M3FD/M3FD/VOCdevkit/VOC2007/JPEGImages/03135.jpg 1,465,24,501,1 224,450,375,519,1 705,462,947,554,1 236,336,256,386,2 728,305,750,366,2
/data/user7/wt/datasets/M3FD/M3FD/VOCdevkit/VOC2007/JPEGImages/03137.jpg 13,439,158,509,1 137,449,240,510,1 566,462,828,556,1 235,331,257,384,2 727,307,752,367,2
/data/user7/wt/datasets/M3FD/M3FD/VOCdevkit/VOC2007/JPEGImages/03140.jpg 1,464,23,550,1 4,443,115,501,1 195,451,368,526,1 340,452,463,524,1 234,333,254,384,2 724,306,751,364,2
/data/user7/wt/datasets/M3FD/M3FD/VOCdevkit/VOC2007/JPEGImages/03141.jpg 79,448,198,508,1 722,464,1024,572,1 236,332,255,383,2 724,305,751,369,2
/data/user7/wt/datasets/M3FD/M3FD/VOCdevkit/VOC2007/JPEGImages/03142.jpg 228,453,428,534,1 357,452,474,525,1 865,462,1024,553,1 235,336,255,382,2 726,306,751,362,2
/data/user7/wt/datasets/M3FD/M3FD/VOCdevkit/VOC2007/JPEGImages/03144.jpg 1,449,110,502,1 297,452,459,524,1 236,338,255,384,2 727,309,750,369,2
/data/user7/wt/datasets/M3FD/M3FD/VOCdevkit/VOC2007/JPEGImages/03145.jpg 1,458,38,506,1 198,459,346,522,1 237,345,255,392,2 726,316,750,374,2
/data/user7/wt/datasets/M3FD/M3FD/VOCdevkit/VOC2007/JPEGImages/03146.jpg 326,488,544,598,1 291,326,316,383,2 966,249,1008,342,2
/data/user7/wt/datasets/M3FD/M3FD/VOCdevkit/VOC2007/JPEGImages/03149.jpg 43,461,146,527,1 36,460,58,487,1 4,459,34,482,1 513,226,546,312,2
/data/user7/wt/datasets/M3FD/M3FD/VOCdevkit/VOC2007/JPEGImages/03150.jpg 24,465,62,494,1 1,474,27,567,1 61,466,148,526,1 131,468,159,485,1 57,465,73,487,1 590,195,630,297,2
/data/user7/wt/datasets/M3FD/M3FD/VOCdevkit/VOC2007/JPEGImages/03151.jpg 1,472,35,591,1 1,476,49,561,1 90,476,124,502,1 93,482,168,533,1 165,478,198,499,1 201,482,222,495,1 670,158,718,277,2
/data/user7/wt/datasets/M3FD/M3FD/VOCdevkit/VOC2007/JPEGImages/03152.jpg 1,468,58,645,1 19,467,126,577,1 221,472,281,518,1 275,468,306,495,1 303,469,330,494,1 405,471,421,483,1 323,469,338,493,1 364,470,396,487,1
/data/user7/wt/datasets/M3FD/M3FD/VOCdevkit/VOC2007/JPEGImages/03153.jpg 1,460,208,616,1 389,467,441,506,1 463,462,501,493,1 498,465,524,489,1 569,465,599,481,1
/data/user7/wt/datasets/M3FD/M3FD/VOCdevkit/VOC2007/JPEGImages/03154.jpg 1,451,234,662,1 504,460,557,499,1 589,458,626,486,1 625,459,662,482,1 702,465,726,479,1
/data/user7/wt/datasets/M3FD/M3FD/VOCdevkit/VOC2007/JPEGImages/03155.jpg 1,455,172,765,1 550,468,602,506,1 638,468,677,497,1 674,470,717,492,1 758,473,776,487,1
/data/user7/wt/datasets/M3FD/M3FD/VOCdevkit/VOC2007/JPEGImages/03156.jpg 586,457,639,493,1 678,455,719,486,1 721,459,756,481,1
/data/user7/wt/datasets/M3FD/M3FD/VOCdevkit/VOC2007/JPEGImages/03157.jpg 625,462,678,498,1 717,461,754,489,1 757,465,779,487,1 695,476,717,489,1 680,477,694,491,1
/data/user7/wt/datasets/M3FD/M3FD/VOCdevkit/VOC2007/JPEGImages/03158.jpg 665,477,687,492,1 701,476,717,492,1 717,462,777,499,1 775,476,792,492,1 806,463,833,491,1 854,467,894,487,1 685,477,703,493,1 790,481,808,494,1
/data/user7/wt/datasets/M3FD/M3FD/VOCdevkit/VOC2007/JPEGImages/03159.jpg 108,466,362,628,1 420,470,504,533,1 532,438,569,490,5 565,453,581,485,5 594,459,639,500,1 643,464,682,520,1 665,425,850,593,1
/data/user7/wt/datasets/M3FD/M3FD/VOCdevkit/VOC2007/JPEGImages/03160.jpg 336,479,470,573,1 515,439,562,502,5 560,457,578,491,5 593,463,640,502,1 649,433,808,577,1 213,476,231,506,4 645,472,663,514,1
/data/user7/wt/datasets/M3FD/M3FD/VOCdevkit/VOC2007/JPEGImages/03163.jpg 412,417,513,542,5 511,457,546,508,5 582,472,620,506,1 617,445,726,552,1 545,469,560,487,1 579,467,612,500,1 85,482,109,543,4
/data/user7/wt/datasets/M3FD/M3FD/VOCdevkit/VOC2007/JPEGImages/03166.jpg 43,481,278,612,1 402,455,468,509,1 505,465,530,483,1 552,443,627,512,1
/data/user7/wt/datasets/M3FD/M3FD/VOCdevkit/VOC2007/JPEGImages/03167.jpg 317,465,415,538,1 483,472,514,493,1 537,451,608,521,1 168,480,179,502,4 160,485,169,504,4 121,490,133,504,4
/data/user7/wt/datasets/M3FD/M3FD/VOCdevkit/VOC2007/JPEGImages/03168.jpg 229,465,372,568,1 472,471,506,495,1 536,451,607,520,1 141,486,153,508,4 150,482,163,506,4 101,495,108,505,4
/data/user7/wt/datasets/M3FD/M3FD/VOCdevkit/VOC2007/JPEGImages/03169.jpg 1,477,152,691,1 453,485,489,513,1 531,466,603,535,1
/data/user7/wt/datasets/M3FD/M3FD/VOCdevkit/VOC2007/JPEGImages/03170.jpg 433,486,478,520,1 530,466,601,538,1 91,497,103,520,4 82,501,94,523,4 26,513,38,531,4
/data/user7/wt/datasets/M3FD/M3FD/VOCdevkit/VOC2007/JPEGImages/03171.jpg 392,489,449,533,1 527,468,593,539,1 48,504,62,527,4 41,507,50,526,4 591,490,602,523,1
/data/user7/wt/datasets/M3FD/M3FD/VOCdevkit/VOC2007/JPEGImages/03172.jpg 309,501,390,559,1 498,480,568,551,1 474,518,495,528,1 566,502,576,533,1
/data/user7/wt/datasets/M3FD/M3FD/VOCdevkit/VOC2007/JPEGImages/03173.jpg 138,499,312,604,1 527,468,597,540,1 595,491,607,525,1 495,506,524,520,1
/data/user7/wt/datasets/M3FD/M3FD/VOCdevkit/VOC2007/JPEGImages/03174.jpg 485,533,515,550,1 522,494,594,569,1 593,516,605,554,1
/data/user7/wt/datasets/M3FD/M3FD/VOCdevkit/VOC2007/JPEGImages/03175.jpg 473,506,508,530,1 518,472,592,547,1 589,497,606,532,1
/data/user7/wt/datasets/M3FD/M3FD/VOCdevkit/VOC2007/JPEGImages/03176.jpg 458,530,494,558,1 512,497,587,574,1 587,524,604,559,1
/data/user7/wt/datasets/M3FD/M3FD/VOCdevkit/VOC2007/JPEGImages/03177.jpg 431,506,481,544,1 478,531,502,543,1 507,478,586,558,1 584,507,606,543,1
/data/user7/wt/datasets/M3FD/M3FD/VOCdevkit/VOC2007/JPEGImages/03178.jpg 396,499,460,549,1 465,526,496,543,1 490,527,506,540,1 504,477,583,557,1 580,509,608,542,1
/data/user7/wt/datasets/M3FD/M3FD/VOCdevkit/VOC2007/JPEGImages/03179.jpg 312,523,400,588,1 419,548,454,570,1 447,550,471,568,1 473,505,552,583,1 550,534,580,569,1
/data/user7/wt/datasets/M3FD/M3FD/VOCdevkit/VOC2007/JPEGImages/03180.jpg 184,521,361,641,1 444,550,485,583,1 484,559,497,579,1 485,551,514,582,1 520,511,601,594,1 597,544,630,578,1
/data/user7/wt/datasets/M3FD/M3FD/VOCdevkit/VOC2007/JPEGImages/03181.jpg 1,514,147,750,1 417,550,469,588,1 466,558,487,584,1 475,549,508,586,1 521,516,603,601,1 599,551,632,584,1
/data/user7/wt/datasets/M3FD/M3FD/VOCdevkit/VOC2007/JPEGImages/03182.jpg 369,538,438,588,1 435,546,473,581,1 461,534,494,579,1 493,547,507,578,1 521,508,603,595,1 602,545,629,578,1
/data/user7/wt/datasets/M3FD/M3FD/VOCdevkit/VOC2007/JPEGImages/03183.jpg 292,546,397,617,1 399,553,453,593,1 443,537,485,589,1 480,553,503,589,1 522,516,608,607,1 604,553,629,586,1
/data/user7/wt/datasets/M3FD/M3FD/VOCdevkit/VOC2007/JPEGImages/03184.jpg 1,540,233,693,1 322,541,404,602,1 404,515,466,586,1 461,531,490,580,1 521,508,609,601,1 605,547,622,579,1
/data/user7/wt/datasets/M3FD/M3FD/VOCdevkit/VOC2007/JPEGImages/03185.jpg 196,530,335,625,1 358,494,441,585,1 437,515,482,573,1 515,500,607,595,1 605,537,619,569,1
/data/user7/wt/datasets/M3FD/M3FD/VOCdevkit/VOC2007/JPEGImages/03186.jpg 1,557,66,733,1 253,469,390,610,1 389,498,457,576,1 455,531,476,563,1 497,535,511,560,1 514,495,609,594,1 508,534,517,566,1 605,534,612,565,1
/data/user7/wt/datasets/M3FD/M3FD/VOCdevkit/VOC2007/JPEGImages/03187.jpg 156,517,174,532,1 178,513,206,534,1 207,516,233,536,1 254,515,284,540,1 291,511,326,522,1 328,510,362,536,1 377,507,418,539,1 406,511,457,547,1 457,509,502,541,1 495,483,595,584,1 253,519,349,590,1 326,517,358,551,1
/data/user7/wt/datasets/M3FD/M3FD/VOCdevkit/VOC2007/JPEGImages/03188.jpg 461,514,493,539,1 502,491,606,594,1 600,514,625,544,1 606,506,654,524,1 633,497,672,531,1 666,500,729,528,1 682,503,748,547,1 746,491,877,558,1 771,493,922,585,1 888,493,1024,606,1 773,519,796,569,1 762,526,776,562,1 724,527,747,553,1 669,521,688,541,1 652,521,663,538,1 489,496,515,531,0
/data/user7/wt/datasets/M3FD/M3FD/VOCdevkit/VOC2007/JPEGImages/03189.jpg 429,514,474,548,1 496,488,602,596,1 594,514,638,553,1 611,505,654,528,1 650,499,694,535,1 687,496,769,525,1 696,519,722,546,1 722,498,810,559,1 801,493,857,540,1 786,528,825,571,1 818,525,851,579,1 846,479,1024,583,1 892,500,1024,603,1 936,525,1024,620,1 470,492,504,531,0 669,518,690,542,1
/data/user7/wt/datasets/M3FD/M3FD/VOCdevkit/VOC2007/JPEGImages/03190.jpg 546,454,627,537,1 636,466,658,480,1 653,464,711,485,1 670,466,710,486,1 683,461,736,491,1 709,464,763,490,1 729,461,786,494,1 740,473,773,496,1 751,460,846,503,1 798,465,865,524,1 838,451,1024,544,1 531,471,551,492,1
/data/user7/wt/datasets/M3FD/M3FD/VOCdevkit/VOC2007/JPEGImages/03191.jpg 531,460,557,482,1 555,440,636,521,1 649,457,670,471,1 663,447,713,477,1 667,445,733,475,1 681,452,727,481,1 724,448,790,482,1 746,448,802,486,1 761,462,791,487,1 774,447,896,493,1 848,448,933,526,1 908,436,1024,551,1
/data/user7/wt/datasets/M3FD/M3FD/VOCdevkit/VOC2007/JPEGImages/03192.jpg 529,464,560,490,1 566,446,642,521,1 664,460,686,477,1 677,451,714,477,1 693,454,744,483,1 714,454,771,486,1 737,451,813,492,1 774,451,854,493,1 790,455,863,497,1 810,451,957,504,1 932,454,1024,553,1 738,457,773,486,1
/data/user7/wt/datasets/M3FD/M3FD/VOCdevkit/VOC2007/JPEGImages/03194.jpg 416,462,505,527,1 544,461,577,486,1 569,459,593,479,1 597,444,669,515,1 666,458,714,475,1 700,456,733,478,1 725,439,844,486,1 767,451,823,489,1 781,448,863,490,1 805,444,923,492,1 868,448,984,503,1 967,443,1024,530,1 751,455,796,486,1
/data/user7/wt/datasets/M3FD/M3FD/VOCdevkit/VOC2007/JPEGImages/03196.jpg 373,507,462,570,1 491,501,526,530,1 520,502,536,522,1 534,499,550,522,1 551,483,613,551,1 614,494,636,513,1 647,495,685,518,1 673,489,736,522,1 696,492,734,527,1 726,485,791,531,1 747,467,934,536,1 783,486,933,550,1 837,483,976,557,1 872,476,1022,570,1 938,489,1024,574,1
/data/user7/wt/datasets/M3FD/M3FD/VOCdevkit/VOC2007/JPEGImages/03197.jpg 186,524,368,646,1 470,511,516,547,1 510,514,528,536,1 528,510,549,532,1 548,495,609,560,1 636,506,654,530,1 627,509,636,530,1 650,508,694,532,1 707,503,757,534,1 707,505,756,543,1 747,498,822,541,1 754,504,840,557,1 783,504,840,553,1 803,476,1016,561,1 843,497,1024,580,1 927,504,1024,594,1 987,533,1024,597,1 685,507,722,534,1
/data/user7/wt/datasets/M3FD/M3FD/VOCdevkit/VOC2007/JPEGImages/03198.jpg 1,475,154,718,1 474,441,525,481,1 517,445,541,468,1 545,439,566,463,1 567,424,628,487,1 648,438,657,454,1 656,437,684,457,1 676,437,714,461,1 716,430,764,461,1 743,433,799,473,1 788,422,886,474,1 801,448,848,488,1 846,429,955,489,1 872,394,1024,499,1 923,463,1024,507,1 44,449,63,484,4 59,452,73,488,4
/data/user7/wt/datasets/M3FD/M3FD/VOCdevkit/VOC2007/JPEGImages/03199.jpg 425,480,494,533,1 488,485,521,518,1 523,477,550,505,1 554,463,613,528,1 639,481,647,498,1 648,481,669,500,1 668,476,720,503,1 708,484,732,506,1 724,467,794,508,1 754,467,815,515,1 760,471,920,523,1 813,462,937,528,1 840,465,1020,547,1 910,470,1024,560,1 970,480,1024,571,1
/data/user7/wt/datasets/M3FD/M3FD/VOCdevkit/VOC2007/JPEGImages/03200.jpg 407,462,488,522,1 485,468,521,503,1 527,458,555,487,1 561,445,621,509,1 637,464,655,480,1 658,458,685,486,1 680,456,735,487,1 616,462,636,482,1 725,466,745,490,1 746,449,805,492,1 783,446,845,490,1 788,436,949,506,1 857,439,1001,516,1 900,449,1024,537,1 996,473,1024,537,1
/data/user7/wt/datasets/M3FD/M3FD/VOCdevkit/VOC2007/JPEGImages/03201.jpg 174,465,380,600,1 419,474,491,527,1 505,448,542,500,1 556,464,571,505,1 565,453,625,514,1 621,461,638,475,1 628,458,653,486,1 636,459,659,482,1 646,463,668,486,1 665,460,685,482,1 671,463,705,493,1 697,459,787,494,1 764,473,802,501,1 791,445,867,503,1 860,442,945,507,1 882,432,1024,526,1 895,450,1022,539,1
/data/user7/wt/datasets/M3FD/M3FD/VOCdevkit/VOC2007/JPEGImages/03204.jpg 343,431,473,572,1 511,481,536,497,1 566,475,577,508,1 576,463,630,522,1 639,469,686,491,1 647,472,683,493,1 676,475,703,490,1 701,465,749,496,1 711,469,769,504,1 729,469,800,514,1 786,464,932,522,1 977,497,1024,547,1 686,476,704,497,1
/data/user7/wt/datasets/M3FD/M3FD/VOCdevkit/VOC2007/JPEGImages/03205.jpg 530,466,560,487,1 584,463,606,480,1 597,456,610,472,1 606,448,664,505,1 685,449,736,459,1 686,455,699,471,1 694,458,733,477,1 706,454,762,480,1 730,456,771,479,1 732,464,761,482,1 787,444,857,476,1 800,450,849,493,1 820,448,909,500,1 854,450,988,499,1 862,452,1024,526,1 659,460,671,488,1
/data/user7/wt/datasets/M3FD/M3FD/VOCdevkit/VOC2007/JPEGImages/03206.jpg 526,420,555,440,1 580,418,604,435,1 592,410,611,430,1 606,401,662,456,1 669,411,688,429,1 686,401,740,417,1 693,407,737,435,1 716,405,776,437,1 737,409,778,440,1 764,391,892,445,1 817,408,850,447,1 838,397,928,448,1 882,398,994,451,1 907,396,1024,484,1 658,412,670,437,1 902,400,996,464,1
/data/user7/wt/datasets/M3FD/M3FD/VOCdevkit/VOC2007/JPEGImages/03207.jpg 506,549,538,572,1 561,546,590,569,1 577,537,597,562,1 597,532,653,589,1 689,540,741,571,1 716,537,798,573,1 741,540,786,578,1 751,541,818,576,1 772,552,798,576,1 839,528,942,574,1 849,538,900,590,1 880,531,1000,595,1 951,536,1024,609,1 793,545,838,580,1 654,534,679,563,5 649,544,660,569,1
/data/user7/wt/datasets/M3FD/M3FD/VOCdevkit/VOC2007/JPEGImages/03208.jpg 500,523,536,549,1 554,520,585,545,1 572,510,596,540,1 599,506,656,562,1 688,502,761,524,1 693,511,757,545,1 722,506,820,546,1 755,511,808,545,1 760,512,845,552,1 792,512,868,556,1 821,494,986,568,1 903,507,953,571,1 932,499,1024,580,1 656,505,681,536,5 650,515,660,540,1
/data/user7/wt/datasets/M3FD/M3FD/VOCdevkit/VOC2007/JPEGImages/03209.jpg 490,520,531,547,1 541,517,581,550,1 570,506,594,537,1 590,511,605,530,1 602,500,660,558,1 698,497,752,538,1 705,504,743,536,1 712,508,772,536,1 738,500,845,547,1 776,505,836,546,1 787,504,883,553,1 826,501,928,557,1 873,482,1024,573,1 975,509,1024,578,1 663,499,691,533,5 656,510,665,528,1
/data/user7/wt/datasets/M3FD/M3FD/VOCdevkit/VOC2007/JPEGImages/03210.jpg 480,508,522,541,1 514,506,568,549,1 564,492,598,527,1 597,497,617,522,1 611,488,666,545,1 714,484,783,506,1 719,492,788,520,1 731,496,795,532,1 765,488,893,533,1 809,494,882,533,1 837,494,951,546,1 880,492,1024,554,1 976,505,1024,579,1 672,494,704,523,5 662,501,676,525,1 824,506,870,539,1
/data/user7/wt/datasets/M3FD/M3FD/VOCdevkit/VOC2007/JPEGImages/03211.jpg 439,488,475,519,1 447,488,522,544,1 533,472,566,514,1 570,480,590,498,1 588,469,644,526,1 696,464,767,478,1 690,476,716,502,1 701,476,748,506,1 719,479,786,518,1 757,470,900,524,1 809,477,895,519,1 832,477,985,540,1 909,476,1024,551,1 841,468,1004,507,1 651,475,684,505,5 562,480,572,502,1 644,476,655,493,1 572,466,584,477,1
/data/user7/wt/datasets/M3FD/M3FD/VOCdevkit/VOC2007/JPEGImages/03214.jpg 307,468,391,523,1 411,435,489,524,1 484,453,513,495,1 513,454,542,483,1 546,452,562,475,1 557,443,616,503,1 683,446,697,476,1 702,431,792,488,1 712,444,767,491,1 762,441,851,493,1 769,448,907,513,1 855,432,1007,528,1 741,455,763,510,4 633,442,677,486,5 612,453,625,480,1 618,452,632,471,1 540,439,552,451,1
/data/user7/wt/datasets/M3FD/M3FD/VOCdevkit/VOC2007/JPEGImages/03215.jpg 244,481,322,552,1 315,440,441,569,1 438,465,499,517,1 492,466,529,502,1 532,466,555,489,1 552,453,613,517,1 676,459,689,496,1 685,455,700,491,1 696,453,712,498,1 710,440,819,503,1 726,457,793,509,1 785,448,891,482,1 790,458,883,495,1 802,461,988,543,1 939,479,1024,564,1 764,466,790,536,4 635,453,686,502,5 609,468,625,492,1 627,452,640,462,1 536,451,549,462,1 547,453,564,465,1 619,462,634,478,1
/data/user7/wt/datasets/M3FD/M3FD/VOCdevkit/VOC2007/JPEGImages/03216.jpg 1,407,286,719,1 378,467,470,543,1 469,469,517,508,1 518,468,548,495,1 551,458,613,518,1 608,467,630,494,1 620,453,641,465,1 697,457,717,495,1 709,457,731,497,1 724,438,860,506,1 730,451,819,503,1 751,454,840,518,1 831,446,969,506,1 812,459,954,529,1 873,456,1024,544,1 888,456,1024,575,1 640,456,693,506,5 822,465,858,563,4 532,450,546,463,1 547,454,566,467,1
/data/user7/wt/datasets/M3FD/M3FD/VOCdevkit/VOC2007/JPEGImages/03218.jpg 294,466,423,562,1 457,465,505,507,1 516,463,552,492,1 537,448,560,464,1 554,450,614,516,1 617,465,651,488,1 628,456,651,482,1 628,444,648,456,1 606,450,618,461,1 758,450,806,508,1 790,446,853,518,1 849,411,1024,535,1 862,438,1024,557,1 953,447,1024,571,1 646,447,673,476,1 670,441,754,523,5 524,446,538,459,1
/data/user7/wt/datasets/M3FD/M3FD/VOCdevkit/VOC2007/JPEGImages/03219.jpg 1,466,290,678,1 421,461,483,518,1 499,459,543,497,1 536,445,567,461,1 562,442,591,452,1 554,445,620,513,1 611,454,630,479,1 626,459,658,483,1 640,452,664,473,1 660,440,680,453,1 633,440,650,454,1 678,444,689,457,1 774,444,825,469,1 804,442,863,517,1 850,434,967,531,1 958,391,1024,552,1 690,432,803,535,5 1007,460,1024,566,1 378,456,395,497,4
/data/user7/wt/datasets/M3FD/M3FD/VOCdevkit/VOC2007/JPEGImages/03221.jpg 264,459,427,578,1 507,438,526,455,1 525,442,570,460,1 553,441,583,455,1 537,451,583,492,1 584,444,648,512,1 639,437,662,449,1 648,443,675,470,1 666,452,699,477,1 684,443,711,465,1 745,446,784,473,1 758,445,819,477,1 825,444,1008,516,1 803,438,842,540,4 723,435,735,451,1 282,458,300,490,4
/data/user7/wt/datasets/M3FD/M3FD/VOCdevkit/VOC2007/JPEGImages/03222.jpg 1,436,211,702,1 485,428,548,477,1 495,418,540,442,1 536,425,555,443,1 550,418,576,442,1 570,419,640,486,1 620,414,641,429,1 640,422,666,450,1 660,428,688,453,1 676,420,701,442,1 691,416,709,434,1 713,413,725,428,1 728,420,789,453,1 753,420,847,460,1 837,419,932,488,1 842,416,1024,501,1 865,412,922,556,4 530,418,552,428,1 210,436,232,496,4
/data/user7/wt/datasets/M3FD/M3FD/VOCdevkit/VOC2007/JPEGImages/03224.jpg 337,448,453,539,1 441,433,470,450,1 462,435,509,460,1 500,437,533,449,1 497,446,533,469,1 520,447,564,482,1 565,436,637,504,1 643,438,673,461,1 670,444,707,473,1 679,434,700,451,1 713,428,727,444,1 742,439,813,474,1 774,437,889,485,1 938,465,984,543,1 660,414,697,437,0 3,459,37,546,4 628,449,649,482,1 988,444,1024,519,1
/data/user7/wt/datasets/M3FD/M3FD/VOCdevkit/VOC2007/JPEGImages/03225.jpg 159,443,363,590,1 422,430,454,448,1 441,436,491,459,1 480,434,508,449,1 476,446,531,490,1 563,434,631,503,1 641,436,674,460,1 672,440,706,470,1 677,431,697,448,1 708,426,728,450,1 747,435,835,487,1 791,437,892,488,1 644,413,684,435,0 505,438,533,457,1 695,429,708,441,1
/data/user7/wt/datasets/M3FD/M3FD/VOCdevkit/VOC2007/JPEGImages/03227.jpg 293,456,411,544,1 367,437,399,455,1 387,439,434,466,1 425,450,470,478,1 461,441,493,468,1 432,439,466,454,1 551,439,565,458,1 558,435,629,504,1 631,437,665,464,1 666,434,694,456,1 672,440,703,466,1 698,429,717,453,1 776,434,903,506,1 838,434,1017,511,1 596,415,645,441,0 620,448,640,479,1
/data/user7/wt/datasets/M3FD/M3FD/VOCdevkit/VOC2007/JPEGImages/03228.jpg 280,448,330,477,1 293,450,363,487,1 355,451,390,468,1 331,465,399,503,1 380,454,433,495,1 580,440,650,509,1 644,443,677,473,1 661,436,677,450,1 677,442,700,461,1 693,446,725,473,1 704,436,721,445,1 519,424,594,484,0 681,434,696,444,1 117,462,151,487,1
/data/user7/wt/datasets/M3FD/M3FD/VOCdevkit/VOC2007/JPEGImages/03229.jpg 32,465,76,497,1 249,453,309,486,1 255,455,336,495,1 328,457,367,472,1 354,460,410,506,1 287,469,369,516,1 588,442,661,512,1 652,446,680,477,1 680,445,700,475,1 703,441,724,451,1 697,450,730,479,1 482,424,576,500,0 68,467,104,495,1 375,455,428,484,1
/data/user7/wt/datasets/M3FD/M3FD/VOCdevkit/VOC2007/JPEGImages/03230.jpg 182,449,276,495,1 269,452,318,470,1 199,466,304,523,1 284,454,361,509,1 333,447,391,483,1 594,434,664,508,1 658,445,678,472,1 677,440,700,466,1 699,439,714,448,1 698,446,729,475,1 394,401,532,515,0 373,448,382,462,4 662,438,677,444,1 708,431,722,439,1 722,436,731,443,1 731,431,739,438,1 697,434,707,440,1 2,465,17,497,1
/data/user7/wt/datasets/M3FD/M3FD/VOCdevkit/VOC2007/JPEGImages/03231.jpg 51,469,180,542,1 73,447,179,492,1 450,449,484,477,1 587,427,663,504,1 656,437,671,468,1 668,437,695,467,1 684,434,702,443,1 692,441,724,469,1 155,363,455,562,0 700,434,712,440,1 678,430,698,436,1 709,429,718,436,1 717,428,727,435,1
/data/user7/wt/datasets/M3FD/M3FD/VOCdevkit/VOC2007/JPEGImages/03232.jpg 407,458,459,489,1 584,434,663,514,1 661,445,687,471,1 666,440,690,450,1 687,445,716,476,1 1,282,330,704,0 709,437,720,447,1
/data/user7/wt/datasets/M3FD/M3FD/VOCdevkit/VOC2007/JPEGImages/03233.jpg 1,467,85,564,1 35,462,156,516,1 101,458,222,508,1 367,457,428,497,1 559,448,586,481,1 681,449,712,473,1 658,445,682,475,1 583,432,664,517,1 689,441,704,450,1 192,449,207,476,4 656,438,667,447,1 667,438,680,447,1
/data/user7/wt/datasets/M3FD/M3FD/VOCdevkit/VOC2007/JPEGImages/03234.jpg 1,474,72,530,1 4,461,153,517,1 331,462,402,503,1 535,450,572,485,1 583,432,666,519,1 660,442,680,472,1 678,448,708,474,1 107,451,133,481,4 680,442,691,449,1
/data/user7/wt/datasets/M3FD/M3FD/VOCdevkit/VOC2007/JPEGImages/03235.jpg 189,473,295,532,1 431,461,492,518,1 544,457,572,484,1 571,437,665,532,1 659,456,693,484,1
/data/user7/wt/datasets/M3FD/M3FD/VOCdevkit/VOC2007/JPEGImages/03236.jpg 76,477,216,551,1 319,464,418,553,1 514,460,548,488,1 559,438,657,536,1 648,455,681,488,1
/data/user7/wt/datasets/M3FD/M3FD/VOCdevkit/VOC2007/JPEGImages/03237.jpg 435,458,487,498,1 534,430,640,538,1 631,451,654,482,1 279,468,324,489,1
/data/user7/wt/datasets/M3FD/M3FD/VOCdevkit/VOC2007/JPEGImages/03238.jpg 383,452,460,506,1 523,420,637,539,1 624,445,651,480,1 249,460,310,485,1
/data/user7/wt/datasets/M3FD/M3FD/VOCdevkit/VOC2007/JPEGImages/03240.jpg 516,433,653,573,1 648,461,682,485,1 679,459,695,484,1 736,457,759,474,1
/data/user7/wt/datasets/M3FD/M3FD/VOCdevkit/VOC2007/JPEGImages/03241.jpg 519,453,656,599,1 676,480,709,507,1 763,473,779,486,1
/data/user7/wt/datasets/M3FD/M3FD/VOCdevkit/VOC2007/JPEGImages/03242.jpg 518,458,656,600,1 696,481,722,503,1 647,482,668,517,1
/data/user7/wt/datasets/M3FD/M3FD/VOCdevkit/VOC2007/JPEGImages/03243.jpg 524,446,657,583,1 648,470,689,503,1 725,470,740,489,1
/data/user7/wt/datasets/M3FD/M3FD/VOCdevkit/VOC2007/JPEGImages/03244.jpg 528,459,661,598,1 661,484,709,519,1 770,481,807,503,1
/data/user7/wt/datasets/M3FD/M3FD/VOCdevkit/VOC2007/JPEGImages/03245.jpg 540,481,670,617,1 662,510,685,556,1 692,506,744,539,1 801,503,836,523,1
/data/user7/wt/datasets/M3FD/M3FD/VOCdevkit/VOC2007/JPEGImages/03246.jpg 39,468,374,685,1 1,506,62,768,1 361,470,505,578,1 442,456,518,538,1 507,453,578,533,1 544,471,655,558,1 569,456,627,474,1 590,440,654,494,1 641,448,674,485,1 669,447,706,489,1 588,389,599,415,2 615,393,625,419,2 544,426,554,445,2 775,378,803,390,2 733,382,767,392,2 776,411,787,433,2 636,432,641,442,2
/data/user7/wt/datasets/M3FD/M3FD/VOCdevkit/VOC2007/JPEGImages/03247.jpg 1,530,363,768,1 347,528,509,647,1 442,514,526,603,1 513,510,583,583,1 567,526,671,604,1 581,509,644,533,1 599,494,669,556,1 655,500,689,550,1 688,503,724,546,1 553,480,563,498,2 597,441,608,468,2 628,447,638,472,2 644,484,654,500,2 770,433,784,443,2
/data/user7/wt/datasets/M3FD/M3FD/VOCdevkit/VOC2007/JPEGImages/03248.jpg 1,495,348,768,1 338,496,531,632,1 451,478,543,576,1 526,474,621,570,1 606,488,713,570,1 602,479,670,508,1 623,462,690,495,1 682,470,724,515,1 717,468,761,512,1 620,408,628,439,2 649,414,659,440,2 669,451,675,466,2 819,396,842,407,2 832,426,843,448,2 771,457,777,468,2
/data/user7/wt/datasets/M3FD/M3FD/VOCdevkit/VOC2007/JPEGImages/03249.jpg 1,538,345,768,1 340,540,555,692,1 472,524,572,622,1 559,517,658,611,1 650,532,760,617,1 635,524,700,554,1 658,504,724,536,1 715,516,762,558,1 756,512,803,553,1 648,450,660,480,2 678,456,690,484,2 601,491,612,510,2 699,495,708,510,2 901,480,913,497,2
/data/user7/wt/datasets/M3FD/M3FD/VOCdevkit/VOC2007/JPEGImages/03250.jpg 1,512,283,768,1 300,505,570,677,1 474,488,580,596,1 573,486,675,569,1 655,489,718,538,1 685,491,790,568,1 670,469,743,498,1 743,479,788,518,1 787,477,834,519,1 840,472,853,505,1 665,417,678,443,2 696,422,708,447,2 615,455,628,473,2 716,461,725,473,2 926,444,938,464,2 898,436,909,457,2
/data/user7/wt/datasets/M3FD/M3FD/VOCdevkit/VOC2007/JPEGImages/03251.jpg 157,495,525,736,1 420,474,549,603,1 536,465,662,571,1 626,470,701,523,1 682,476,790,558,1 657,454,723,480,1 729,464,781,492,1 761,462,786,478,1 779,462,829,501,1 844,455,888,491,1 644,397,657,429,2 676,405,688,432,2 593,438,605,460,2 696,444,705,456,2 913,427,924,454,2 885,416,901,443,2
/data/user7/wt/datasets/M3FD/M3FD/VOCdevkit/VOC2007/JPEGImages/03255.jpg 5,532,403,768,1 224,480,480,636,1 444,511,501,563,1 516,507,560,552,1 571,505,670,585,1 664,509,716,552,1 555,509,581,545,1 572,514,594,552,1 357,410,373,456,2 255,461,273,499,2 410,425,425,463,2 434,480,453,512,2 613,417,643,431,2 659,414,687,427,2
/data/user7/wt/datasets/M3FD/M3FD/VOCdevkit/VOC2007/JPEGImages/03256.jpg 1,611,182,768,1 3,470,397,712,1 351,516,420,580,1 452,515,500,561,1 498,515,534,554,1 533,516,563,566,1 542,520,638,601,1 631,516,678,559,1 287,406,305,453,2 344,422,364,466,2 379,487,390,508,2 564,419,601,433,2 614,414,649,432,2 722,436,744,477,2 700,470,713,497,2
/data/user7/wt/datasets/M3FD/M3FD/VOCdevkit/VOC2007/JPEGImages/03257.jpg 3,480,306,768,1 240,539,349,619,1 402,540,466,593,1 469,538,512,582,1 516,545,566,589,1 532,545,634,627,1 617,538,663,582,1 236,417,256,468,2 309,435,324,483,2 343,511,354,535,2 540,431,582,449,2 595,432,632,451,2 697,454,717,493,2 686,495,700,519,2
/data/user7/wt/datasets/M3FD/M3FD/VOCdevkit/VOC2007/JPEGImages/03258.jpg 1,585,111,768,1 27,540,259,669,1 390,541,470,607,1 490,539,545,588,1 559,546,616,595,1 597,548,693,623,1 665,546,707,595,1 465,553,489,589,1 19,464,51,522,2 220,397,249,466,2 309,420,332,475,2 352,509,367,534,2 578,425,616,442,2 633,425,675,442,2 736,495,753,522,2 791,430,828,497,2
/data/user7/wt/datasets/M3FD/M3FD/VOCdevkit/VOC2007/JPEGImages/03259.jpg 1,482,48,682,1 338,492,432,571,1 428,506,468,547,1 478,492,539,552,1 562,499,617,551,1 613,500,702,575,1 171,327,198,404,2 278,356,301,422,2 577,370,615,390,2 636,370,677,387,2 746,445,767,475,2 852,366,886,433,2 818,368,844,424,2
/data/user7/wt/datasets/M3FD/M3FD/VOCdevkit/VOC2007/JPEGImages/03260.jpg 129,489,297,616,1 296,508,384,563,1 416,491,506,561,1 523,503,583,553,1 594,502,681,572,1 19,286,60,380,2 178,340,205,410,2 525,357,574,382,2 594,355,644,377,2 723,435,743,469,2 860,301,928,415,2
/data/user7/wt/datasets/M3FD/M3FD/VOCdevkit/VOC2007/JPEGImages/03261.jpg 1,521,137,681,1 203,544,317,611,1 370,532,410,584,1 390,518,501,601,1 505,531,562,582,1 581,533,663,600,1 104,356,135,432,2 498,375,548,396,2 572,371,623,395,2 714,455,737,494,2 947,252,1024,411,2
/data/user7/wt/datasets/M3FD/M3FD/VOCdevkit/VOC2007/JPEGImages/03262.jpg 1,584,140,715,1 301,555,395,614,1 391,567,409,601,1 407,549,437,599,1 422,524,669,653,1 603,544,674,608,1 3,323,28,425,2 105,491,129,540,2 494,359,557,389,2 583,353,644,386,2 765,445,792,496,2
/data/user7/wt/datasets/M3FD/M3FD/VOCdevkit/VOC2007/JPEGImages/03263.jpg 283,574,421,664,1 456,567,522,628,1 517,576,541,613,1 601,566,653,615,1 628,527,1024,722,1 123,499,145,553,2 570,352,639,385,2 667,348,737,379,2 887,444,928,505,2
/data/user7/wt/datasets/M3FD/M3FD/VOCdevkit/VOC2007/JPEGImages/03264.jpg 215,479,340,586,1 412,496,446,536,1 436,489,497,542,1 497,485,557,539,1
/data/user7/wt/datasets/M3FD/M3FD/VOCdevkit/VOC2007/JPEGImages/03267.jpg 526,460,625,541,1 597,460,652,515,1 444,464,471,483,1 482,448,524,489,5
/data/user7/wt/datasets/M3FD/M3FD/VOCdevkit/VOC2007/JPEGImages/03268.jpg 544,467,649,566,1 621,466,675,526,1 471,469,498,489,1 512,455,555,488,5
/data/user7/wt/datasets/M3FD/M3FD/VOCdevkit/VOC2007/JPEGImages/03269.jpg 478,465,506,486,1 539,465,666,577,1 616,462,678,521,1 518,450,567,487,5
/data/user7/wt/datasets/M3FD/M3FD/VOCdevkit/VOC2007/JPEGImages/03270.jpg 486,462,516,485,1 543,462,682,591,1 616,462,679,520,1 531,444,578,483,5
/data/user7/wt/datasets/M3FD/M3FD/VOCdevkit/VOC2007/JPEGImages/03271.jpg 492,467,523,489,1 540,469,705,608,1 628,465,687,514,1 542,449,596,487,5
/data/user7/wt/datasets/M3FD/M3FD/VOCdevkit/VOC2007/JPEGImages/03272.jpg 493,469,527,496,1 549,474,724,620,1 541,450,598,491,5
/data/user7/wt/datasets/M3FD/M3FD/VOCdevkit/VOC2007/JPEGImages/03273.jpg 497,474,537,506,1 551,481,751,651,1 645,472,700,491,1 559,453,618,499,5
/data/user7/wt/datasets/M3FD/M3FD/VOCdevkit/VOC2007/JPEGImages/03275.jpg 452,470,511,515,1 528,477,736,657,1 628,465,688,486,1 550,446,612,491,5
/data/user7/wt/datasets/M3FD/M3FD/VOCdevkit/VOC2007/JPEGImages/03277.jpg 369,483,467,555,1 511,482,726,674,1 622,474,676,496,1 540,447,610,494,5
/data/user7/wt/datasets/M3FD/M3FD/VOCdevkit/VOC2007/JPEGImages/03278.jpg 289,675,502,768,1 461,663,586,739,1 555,597,663,725,5 660,651,699,692,1 674,647,729,688,1 707,644,758,678,1 733,636,790,678,1 774,621,814,676,1 853,633,890,661,1
/data/user7/wt/datasets/M3FD/M3FD/VOCdevkit/VOC2007/JPEGImages/03279.jpg 140,676,454,768,1 396,663,552,768,1 514,586,646,732,5 627,652,681,707,1 654,650,716,694,1 693,645,741,684,1 717,637,778,681,1 759,625,819,672,1 815,631,837,664,1 895,625,927,650,1
/data/user7/wt/datasets/M3FD/M3FD/VOCdevkit/VOC2007/JPEGImages/03281.jpg 1,683,328,768,1 308,572,501,768,5 484,667,552,733,1 511,661,586,713,1 556,659,618,704,1 590,649,657,694,1 635,634,705,689,1 689,642,733,676,1 724,646,757,670,1 919,585,982,639,0
/data/user7/wt/datasets/M3FD/M3FD/VOCdevkit/VOC2007/JPEGImages/03282.jpg 1,691,221,768,1 188,677,476,768,1 419,647,597,768,1 582,684,649,768,1 632,689,701,760,1 735,668,812,716,1 900,674,943,696,1 731,674,774,702,1 922,623,930,642,2 931,622,937,642,2
/data/user7/wt/datasets/M3FD/M3FD/VOCdevkit/VOC2007/JPEGImages/03283.jpg 1,558,141,768,1 81,692,361,768,1 342,706,512,768,1 446,689,554,768,1 635,692,714,718,1 830,690,876,718,1 878,686,915,710,1 978,698,1002,714,1 776,632,785,655,2 1001,615,1016,650,2 786,633,795,656,2 377,697,421,718,1
/data/user7/wt/datasets/M3FD/M3FD/VOCdevkit/VOC2007/JPEGImages/03284.jpg 584,637,670,714,1 746,633,861,674,1 466,635,555,695,1 419,640,472,672,1 354,635,410,674,1 395,640,423,668,1 343,642,363,670,1 297,641,323,665,1 691,559,704,591,2 339,543,349,589,2 696,591,705,611,2 688,593,696,611,2
/data/user7/wt/datasets/M3FD/M3FD/VOCdevkit/VOC2007/JPEGImages/03285.jpg 576,634,674,719,1 705,633,814,678,1 427,633,528,709,1 408,638,453,673,1 333,634,393,675,1 387,639,414,668,1 277,638,304,659,1 697,554,711,586,2 319,551,335,586,2 705,588,711,608,2 304,641,330,663,1 317,526,330,569,2 695,588,703,608,2
/data/user7/wt/datasets/M3FD/M3FD/VOCdevkit/VOC2007/JPEGImages/03287.jpg 47,667,336,768,1 285,664,332,706,1 332,668,358,702,1 347,669,412,710,1 515,667,657,768,1 628,668,685,723,1 239,563,259,612,2 682,572,697,611,2 690,612,699,636,2 680,612,690,634,2 225,539,240,588,2
/data/user7/wt/datasets/M3FD/M3FD/VOCdevkit/VOC2007/JPEGImages/03288.jpg 1,683,111,768,1 506,669,668,768,1 484,670,544,738,1 340,674,407,717,1 319,673,355,709,1 263,668,321,716,1 239,674,266,705,1 225,667,253,703,1 229,567,244,608,2 690,571,707,613,2 698,612,708,636,2 190,680,215,699,1 687,613,698,637,2 203,537,219,590,2
/data/user7/wt/datasets/M3FD/M3FD/VOCdevkit/VOC2007/JPEGImages/03289.jpg 397,680,532,768,1 492,673,680,768,1 332,681,400,727,1 309,683,343,719,1 248,677,310,727,1 232,682,259,716,1 222,677,246,712,1 209,566,228,612,2 700,573,718,616,2 709,618,719,642,2 697,617,708,642,2 171,531,189,592,2
/data/user7/wt/datasets/M3FD/M3FD/VOCdevkit/VOC2007/JPEGImages/03290.jpg 394,663,724,768,1 296,674,374,728,1 279,673,312,717,1 203,669,271,727,1 178,679,209,706,1 147,540,169,595,2 724,548,744,599,2 735,603,746,630,2 722,604,735,629,2 76,489,98,564,2
/data/user7/wt/datasets/M3FD/M3FD/VOCdevkit/VOC2007/JPEGImages/03291.jpg 393,663,729,768,1 293,677,372,730,1 276,670,310,718,1 199,670,268,730,1 180,678,207,706,1 144,539,167,594,2 725,548,745,599,2 735,603,748,629,2 723,603,735,629,2
/data/user7/wt/datasets/M3FD/M3FD/VOCdevkit/VOC2007/JPEGImages/03293.jpg 383,669,715,768,1 951,650,1024,735,1 278,678,359,735,1 262,675,299,723,1 184,675,255,735,1 171,683,190,713,1 128,543,153,599,2 711,553,732,601,2 722,607,735,633,2 47,493,74,568,2 709,607,721,633,2
/data/user7/wt/datasets/M3FD/M3FD/VOCdevkit/VOC2007/JPEGImages/03294.jpg 385,670,712,768,1 666,658,897,758,1 279,680,358,735,1 263,677,296,720,1 183,674,254,734,1 165,683,193,713,1 129,544,151,598,2 713,553,732,602,2 721,605,736,634,2 150,692,162,705,1 244,681,266,710,1 710,607,721,634,2 48,488,74,568,2
/data/user7/wt/datasets/M3FD/M3FD/VOCdevkit/VOC2007/JPEGImages/03297.jpg 275,659,548,768,1 389,668,709,768,1 277,680,343,729,1 263,679,296,722,1 182,675,253,734,1 168,683,195,713,1 128,545,150,598,2 710,552,731,602,2 720,607,733,634,2 148,691,162,705,1 708,607,719,634,2 43,492,74,570,2
/data/user7/wt/datasets/M3FD/M3FD/VOCdevkit/VOC2007/JPEGImages/03298.jpg 399,671,697,768,1 277,683,358,736,1 259,681,288,718,1 181,677,253,738,1 162,686,190,715,1 125,546,146,600,2 709,556,727,604,2 720,607,730,635,2 147,686,161,709,1 705,607,719,636,2 46,493,69,571,2
/data/user7/wt/datasets/M3FD/M3FD/VOCdevkit/VOC2007/JPEGImages/03299.jpg 413,670,696,768,1 278,682,363,736,1 259,680,292,718,1 176,676,253,739,1 166,684,189,714,1 125,547,147,599,2 709,553,727,604,2 719,607,732,634,2 147,684,165,710,1 269,682,290,717,1 704,608,720,634,2 45,494,70,570,2
/data/user7/wt/datasets/M3FD/M3FD/VOCdevkit/VOC2007/JPEGImages/03301.jpg 430,665,670,768,1 333,675,467,739,1 293,676,355,728,1 261,675,305,715,1 160,670,252,742,1 138,679,166,706,1 113,539,136,594,2 713,546,733,596,2 724,601,735,628,2 711,602,723,627,2 27,482,52,555,2
/data/user7/wt/datasets/M3FD/M3FD/VOCdevkit/VOC2007/JPEGImages/03302.jpg 5,678,188,768,1 174,690,250,761,1 283,686,357,737,1 370,686,466,750,1 434,674,623,768,1 705,680,980,766,1 80,530,107,594,2 752,542,772,597,2 763,603,776,634,2 776,719,885,768,3 797,680,864,764,4 747,605,760,632,2
/data/user7/wt/datasets/M3FD/M3FD/VOCdevkit/VOC2007/JPEGImages/03303.jpg 1,671,151,768,1 154,687,260,767,1 226,685,264,743,1 311,683,399,737,1 435,666,632,768,1 900,665,1024,763,1 79,522,106,589,2 782,531,805,589,2 797,598,810,626,2 757,711,879,768,3 782,670,844,746,4 778,597,796,627,2
/data/user7/wt/datasets/M3FD/M3FD/VOCdevkit/VOC2007/JPEGImages/03304.jpg 139,692,324,768,1 300,676,370,741,1 380,682,404,703,1 543,677,751,768,1 422,686,439,699,1 439,684,456,698,1 458,688,470,698,1 414,685,423,700,1 403,686,416,698,1 386,659,398,671,1 550,685,558,703,4 558,673,570,706,4 875,733,975,768,3 893,685,967,766,4
/data/user7/wt/datasets/M3FD/M3FD/VOCdevkit/VOC2007/JPEGImages/03305.jpg 1,693,244,768,1 264,670,354,744,1 381,677,405,698,1 544,674,740,768,1 392,655,407,668,1 404,680,417,693,1 417,680,426,693,1 426,684,441,697,1 442,678,457,691,1 461,680,472,694,1 554,674,564,702,4 563,670,573,701,4 851,722,973,768,3 871,682,940,759,4
/data/user7/wt/datasets/M3FD/M3FD/VOCdevkit/VOC2007/JPEGImages/03306.jpg 562,672,727,768,1 435,679,470,706,1 468,684,485,698,1 489,684,509,700,1 517,679,532,692,1 533,677,546,693,1 481,660,490,671,1 718,700,783,768,3 730,673,764,728,4
/data/user7/wt/datasets/M3FD/M3FD/VOCdevkit/VOC2007/JPEGImages/03307.jpg 576,675,737,768,1 454,683,499,713,1 505,687,534,704,1 547,682,563,697,1 563,685,577,695,1 513,666,524,674,1 725,718,752,759,3 704,678,740,725,4
/data/user7/wt/datasets/M3FD/M3FD/VOCdevkit/VOC2007/JPEGImages/03308.jpg 471,679,510,713,1 590,673,745,768,1 573,678,590,692,1 588,678,602,692,1 523,684,551,701,1 505,678,519,707,1 535,674,547,684,1
/data/user7/wt/datasets/M3FD/M3FD/VOCdevkit/VOC2007/JPEGImages/03310.jpg 618,678,744,768,1 408,672,491,740,1 488,681,532,720,1 516,674,553,713,1 588,674,600,683,1 627,673,642,685,1 708,656,811,714,1 746,682,817,714,1 815,682,833,723,4 831,671,849,727,4 813,673,828,726,4
/data/user7/wt/datasets/M3FD/M3FD/VOCdevkit/VOC2007/JPEGImages/03311.jpg 329,674,456,767,1 472,684,530,731,1 520,677,559,720,1 632,682,757,768,1 601,678,615,688,1 641,675,656,689,1 655,672,669,688,1 613,663,622,672,1 732,662,845,705,5 754,685,849,722,1 848,676,872,735,4 866,689,880,740,4 881,673,907,759,4
/data/user7/wt/datasets/M3FD/M3FD/VOCdevkit/VOC2007/JPEGImages/03312.jpg 294,672,442,768,1 480,657,550,721,1 659,670,777,768,1 624,660,636,673,1 667,654,679,670,1 675,652,689,664,1 809,670,917,710,1 772,634,912,706,0 960,665,1024,710,1 994,690,1024,730,1 649,628,654,642,2 655,628,662,643,2
/data/user7/wt/datasets/M3FD/M3FD/VOCdevkit/VOC2007/JPEGImages/03313.jpg 1,581,42,628,1 24,566,83,636,1 47,474,884,711,0 510,416,529,460,2 582,422,600,462,2 432,580,509,768,4 892,570,906,604,4
/data/user7/wt/datasets/M3FD/M3FD/VOCdevkit/VOC2007/JPEGImages/03314.jpg 190,598,522,768,1 490,609,579,672,1 495,596,533,624,1 535,598,557,611,1 624,599,647,620,1 608,599,622,613,1 578,599,594,614,1 557,597,568,611,1 571,591,578,603,1 592,594,601,602,1
/data/user7/wt/datasets/M3FD/M3FD/VOCdevkit/VOC2007/JPEGImages/03315.jpg 314,609,572,766,1 496,608,537,632,1 512,618,584,678,1 625,609,651,632,1 611,611,625,622,1 579,611,594,626,1 537,607,559,620,1
/data/user7/wt/datasets/M3FD/M3FD/VOCdevkit/VOC2007/JPEGImages/03316.jpg 417,605,630,768,1 628,604,656,626,1 612,605,629,618,1 581,600,598,616,1 506,600,540,622,1 574,598,584,608,1
/data/user7/wt/datasets/M3FD/M3FD/VOCdevkit/VOC2007/JPEGImages/03318.jpg 502,603,544,639,1 528,611,588,664,1 528,607,667,737,1 629,606,660,629,1 612,607,627,621,1
/data/user7/wt/datasets/M3FD/M3FD/VOCdevkit/VOC2007/JPEGImages/03319.jpg 544,593,665,708,1 524,599,579,650,1 498,592,532,623,1 625,593,652,614,1 568,592,588,604,1
/data/user7/wt/datasets/M3FD/M3FD/VOCdevkit/VOC2007/JPEGImages/03320.jpg 574,616,672,706,1 504,612,536,645,1 528,617,586,667,1 633,616,662,637,1 578,614,591,625,1
/data/user7/wt/datasets/M3FD/M3FD/VOCdevkit/VOC2007/JPEGImages/03321.jpg 574,574,607,604,1 600,581,657,627,1 647,580,738,657,1 707,576,735,601,1 647,574,660,585,1 781,577,812,600,1
/data/user7/wt/datasets/M3FD/M3FD/VOCdevkit/VOC2007/JPEGImages/03322.jpg 578,586,609,616,1 607,595,659,635,1 657,588,736,664,1 707,589,740,618,1 650,587,663,600,1 786,587,834,612,1
/data/user7/wt/datasets/M3FD/M3FD/VOCdevkit/VOC2007/JPEGImages/03324.jpg 586,605,620,636,1 614,614,665,655,1 666,610,739,675,1 720,611,756,644,1 799,611,832,631,1 652,608,668,620,1 614,609,631,616,1
/data/user7/wt/datasets/M3FD/M3FD/VOCdevkit/VOC2007/JPEGImages/03325.jpg 561,586,592,612,1 590,592,640,632,1 642,589,705,646,1 694,587,738,624,1 625,585,640,596,1 782,587,819,604,1 591,587,605,597,1
/data/user7/wt/datasets/M3FD/M3FD/VOCdevkit/VOC2007/JPEGImages/03326.jpg 552,590,584,617,1 583,597,632,636,1 634,594,691,649,1 691,594,734,632,1 616,591,630,602,1 779,596,825,618,1
/data/user7/wt/datasets/M3FD/M3FD/VOCdevkit/VOC2007/JPEGImages/03327.jpg 555,597,583,624,1 587,604,632,641,1 633,600,690,653,1 696,603,748,643,1 582,599,594,610,1 620,598,630,611,1 600,596,610,605,1 802,603,844,623,1
/data/user7/wt/datasets/M3FD/M3FD/VOCdevkit/VOC2007/JPEGImages/03328.jpg 552,608,582,633,1 579,608,592,622,1 585,614,627,650,1 632,610,684,661,1 702,611,758,656,1 617,610,626,619,1 597,603,605,612,1 789,614,839,633,1
/data/user7/wt/datasets/M3FD/M3FD/VOCdevkit/VOC2007/JPEGImages/03331.jpg 520,599,549,624,1 551,604,596,639,1 606,603,651,646,1 691,605,774,666,1 781,605,826,632,1 546,600,559,614,1
/data/user7/wt/datasets/M3FD/M3FD/VOCdevkit/VOC2007/JPEGImages/03332.jpg 721,605,834,688,1 813,604,882,645,1 601,607,650,649,1 543,605,586,640,1 513,602,543,626,1 541,603,553,614,1 568,601,583,611,1
/data/user7/wt/datasets/M3FD/M3FD/VOCdevkit/VOC2007/JPEGImages/03333.jpg 798,609,999,743,1 612,609,658,649,1 555,610,595,640,1 525,605,550,629,1 577,605,593,614,1 550,606,563,620,1 565,601,575,610,1
/data/user7/wt/datasets/M3FD/M3FD/VOCdevkit/VOC2007/JPEGImages/03334.jpg 859,601,1024,766,1 868,604,943,641,1 612,605,660,645,1 556,607,597,637,1 528,602,553,624,1 582,601,595,611,1 554,603,566,614,1 570,597,579,606,1
/data/user7/wt/datasets/M3FD/M3FD/VOCdevkit/VOC2007/JPEGImages/03335.jpg 894,616,1019,658,1 973,665,1023,768,1 609,616,654,652,1 560,615,596,646,1 527,610,553,633,1 583,609,597,623,1 553,610,567,621,1 564,604,579,617,1
/data/user7/wt/datasets/M3FD/M3FD/VOCdevkit/VOC2007/JPEGImages/03336.jpg 926,624,1024,672,1 603,620,650,660,1 635,622,661,649,1 555,616,598,655,1 528,619,555,642,1 580,616,593,628,1 547,616,566,631,1 565,614,577,626,1
/data/user7/wt/datasets/M3FD/M3FD/VOCdevkit/VOC2007/JPEGImages/03337.jpg 963,607,1024,668,1 635,601,666,631,1 603,604,645,643,1 559,606,595,637,1 529,602,556,624,1 551,601,566,613,1 582,600,594,611,1
/data/user7/wt/datasets/M3FD/M3FD/VOCdevkit/VOC2007/JPEGImages/03338.jpg 639,628,670,653,1 1002,625,1024,694,1 602,629,644,660,1 559,628,597,655,1 533,622,556,644,1 555,621,569,633,1 583,619,599,628,1
/data/user7/wt/datasets/M3FD/M3FD/VOCdevkit/VOC2007/JPEGImages/03339.jpg 644,634,680,663,1 604,635,642,668,1 565,633,600,663,1 536,630,560,652,1 585,627,597,636,1 558,628,571,641,1 571,627,578,634,1 577,625,583,630,1
/data/user7/wt/datasets/M3FD/M3FD/VOCdevkit/VOC2007/JPEGImages/03340.jpg 647,615,685,645,1 604,615,641,647,1 567,615,601,643,1 537,610,560,633,1 586,608,600,618,1 562,610,575,621,1 577,605,583,611,1 572,607,579,614,1
/data/user7/wt/datasets/M3FD/M3FD/VOCdevkit/VOC2007/JPEGImages/03341.jpg 656,621,695,653,1 609,619,647,652,1 571,621,602,648,1 540,616,564,636,1 589,611,605,626,1 562,615,576,627,1 578,609,585,616,1 574,612,582,620,1 576,589,581,592,2 588,589,592,592,2
/data/user7/wt/datasets/M3FD/M3FD/VOCdevkit/VOC2007/JPEGImages/03342.jpg 661,621,706,655,1 616,616,651,651,1 572,620,606,647,1 543,614,567,635,1 590,612,603,623,1 565,613,577,625,1 577,587,581,590,2 589,587,593,590,2
/data/user7/wt/datasets/M3FD/M3FD/VOCdevkit/VOC2007/JPEGImages/03343.jpg 667,635,713,671,1 620,634,658,664,1 575,623,605,660,1 542,628,565,651,1 591,625,604,636,1 566,627,576,641,1 574,625,582,633,1 577,600,581,602,2 589,600,594,602,2
/data/user7/wt/datasets/M3FD/M3FD/VOCdevkit/VOC2007/JPEGImages/03344.jpg 671,615,723,654,1 623,610,662,640,1 574,615,604,640,1 541,608,565,628,1 589,605,602,614,1 562,606,576,619,1 574,604,582,611,1 580,601,585,607,1 576,580,579,582,2 588,580,592,582,2
/data/user7/wt/datasets/M3FD/M3FD/VOCdevkit/VOC2007/JPEGImages/03345.jpg 670,616,725,661,1 620,611,653,642,1 566,613,599,640,1 536,608,557,629,1 579,599,596,616,1 611,606,629,617,1 557,607,568,619,1 567,606,574,612,1 572,603,578,609,1 568,580,572,583,2 580,581,585,584,2
/data/user7/wt/datasets/M3FD/M3FD/VOCdevkit/VOC2007/JPEGImages/03347.jpg 550,635,580,658,1 569,628,582,637,1 585,630,603,640,1 541,629,552,641,1 759,634,772,664,4 593,634,619,656,1 738,637,747,664,4 733,635,739,660,4 522,629,543,649,1 547,597,552,599,2 563,596,568,600,2
/data/user7/wt/datasets/M3FD/M3FD/VOCdevkit/VOC2007/JPEGImages/03348.jpg 548,627,575,650,1 537,620,549,633,1 519,621,539,642,1 568,619,580,629,1 733,627,741,659,4 750,629,762,659,4 763,626,771,659,4 589,626,616,646,1 584,622,599,633,1 543,588,550,591,2 559,587,566,591,2
/data/user7/wt/datasets/M3FD/M3FD/VOCdevkit/VOC2007/JPEGImages/03349.jpg 589,634,615,653,1 546,635,575,659,1 535,628,549,641,1 518,630,540,650,1 583,629,599,643,1 570,627,582,638,1 778,633,790,664,4 766,634,776,669,4 745,635,756,667,4 542,595,547,599,2 558,595,565,599,2
/data/user7/wt/datasets/M3FD/M3FD/VOCdevkit/VOC2007/JPEGImages/03350.jpg 587,627,613,647,1 547,627,576,650,1 519,621,541,641,1 573,621,585,631,1 586,622,599,632,1 610,624,623,633,1 817,623,834,672,4 801,625,818,673,4 790,627,803,663,4 771,625,787,669,4 759,625,774,669,4 540,621,550,634,1 542,587,550,591,2 560,587,568,591,2
/data/user7/wt/datasets/M3FD/M3FD/VOCdevkit/VOC2007/JPEGImages/03351.jpg 630,651,726,723,1 550,645,588,677,1 501,638,522,660,1 519,637,529,654,1 527,642,551,665,1 577,642,599,669,1
/data/user7/wt/datasets/M3FD/M3FD/VOCdevkit/VOC2007/JPEGImages/03352.jpg 632,651,726,723,1 576,645,596,668,1 524,644,548,670,1 499,640,519,664,1 516,640,525,657,1 547,646,583,677,1
/data/user7/wt/datasets/M3FD/M3FD/VOCdevkit/VOC2007/JPEGImages/03354.jpg 627,638,731,712,1 540,635,576,664,1 572,635,595,657,1 495,630,517,649,1 515,631,524,643,1 538,632,549,641,1 519,635,546,657,1
/data/user7/wt/datasets/M3FD/M3FD/VOCdevkit/VOC2007/JPEGImages/03355.jpg 628,637,724,714,1 540,632,576,663,1 574,632,597,656,1 495,625,516,647,1 512,627,522,640,1 540,629,551,637,1 519,631,544,653,1
/data/user7/wt/datasets/M3FD/M3FD/VOCdevkit/VOC2007/JPEGImages/03356.jpg 639,616,736,682,1 586,607,610,630,1 532,605,556,628,1 511,603,531,623,1 529,603,540,613,1 555,605,567,612,1 554,609,589,637,1
/data/user7/wt/datasets/M3FD/M3FD/VOCdevkit/VOC2007/JPEGImages/03357.jpg 646,620,741,692,1 594,610,621,633,1 540,610,564,631,1 521,607,541,626,1 538,605,547,615,1 564,608,576,615,1 563,613,598,640,1
/data/user7/wt/datasets/M3FD/M3FD/VOCdevkit/VOC2007/JPEGImages/03358.jpg 651,628,744,705,1 602,625,628,648,1 547,623,570,643,1 526,620,548,640,1 572,622,583,628,1 567,626,603,653,1
/data/user7/wt/datasets/M3FD/M3FD/VOCdevkit/VOC2007/JPEGImages/03360.jpg 646,632,741,698,1 605,626,633,652,1 547,624,573,648,1 530,622,550,642,1 572,622,589,632,1 571,627,609,655,1
/data/user7/wt/datasets/M3FD/M3FD/VOCdevkit/VOC2007/JPEGImages/03362.jpg 629,651,722,723,1 566,648,604,681,1 598,649,616,674,1 534,647,559,670,1 522,646,537,664,1 565,645,577,657,1
/data/user7/wt/datasets/M3FD/M3FD/VOCdevkit/VOC2007/JPEGImages/03363.jpg 641,628,733,694,1 574,621,587,634,1 541,623,569,647,1 532,621,548,640,1 579,626,620,656,1
/data/user7/wt/datasets/M3FD/M3FD/VOCdevkit/VOC2007/JPEGImages/03366.jpg 674,620,767,688,1 736,615,786,637,1 629,620,670,653,1 598,618,633,646,1 584,616,596,628,1 557,618,588,642,1 603,615,617,621,1
/data/user7/wt/datasets/M3FD/M3FD/VOCdevkit/VOC2007/JPEGImages/03368.jpg 671,609,767,678,1 748,602,796,628,1 639,606,677,640,1 588,606,627,634,1 546,606,574,629,1 621,603,638,619,1 599,602,613,607,1 569,603,587,621,1 583,603,590,610,1
/data/user7/wt/datasets/M3FD/M3FD/VOCdevkit/VOC2007/JPEGImages/03371.jpg 656,630,755,699,1 766,622,842,654,1 609,621,630,642,1 567,626,607,657,1 556,621,576,640,1 519,625,548,650,1 652,629,680,664,1 544,622,555,636,1 585,620,601,628,1
/data/user7/wt/datasets/M3FD/M3FD/VOCdevkit/VOC2007/JPEGImages/03372.jpg 653,635,757,707,1 776,625,874,661,1 608,625,630,646,1 563,627,604,663,1 556,626,575,646,1 514,630,543,654,1 543,626,553,639,1 582,625,601,632,1 652,628,682,648,1
/data/user7/wt/datasets/M3FD/M3FD/VOCdevkit/VOC2007/JPEGImages/03373.jpg 651,642,756,715,1 736,643,797,680,1 810,637,891,673,1 605,634,627,655,1 557,639,599,672,1 505,637,537,663,1 649,637,691,659,1 598,635,607,649,1 580,632,596,640,1 551,633,571,654,1 526,635,538,650,1 537,637,545,649,1 540,634,548,647,1
/data/user7/wt/datasets/M3FD/M3FD/VOCdevkit/VOC2007/JPEGImages/03374.jpg 658,632,766,716,1 797,637,911,683,1 854,628,925,667,1 605,628,626,649,1 652,629,700,652,1 553,633,593,665,1 499,632,532,657,1 514,629,534,644,1 530,629,541,643,1 546,627,568,647,1 578,627,595,634,1 596,629,606,641,1
/data/user7/wt/datasets/M3FD/M3FD/VOCdevkit/VOC2007/JPEGImages/03376.jpg 395,657,731,768,1 1,616,211,768,1 135,622,377,768,1 343,632,445,705,1 422,632,470,684,1 323,621,381,647,1 418,619,483,661,1 468,623,504,650,1 499,594,657,660,1 646,623,693,678,1 694,615,731,629,1 724,617,774,631,1 786,615,840,627,1 861,610,924,630,1 968,609,1024,625,1 836,610,873,620,1 957,612,976,664,4 731,664,768,710,3 691,631,733,679,3 366,610,406,630,0 502,551,510,571,2 536,549,544,569,2 568,549,577,567,2 601,548,612,569,2 735,615,782,710,4 695,613,730,676,4 1,606,67,624,1 96,625,135,637,1 112,651,142,672,1 96,635,140,655,1 948,606,975,616,1 926,610,956,623,1
/data/user7/wt/datasets/M3FD/M3FD/VOCdevkit/VOC2007/JPEGImages/03378.jpg 854,623,1024,768,1 388,652,738,768,1 497,593,659,664,1 1,622,182,768,1 111,623,372,768,1 338,632,447,709,1 416,634,470,681,1 414,620,482,664,1 318,621,379,651,1 82,653,129,688,1 100,621,143,637,1 647,616,697,679,1 739,614,818,634,1 899,606,980,629,1 749,663,785,706,3 698,633,734,683,3 941,613,961,649,4 716,614,732,637,4 368,610,406,628,0 792,597,798,611,2 501,552,511,571,2 535,549,544,571,2 569,550,579,569,2 600,550,610,570,2 750,620,794,706,4 698,617,727,681,4 1,611,31,627,1 56,634,131,656,1 64,628,80,635,1 97,625,136,640,1 838,611,871,625,1 991,608,1012,622,1 1010,599,1024,621,0
/data/user7/wt/datasets/M3FD/M3FD/VOCdevkit/VOC2007/JPEGImages/03379.jpg 382,658,738,768,1 832,621,1024,768,1 1,626,168,768,1 98,622,368,768,1 335,631,445,711,1 414,633,468,683,1 412,619,483,664,1 61,651,129,692,1 316,620,378,655,1 498,592,662,664,1 479,634,502,653,1 651,623,696,679,1 724,614,769,633,1 827,607,926,630,1 755,659,793,701,3 697,631,738,682,3 716,610,732,639,4 365,610,406,634,0 502,550,512,570,2 535,550,544,569,2 569,548,578,569,2 601,546,611,568,2 792,597,800,609,2 756,620,802,700,4 696,616,727,680,4 40,633,125,656,1 96,625,138,648,1 405,624,415,634,1 837,609,865,624,1 919,610,949,622,1 950,605,980,616,1 977,608,1014,618,1 1009,599,1024,623,0 677,617,696,628,1 695,615,716,627,1
/data/user7/wt/datasets/M3FD/M3FD/VOCdevkit/VOC2007/JPEGImages/03380.jpg 383,656,745,768,1 820,614,1024,766,1 496,589,662,666,1 1,633,148,768,1 80,621,367,768,1 331,630,443,706,1 412,632,468,674,1 413,617,482,662,1 305,622,368,650,1 30,623,144,686,1 480,630,502,649,1 652,614,695,677,1 674,614,706,640,1 759,607,850,628,1 760,617,803,696,3 705,633,737,681,3 716,608,736,642,4 367,609,406,630,0 501,548,513,569,2 536,547,546,567,2 569,547,579,566,2 602,546,613,566,2 795,595,801,609,2 755,657,799,701,4 698,613,735,679,4 743,615,760,625,1 954,604,981,616,1 1011,596,1024,615,0 986,605,1016,617,1
/data/user7/wt/datasets/M3FD/M3FD/VOCdevkit/VOC2007/JPEGImages/03382.jpg 371,655,755,768,1 802,603,999,768,1 494,584,669,663,1 53,617,361,768,1 1,660,114,768,1 1,646,93,719,1 324,629,439,704,1 412,627,468,665,1 410,614,482,661,1 471,611,503,641,1 308,612,376,648,1 657,609,699,675,1 671,614,713,633,1 762,652,797,695,3 708,628,741,680,3 721,603,741,631,4 369,603,406,627,0 502,544,513,563,2 537,543,547,563,2 571,542,580,561,2 603,541,615,562,2 794,589,803,604,2 759,609,803,689,4 701,612,737,672,4 1,625,105,650,1 93,619,134,635,1 296,615,314,630,1 742,609,762,625,1 800,605,824,619,1 778,607,796,619,1 955,600,985,612,1 995,600,1020,617,1 1014,591,1024,613,0
/data/user7/wt/datasets/M3FD/M3FD/VOCdevkit/VOC2007/JPEGImages/03383.jpg 858,629,1024,768,1 831,604,948,727,1 374,661,752,768,1 493,584,669,665,1 654,609,699,671,1 1,662,112,768,1 1,647,93,716,1 52,616,360,768,1 325,628,437,706,1 412,630,468,672,1 409,613,481,661,1 309,615,375,649,1 775,607,798,622,1 761,652,795,698,3 708,627,740,679,3 721,605,740,632,4 366,605,405,627,0 502,545,513,566,2 536,544,547,565,2 571,544,579,564,2 605,544,613,563,2 796,591,803,605,2 754,606,802,690,4 700,612,741,674,4 1,624,103,649,1 97,621,138,637,1 295,616,314,630,1 381,618,416,628,1 480,620,501,638,1 473,629,489,647,1 950,618,1024,648,1 937,605,962,619,1 957,601,986,617,1 990,602,1020,618,1 1014,594,1024,614,0
/data/user7/wt/datasets/M3FD/M3FD/VOCdevkit/VOC2007/JPEGImages/03385.jpg 386,643,746,768,1 495,587,669,665,1 655,613,702,680,1 1,664,119,768,1 54,621,361,768,1 1,650,93,717,1 324,630,443,707,1 307,618,375,651,1 410,631,467,672,1 410,615,482,662,1 467,622,498,647,1 799,611,868,627,1 684,616,717,630,1 908,606,958,621,1 707,629,739,680,3 764,655,796,696,3 723,608,738,634,4 812,617,840,686,4 366,607,405,629,0 502,547,513,567,2 537,547,547,567,2 570,545,580,564,2 604,547,612,564,2 795,593,802,606,2 700,614,739,679,4 753,615,789,697,4 1,625,106,652,1 93,621,135,637,1 296,619,310,633,1 774,610,799,624,1 846,607,884,619,1 959,606,985,620,1 989,603,1022,621,1 1014,595,1024,617,0
/data/user7/wt/datasets/M3FD/M3FD/VOCdevkit/VOC2007/JPEGImages/03386.jpg 390,657,740,768,1 488,589,669,667,1 656,615,701,683,1 1,666,118,768,1 1,652,95,720,1 55,623,360,768,1 323,633,443,711,1 410,634,468,686,1 411,618,482,664,1 310,621,379,655,1 913,610,960,623,1 761,613,805,627,1 708,633,741,682,3 764,663,798,699,3 807,618,831,693,4 725,612,740,636,4 364,611,407,634,0 503,550,512,570,2 538,548,547,569,2 570,549,580,568,2 604,548,613,569,2 796,596,803,609,2 702,616,738,682,4 756,618,786,699,4 1,631,102,654,1 95,625,134,640,1 295,622,313,633,1 678,616,701,628,1 695,615,723,626,1 841,610,875,623,1 959,611,986,623,1 957,606,988,615,1 993,607,1024,625,1 1014,598,1024,620,0 743,617,758,632,1
/data/user7/wt/datasets/M3FD/M3FD/VOCdevkit/VOC2007/JPEGImages/03387.jpg 390,657,741,768,1 53,623,361,768,1 1,668,109,768,1 1,651,95,716,1 325,632,443,710,1 414,634,468,683,1 413,618,482,663,1 309,619,375,655,1 495,589,669,664,1 656,614,701,681,1 734,611,817,633,1 708,631,741,685,3 763,659,796,697,3 721,607,740,637,4 813,617,833,690,4 367,609,407,626,0 887,588,1024,626,0 504,550,512,569,2 537,550,546,568,2 571,550,580,566,2 604,548,614,564,2 796,595,803,609,2 702,616,734,680,4 748,614,779,698,4 1,632,103,654,1 75,629,109,639,1 98,625,134,636,1 296,622,312,631,1 372,621,412,634,1 679,617,700,627,1 694,615,724,628,1 777,613,795,624,1 841,609,885,624,1
/data/user7/wt/datasets/M3FD/M3FD/VOCdevkit/VOC2007/JPEGImages/03388.jpg 392,658,737,768,1 495,591,669,668,1 658,617,700,683,1 1,667,119,768,1 1,654,95,723,1 55,623,360,768,1 308,622,375,656,1 324,633,445,710,1 409,634,468,687,1 410,619,482,665,1 888,609,949,629,1 747,612,815,632,1 955,607,985,624,1 687,617,745,635,1 708,634,733,685,3 765,645,803,697,3 811,619,834,693,4 733,612,747,654,4 368,611,406,634,0 734,594,888,630,0 502,551,512,571,2 537,552,546,570,2 571,549,579,569,2 605,552,613,569,2 704,618,732,683,4 740,614,767,694,4 1,630,109,658,1 93,626,136,642,1 295,622,314,637,1 469,630,489,654,1 1014,599,1024,617,0
/data/user7/wt/datasets/M3FD/M3FD/VOCdevkit/VOC2007/JPEGImages/03389.jpg 389,657,742,768,1 486,589,669,666,1 655,614,699,681,1 1,664,122,768,1 1,652,100,732,1 62,622,363,768,1 309,619,376,656,1 325,632,443,708,1 411,634,468,684,1 409,618,482,664,1 678,608,737,639,1 838,613,901,626,1 914,609,960,622,1 774,611,799,627,1 960,605,988,623,1 991,605,1021,624,1 707,632,737,684,3 756,643,807,699,3 761,610,778,633,4 809,618,835,691,4 369,609,405,631,0 646,592,742,627,0 502,547,512,568,2 537,548,546,568,2 570,547,580,566,2 604,547,614,568,2 796,596,803,609,2 705,615,737,683,4 733,610,762,697,4 2,630,107,656,1 93,624,136,636,1 297,620,314,632,1 472,631,498,656,1 841,609,883,620,1 899,609,919,625,1
/data/user7/wt/datasets/M3FD/M3FD/VOCdevkit/VOC2007/JPEGImages/03392.jpg 389,654,743,768,1 487,591,670,665,1 656,615,699,682,1 455,612,506,645,1 1,663,120,768,1 1,653,114,739,1 82,622,372,768,1 330,632,443,710,1 412,634,468,687,1 407,618,486,672,1 317,620,378,644,1 1,629,118,663,1 773,612,798,627,1 888,609,961,627,1 956,605,992,625,1 992,606,1021,627,1 707,634,738,683,3 759,645,802,701,3 835,607,857,630,4 819,617,842,687,4 796,609,822,694,4 765,610,778,629,4 755,614,771,633,4 164,604,317,627,0 369,609,406,631,0 504,550,513,570,2 537,547,546,568,2 571,548,580,567,2 604,547,614,564,2 796,596,803,609,2 702,616,737,683,4 14,625,78,636,1 105,623,138,645,1 680,617,698,627,1 695,616,711,624,1 957,614,987,626,1 1014,597,1024,619,0
/data/user7/wt/datasets/M3FD/M3FD/VOCdevkit/VOC2007/JPEGImages/03393.jpg 389,659,743,768,1 486,590,669,665,1 655,614,700,675,1 1,662,115,768,1 1,653,120,737,1 86,620,374,768,1 315,619,377,642,1 333,632,444,707,1 409,632,470,687,1 411,619,482,662,1 780,603,863,628,1 912,609,957,622,1 956,608,988,623,1 990,606,1020,626,1 709,632,736,684,3 756,643,803,699,3 860,609,875,627,4 839,612,871,689,4 821,615,844,684,4 758,614,770,631,4 738,615,748,633,4 730,613,740,634,4 31,605,188,634,0 360,607,419,630,0 503,550,512,568,2 537,548,547,568,2 569,547,579,567,2 604,548,615,566,2 795,594,802,604,2 702,615,731,681,4 1,631,116,663,1 896,609,919,623,1 955,604,983,614,1 1014,596,1024,619,0
/data/user7/wt/datasets/M3FD/M3FD/VOCdevkit/VOC2007/JPEGImages/03395.jpg 390,656,742,768,1 487,589,669,664,1 655,613,701,681,1 116,621,383,768,1 1,664,122,768,1 1,651,135,735,1 327,618,376,637,1 341,631,444,707,1 414,632,468,689,1 411,617,482,663,1 887,604,974,628,1 955,604,987,623,1 991,605,1022,624,1 774,611,798,626,1 801,609,831,624,1 840,607,868,622,1 709,630,735,680,3 758,643,805,698,3 840,612,864,683,4 863,607,887,687,4 874,608,897,628,4 368,607,392,626,0 503,548,512,569,2 537,546,546,568,2 570,545,579,565,2 603,545,613,565,2 796,595,803,608,2 701,615,732,678,4 1,628,118,662,1 98,625,128,637,1 120,638,165,675,1 382,609,413,630,5 679,616,698,624,1 698,613,725,626,1 767,610,777,628,4 758,612,767,629,4 740,612,750,631,4 730,613,739,631,4 747,610,767,622,1 1013,594,1024,616,0
/data/user7/wt/datasets/M3FD/M3FD/VOCdevkit/VOC2007/JPEGImages/03396.jpg 385,655,743,768,1 121,621,386,768,1 1,667,120,768,1 1,651,139,755,1 330,619,375,635,1 344,633,447,729,1 412,634,467,689,1 412,617,483,664,1 485,589,669,666,1 656,614,699,683,1 913,608,957,624,1 958,609,986,623,1 990,606,1019,624,1 798,610,825,626,1 120,640,164,686,1 1,632,118,664,1 700,616,731,679,3 758,645,808,701,3 843,608,875,686,4 893,605,916,631,4 502,550,512,570,2 536,545,546,569,2 570,549,578,567,2 604,552,612,567,2 795,596,803,609,2 707,631,730,680,4 111,624,135,640,1 370,609,405,634,0 776,612,792,627,1 758,615,766,631,4 733,616,742,632,4 748,611,764,625,1 841,608,885,624,1 955,605,985,615,1 1014,598,1024,617,0
/data/user7/wt/datasets/M3FD/M3FD/VOCdevkit/VOC2007/JPEGImages/03397.jpg 389,656,740,768,1 128,619,387,768,1 1,664,126,768,1 1,651,135,764,1 332,617,381,636,1 343,632,446,707,1 412,631,471,684,1 426,616,488,661,1 488,589,670,674,1 655,613,688,671,1 955,604,987,622,1 913,608,959,624,1 798,603,842,630,1 701,631,729,678,3 759,644,807,696,3 821,608,853,689,4 869,612,900,685,4 909,615,933,632,4 502,549,513,568,2 537,547,546,569,2 570,546,578,567,2 604,546,614,566,2 795,595,803,609,2 696,613,722,671,4 1,629,117,661,1 119,636,174,691,1 98,624,139,634,1 363,609,396,631,5 761,614,774,630,4 741,615,749,630,4 732,614,742,632,4 780,611,798,626,1 863,608,884,621,1 842,607,863,622,1 993,604,1017,621,1 1014,596,1024,615,0
/data/user7/wt/datasets/M3FD/M3FD/VOCdevkit/VOC2007/JPEGImages/03398.jpg 849,655,1024,767,1 389,658,746,768,1 488,589,668,668,1 144,622,391,768,1 1,657,137,768,1 5,647,167,759,1 1,626,120,665,1 339,619,384,640,1 353,632,452,719,1 425,630,479,682,1 445,618,499,661,1 909,610,959,628,1 960,610,985,623,1 841,610,871,624,1 684,629,706,676,3 758,643,802,697,3 806,612,842,696,4 901,616,929,678,4 769,616,782,633,4 751,614,766,636,4 738,614,753,635,4 503,550,513,570,2 536,544,547,569,2 570,548,579,568,2 605,548,614,567,2 797,597,802,609,2 679,614,707,672,4 97,625,134,640,1 117,640,174,678,1 135,643,184,691,1 148,633,175,642,1 126,629,156,650,1 358,610,390,631,5 662,617,685,627,1 693,615,730,629,1 869,609,886,622,1 899,610,919,621,1 954,605,984,615,1 991,607,1018,622,1 1015,598,1024,616,0
/data/user7/wt/datasets/M3FD/M3FD/VOCdevkit/VOC2007/JPEGImages/03399.jpg 716,630,914,768,1 395,655,739,768,1 502,593,656,660,1 1,617,205,768,1 184,620,406,768,1 155,637,219,714,1 126,635,206,690,1 378,626,469,690,1 443,626,491,664,1 459,617,503,657,1 959,607,988,621,1 923,609,959,623,1 660,625,684,668,3 921,610,947,672,4 801,612,826,631,4 779,612,790,632,4 764,609,776,634,4 727,608,738,630,4 752,611,763,631,4 502,547,512,568,2 537,543,547,566,2 570,546,580,566,2 604,546,614,565,2 797,594,804,607,2 657,612,682,665,4 1,605,59,624,1 110,623,140,638,1 360,608,390,637,0 695,611,731,624,1 841,608,868,621,1 867,607,884,618,1 910,606,926,625,4 955,602,984,613,1 992,604,1020,620,1 1015,596,1024,615,0
/data/user7/wt/datasets/M3FD/M3FD/VOCdevkit/VOC2007/JPEGImages/03400.jpg 670,615,805,727,1 413,653,729,768,1 502,596,645,657,1 1,611,273,768,1 255,623,428,740,1 213,637,278,700,1 408,626,488,684,1 467,626,505,659,1 636,604,696,667,1 961,604,994,620,1 640,608,663,667,3 961,613,984,670,4 920,604,937,628,4 792,611,822,703,4 864,611,875,629,4 504,549,515,569,2 539,546,548,568,2 572,548,582,567,2 607,548,616,567,2 801,596,808,610,2 646,610,667,659,4 200,631,239,646,1 244,628,270,638,1 279,623,304,633,1 471,618,505,639,1 845,610,872,623,1 870,609,888,619,1 901,610,923,624,1 933,609,964,623,1 999,611,1024,625,1
/data/user7/wt/datasets/M3FD/M3FD/VOCdevkit/VOC2007/JPEGImages/03401.jpg 427,645,725,768,1 1,610,338,768,1 308,617,450,725,1 652,619,741,698,1 517,596,631,649,1 438,623,501,673,1 478,618,514,651,1 275,625,329,677,1 781,611,811,626,1 643,625,657,643,3 787,643,854,710,3 940,601,955,628,4 746,610,760,634,4 836,605,852,623,4 507,546,514,566,2 540,547,551,566,2 575,545,586,564,2 608,545,619,564,2 811,592,818,607,2 814,609,846,710,4 264,619,311,631,1 641,614,661,628,4 708,613,737,625,1 675,616,694,621,1 695,614,708,623,1 791,611,804,629,4 781,612,791,629,4 858,607,883,621,1 882,607,903,621,1 913,607,945,623,1 954,608,967,629,4 984,607,1002,619,1 972,603,1005,621,1 973,610,1024,627,1
/data/user7/wt/datasets/M3FD/M3FD/VOCdevkit/VOC2007/JPEGImages/03402.jpg 436,643,720,768,1 650,618,734,694,1 517,597,627,647,1 1,610,350,768,1 323,617,452,715,1 445,621,503,671,1 913,607,940,622,1 793,647,861,713,3 946,599,964,630,4 795,609,809,633,4 838,605,857,628,4 821,605,843,629,4 746,608,761,636,4 759,610,773,636,4 503,546,513,565,2 539,543,550,564,2 574,543,584,564,2 609,544,618,564,2 813,593,819,607,2 817,609,857,721,4 1,644,18,681,1 16,629,41,639,1 297,630,337,663,1 295,624,329,633,1 355,607,408,621,5 491,624,512,647,1 478,618,501,625,1 641,624,656,648,3 641,614,655,626,4 707,613,745,624,1 862,608,886,620,1 883,607,903,620,1 934,606,971,620,1 980,606,996,631,4 976,602,1009,614,1
/data/user7/wt/datasets/M3FD/M3FD/VOCdevkit/VOC2007/JPEGImages/03403.jpg 426,631,613,768,1 103,607,337,768,1 45,618,129,691,1 372,617,457,689,1 446,621,482,652,1 526,611,582,641,1 582,621,612,653,1 238,594,338,659,5 1,624,17,665,1 895,612,947,635,1 955,611,999,646,1 768,614,820,633,1 739,617,770,632,1 709,617,742,632,1 696,618,712,637,1 679,615,702,636,1 859,617,878,664,4 771,625,792,654,4 841,620,892,644,1 17,575,159,682,0 459,500,475,533,2 514,501,530,533,2 570,502,587,531,2 627,503,643,534,2 996,583,1008,606,2 482,621,507,634,1 504,622,521,633,1 516,620,528,631,1 938,614,966,644,1 846,614,880,622,1 756,638,800,649,3
/data/user7/wt/datasets/M3FD/M3FD/VOCdevkit/VOC2007/JPEGImages/03404.jpg 430,646,612,768,1 128,624,342,768,1 9,634,106,713,1 223,610,329,668,5 379,634,454,702,1 452,636,485,654,1 530,628,584,659,1 580,639,612,667,1 486,638,508,647,1 970,626,1016,661,1 910,629,955,650,1 854,634,889,663,1 817,633,856,659,1 773,628,827,648,1 743,633,779,648,1 716,633,747,646,1 697,632,715,648,1 687,633,703,649,1 876,632,895,685,4 779,640,807,669,4 604,640,617,658,3 1,587,139,692,0 456,511,474,545,2 514,512,530,545,2 573,511,588,546,2 630,510,647,546,2 605,633,615,651,4 507,638,522,647,1 520,635,532,647,1 951,628,982,658,1 1005,626,1024,654,1 764,656,810,664,3
/data/user7/wt/datasets/M3FD/M3FD/VOCdevkit/VOC2007/JPEGImages/03407.jpg 452,641,618,768,1 211,622,372,742,1 177,597,285,677,1 43,631,135,715,1 40,627,79,673,1 405,629,471,686,1 470,628,505,655,1 504,630,529,646,1 538,622,590,650,1 589,630,620,659,1 1001,630,1023,657,1 968,620,1016,640,1 905,628,969,663,1 809,621,877,644,1 770,625,821,643,1 730,625,777,641,1 966,625,992,689,4 832,634,861,662,4 620,636,636,655,3 1,585,46,699,0 447,483,467,523,2 517,482,534,523,2 583,482,601,522,2 650,482,669,522,2 619,624,638,653,4 528,629,539,643,1 814,654,872,664,3 860,627,912,651,1 884,621,928,630,1
/data/user7/wt/datasets/M3FD/M3FD/VOCdevkit/VOC2007/JPEGImages/03409.jpg 462,657,621,768,1 258,642,396,751,1 1,639,33,741,1 131,602,262,693,1 426,638,486,690,1 488,637,522,664,1 520,641,545,660,1 543,633,598,667,1 601,640,630,668,1 625,639,644,661,1 958,644,1024,686,1 904,645,959,674,1 846,638,918,661,1 803,641,862,659,1 774,639,814,658,1 716,640,757,662,1 891,653,921,687,4 641,652,656,668,3 441,474,462,519,2 517,477,539,518,2 594,476,617,520,2 670,476,694,520,2 642,639,658,657,4 257,638,292,659,1 591,637,608,654,1 877,670,934,691,3 916,636,959,648,1
/data/user7/wt/datasets/M3FD/M3FD/VOCdevkit/VOC2007/JPEGImages/03410.jpg 463,626,596,731,1 316,623,442,714,1 454,615,510,669,1 557,614,596,648,1 597,610,644,656,1 908,617,1024,687,1 898,616,980,685,1 847,618,917,666,1 666,614,694,636,1 649,616,668,633,1 636,618,654,633,1 705,620,718,635,1 781,614,825,646,1
/data/user7/wt/datasets/M3FD/M3FD/VOCdevkit/VOC2007/JPEGImages/03411.jpg 463,636,594,740,1 349,629,463,711,1 466,620,518,675,1 570,622,606,653,1 606,617,655,662,1 929,621,1024,699,1 849,624,962,650,1 839,619,898,644,1 673,623,698,641,1 708,627,722,641,1 657,623,678,638,1 1,630,48,672,1
/data/user7/wt/datasets/M3FD/M3FD/VOCdevkit/VOC2007/JPEGImages/03412.jpg 373,626,476,702,1 469,630,602,735,1 474,616,525,662,1 580,617,618,648,1 619,610,668,656,1 972,625,1024,698,1 891,613,1013,645,1 854,611,904,641,1 667,618,680,633,1 685,618,705,637,1 706,619,726,637,1
/data/user7/wt/datasets/M3FD/M3FD/VOCdevkit/VOC2007/JPEGImages/03413.jpg 474,634,602,737,1 401,631,486,701,1 487,621,536,651,1 586,622,600,648,1 597,621,631,651,1 635,617,680,660,1 695,625,714,644,1 810,615,878,646,1 876,616,972,650,1 625,626,639,639,1 903,623,921,655,4 952,617,970,643,4
/data/user7/wt/datasets/M3FD/M3FD/VOCdevkit/VOC2007/JPEGImages/03414.jpg 475,637,604,735,1 413,631,492,698,1 492,622,541,650,1 590,626,607,647,1 602,623,637,654,1 637,619,685,664,1 695,628,721,645,1 892,617,1004,664,1 823,619,893,651,1 881,619,896,647,4
/data/user7/wt/datasets/M3FD/M3FD/VOCdevkit/VOC2007/JPEGImages/03416.jpg 471,636,595,735,1 432,629,496,688,1 503,622,549,638,1 585,623,612,648,1 609,622,644,650,1 649,617,690,657,1 704,626,724,641,1 937,619,1022,655,1 865,625,907,647,1 775,623,781,636,4 987,623,1013,695,4 862,620,871,664,4
/data/user7/wt/datasets/M3FD/M3FD/VOCdevkit/VOC2007/JPEGImages/03417.jpg 466,636,586,731,1 440,632,497,684,1 506,622,550,639,1 583,624,610,649,1 608,621,642,651,1 647,619,688,658,1 702,627,720,641,1 775,622,801,651,1 812,618,838,646,1 929,623,952,645,1 990,615,1024,643,1 890,624,932,654,1 696,625,702,638,1 761,625,767,640,4
/data/user7/wt/datasets/M3FD/M3FD/VOCdevkit/VOC2007/JPEGImages/03418.jpg 461,635,576,726,1 441,631,494,683,1 509,622,549,637,1 581,624,607,646,1 605,622,641,649,1 645,619,681,660,1 692,626,701,637,1 975,615,1024,659,1 928,619,959,648,1 913,630,936,658,1 818,618,854,649,1 842,620,857,675,4 762,625,766,636,4 753,624,760,639,4 700,623,716,639,1
/data/user7/wt/datasets/M3FD/M3FD/VOCdevkit/VOC2007/JPEGImages/03420.jpg 430,634,537,714,1 425,629,473,676,1 489,622,531,658,1 552,623,581,648,1 583,623,614,647,1 615,620,649,656,1 648,624,662,638,1 672,627,685,638,1 785,618,838,654,1 776,620,799,655,1 766,622,794,658,1 1004,631,1024,665,1 865,613,885,682,4 846,609,868,676,4
/data/user7/wt/datasets/M3FD/M3FD/VOCdevkit/VOC2007/JPEGImages/03421.jpg 395,636,496,711,1 396,631,440,662,1 464,626,504,659,1 523,628,549,648,1 554,625,582,650,1 580,624,614,657,1 618,626,634,640,1 638,625,648,642,1 705,623,729,642,1 756,620,794,658,1 744,623,766,649,1 714,626,730,645,1 809,623,908,666,1 883,626,910,639,1 843,619,865,683,4 812,620,834,686,4
/data/user7/wt/datasets/M3FD/M3FD/VOCdevkit/VOC2007/JPEGImages/03422.jpg 341,633,440,705,1 352,628,396,650,1 418,625,459,656,1 475,628,502,646,1 506,625,533,649,1 531,622,563,655,1 571,626,586,640,1 778,621,873,667,1 835,627,862,639,1 707,619,758,657,1 690,624,714,649,1 673,628,694,652,1 668,626,682,649,1 659,627,680,649,1 651,622,696,645,1 787,615,802,689,4 775,621,789,686,4
/data/user7/wt/datasets/M3FD/M3FD/VOCdevkit/VOC2007/JPEGImages/03423.jpg 975,612,1024,717,1 655,622,797,668,1 616,622,672,665,1 802,620,842,662,1 744,626,772,643,1 606,629,622,653,1 561,627,590,643,1 239,635,334,706,1 334,626,371,660,1 385,629,411,652,1 416,629,439,651,1 437,625,468,659,1 480,624,498,643,1 692,616,716,691,4 465,632,476,643,1
/data/user7/wt/datasets/M3FD/M3FD/VOCdevkit/VOC2007/JPEGImages/03424.jpg 882,613,1024,712,1 508,628,643,677,1 600,631,626,646,1 661,626,693,658,1 464,626,519,665,1 452,630,479,659,1 284,629,316,660,1 72,640,164,703,1 190,630,230,660,1 239,631,268,651,1 270,629,288,652,1 318,633,332,646,1 407,629,443,647,1 417,638,459,653,1 454,632,478,659,1 425,633,437,653,1 965,614,1024,767,4 564,619,577,693,4 543,618,565,696,4
/data/user7/wt/datasets/M3FD/M3FD/VOCdevkit/VOC2007/JPEGImages/03425.jpg 775,609,974,719,1 533,627,571,658,1 473,627,501,641,1 402,622,515,674,1 330,621,375,663,1 319,628,336,652,1 308,625,342,650,1 270,624,292,641,1 146,624,182,655,1 133,624,150,648,1 107,626,134,649,1 59,625,100,656,1 1,630,22,663,1 1,646,11,694,1 189,630,205,642,1 422,620,434,691,4 403,620,426,698,4 255,627,262,645,4 263,627,270,644,4 541,618,570,640,1
/data/user7/wt/datasets/M3FD/M3FD/VOCdevkit/VOC2007/JPEGImages/03426.jpg 607,602,811,729,1 242,617,337,673,1 363,622,391,653,1 298,623,326,639,1 139,619,221,666,1 122,620,155,645,1 99,620,125,645,1 991,643,1024,699,1 204,611,222,695,4 191,611,210,698,4 607,600,683,768,4 145,617,212,649,1 361,620,376,639,1
/data/user7/wt/datasets/M3FD/M3FD/VOCdevkit/VOC2007/JPEGImages/03427.jpg 857,617,1024,708,1 456,599,667,733,1 53,608,171,668,1 142,616,174,634,1 1,605,20,629,1 40,600,60,686,4 1,604,17,691,4 432,606,484,768,4
/data/user7/wt/datasets/M3FD/M3FD/VOCdevkit/VOC2007/JPEGImages/03430.jpg 1,624,156,768,1 383,627,617,729,1 593,640,697,720,1 605,635,769,715,1 702,638,874,702,1 784,625,969,693,1 943,638,1013,684,1 1007,624,1024,712,4
/data/user7/wt/datasets/M3FD/M3FD/VOCdevkit/VOC2007/JPEGImages/03431.jpg 1,655,25,734,1 281,605,524,709,1 499,618,605,702,1 501,613,677,694,1 611,619,781,682,1 694,607,874,675,1 850,620,921,666,1 983,670,1024,768,1 979,618,1024,698,1 937,616,990,656,1 924,608,947,688,4
/data/user7/wt/datasets/M3FD/M3FD/VOCdevkit/VOC2007/JPEGImages/03432.jpg 205,619,457,730,1 430,633,541,720,1 435,628,613,712,1 548,634,720,699,1 631,621,812,690,1 790,636,870,682,1 848,631,930,677,1 883,675,1024,768,1 920,631,1024,686,1 871,623,904,706,4
/data/user7/wt/datasets/M3FD/M3FD/VOCdevkit/VOC2007/JPEGImages/03433.jpg 1,665,94,751,1 1,642,186,741,1 115,650,307,721,1 216,637,408,709,1 389,650,489,693,1 319,614,923,768,1 433,635,472,721,4 471,648,511,675,1 925,650,953,672,4
/data/user7/wt/datasets/M3FD/M3FD/VOCdevkit/VOC2007/JPEGImages/03434.jpg 1,657,135,732,1 40,642,246,719,1 232,653,320,694,1 106,615,743,768,1 867,654,963,741,3 261,636,304,689,4 774,651,801,676,4
/data/user7/wt/datasets/M3FD/M3FD/VOCdevkit/VOC2007/JPEGImages/03435.jpg 1,641,127,718,1 1,611,618,768,1 751,657,852,745,3 142,638,165,670,4 874,649,1024,768,4 663,651,688,674,4
/data/user7/wt/datasets/M3FD/M3FD/VOCdevkit/VOC2007/JPEGImages/03436.jpg 1,638,132,721,1 15,651,360,768,1 296,647,377,727,1 432,625,706,768,1 355,613,443,768,4 47,679,91,719,3 82,644,123,689,4
/data/user7/wt/datasets/M3FD/M3FD/VOCdevkit/VOC2007/JPEGImages/03437.jpg 1,662,136,762,1 54,636,269,739,1 136,659,512,768,1 422,656,554,758,1 529,629,856,768,1 574,612,697,768,4
/data/user7/wt/datasets/M3FD/M3FD/VOCdevkit/VOC2007/JPEGImages/03438.jpg 1,609,253,768,1 151,655,445,764,1 319,645,470,729,1 836,627,1024,767,1 803,683,841,758,1 744,646,846,739,1 712,669,755,726,1 694,666,754,706,1 678,669,700,694,1 530,655,566,693,1 555,663,613,708,1 599,662,619,689,1 615,665,638,688,1 661,670,681,692,1 690,624,752,671,1 635,684,667,722,3 637,654,666,689,4
/data/user7/wt/datasets/M3FD/M3FD/VOCdevkit/VOC2007/JPEGImages/03439.jpg 832,636,1024,768,1 782,691,840,768,1 712,659,841,768,1 672,682,722,745,1 660,701,677,732,1 652,680,721,722,1 637,685,654,713,1 480,685,509,709,1 502,677,568,728,1 552,677,570,694,1 571,681,595,705,1 238,662,403,753,1 1,664,359,768,1 642,637,712,685,1 596,685,620,736,3 593,672,624,729,4
/data/user7/wt/datasets/M3FD/M3FD/VOCdevkit/VOC2007/JPEGImages/03440.jpg 1,679,361,768,1 238,665,415,764,1 519,679,583,731,1 571,680,594,708,1 590,684,618,710,1 884,631,1024,768,1 816,686,890,768,1 736,657,889,768,1 682,684,748,751,1 672,680,750,729,1 680,703,699,737,1 657,687,673,716,1 661,640,732,698,1 620,702,648,743,3 620,676,647,735,4 495,671,536,715,1 646,683,663,705,1
/data/user7/wt/datasets/M3FD/M3FD/VOCdevkit/VOC2007/JPEGImages/03441.jpg 1,679,365,768,1 244,658,452,768,1 570,674,636,731,1 922,689,1024,768,1 815,652,1024,768,1 739,676,825,728,1 745,701,770,738,1 763,678,831,755,1 544,665,584,709,1 619,674,646,704,1 640,679,670,706,1 667,671,693,691,1 731,629,799,698,1 696,686,735,735,3 712,666,741,736,4 689,681,704,699,1
/data/user7/wt/datasets/M3FD/M3FD/VOCdevkit/VOC2007/JPEGImages/03442.jpg 1,677,411,768,1 289,652,509,768,1 608,662,647,709,1 635,670,706,727,1 687,669,712,701,1 703,675,739,701,1 902,647,1023,768,1 843,673,921,754,1 822,689,857,737,1 811,671,916,740,1 751,674,772,696,1 771,673,786,701,1 796,624,876,681,1 787,679,814,732,3 803,666,821,695,4 729,665,758,685,1
/data/user7/wt/datasets/M3FD/M3FD/VOCdevkit/VOC2007/JPEGImages/03444.jpg 1,685,41,768,1 190,699,669,768,1 528,674,791,768,1 881,680,931,729,1 920,692,1002,756,1 984,693,1021,720,1 1005,682,1024,704,1
/data/user7/wt/datasets/M3FD/M3FD/VOCdevkit/VOC2007/JPEGImages/03446.jpg 795,669,1024,768,1 676,682,823,768,1 1,664,312,768,1 213,647,439,768,1 459,671,568,764,1 554,678,624,731,1 591,670,646,721,1 624,674,657,710,1 662,674,700,711,1 647,672,673,696,1 435,678,487,768,4 425,691,505,768,1 673,667,724,683,1
/data/user7/wt/datasets/M3FD/M3FD/VOCdevkit/VOC2007/JPEGImages/03447.jpg 817,672,1024,767,1 1,651,198,768,1 134,619,501,768,1 477,682,592,768,1 532,656,664,768,1 648,668,727,727,1 687,661,749,716,1 731,664,759,704,1 763,664,813,702,1 807,658,829,691,1 402,667,478,768,4 749,662,772,681,1
/data/user7/wt/datasets/M3FD/M3FD/VOCdevkit/VOC2007/JPEGImages/03448.jpg 28,606,492,768,1 462,679,594,768,1 526,655,670,767,1 654,666,732,731,1 691,659,755,717,1 768,660,823,702,1 764,656,837,696,1 837,658,1024,768,1 308,661,406,768,4 742,664,765,703,1 836,690,890,767,1
/data/user7/wt/datasets/M3FD/M3FD/VOCdevkit/VOC2007/JPEGImages/03450.jpg 1,705,437,768,1 384,650,657,768,1 631,671,743,759,1 687,663,768,740,1 778,668,840,718,1 754,666,793,685,1 939,674,1013,749,1 988,676,1024,768,1 873,630,883,643,4 829,664,850,700,1 933,663,989,707,1 912,664,938,685,1
/data/user7/wt/datasets/M3FD/M3FD/VOCdevkit/VOC2007/JPEGImages/03452.jpg 180,642,584,768,1 1,737,138,768,1 557,672,688,768,1 627,663,722,747,1 727,666,792,720,1 781,664,800,706,1 970,678,1023,768,1 904,678,1024,755,1 887,661,951,716,1 820,628,833,643,4 703,667,743,700,1 861,667,891,689,1
/data/user7/wt/datasets/M3FD/M3FD/VOCdevkit/VOC2007/JPEGImages/03453.jpg 1,635,519,768,1 517,670,663,768,1 597,661,695,753,1 705,668,771,723,1 762,664,780,707,1 973,680,1024,768,1 895,674,1024,762,1 876,662,928,721,1 838,667,868,690,1 802,631,813,646,4 676,668,719,704,1
/data/user7/wt/datasets/M3FD/M3FD/VOCdevkit/VOC2007/JPEGImages/03455.jpg 2,614,387,768,1 440,677,617,767,1 543,662,652,763,1 667,658,742,729,1 617,673,744,731,1 970,689,1024,768,1 872,677,1024,767,1 843,670,906,725,1 800,672,830,695,1 763,636,775,649,4 870,675,937,730,1
/data/user7/wt/datasets/M3FD/M3FD/VOCdevkit/VOC2007/JPEGImages/03456.jpg 321,650,538,768,1 461,636,581,751,1 598,649,673,710,1 597,641,679,690,1 940,663,1024,768,1 941,661,1024,759,1 828,652,999,761,1 816,650,890,707,1 786,644,844,703,1 739,646,769,671,1 704,607,714,620,4 557,649,589,713,1 569,647,616,687,1 757,643,777,669,1
/data/user7/wt/datasets/M3FD/M3FD/VOCdevkit/VOC2007/JPEGImages/03458.jpg 101,600,492,768,1 404,583,574,733,1 541,599,596,673,1 620,593,711,644,1 608,600,698,673,1 900,607,1024,752,1 866,605,961,678,1 830,597,899,662,1 776,600,806,625,1 794,596,817,623,1 735,559,747,572,4 580,598,636,648,1 818,591,878,654,1 902,608,1024,666,1
/data/user7/wt/datasets/M3FD/M3FD/VOCdevkit/VOC2007/JPEGImages/03460.jpg 1,565,420,768,1 317,541,561,732,1 513,558,599,644,1 615,559,715,644,1 649,553,723,621,1 706,555,730,589,1 976,619,1024,754,1 964,585,1024,682,1 906,565,1023,649,1 859,557,939,632,1 801,559,833,587,1 820,556,843,583,1 760,516,773,532,4 577,559,636,613,1 849,553,923,619,1
/data/user7/wt/datasets/M3FD/M3FD/VOCdevkit/VOC2007/JPEGImages/03461.jpg 1,546,414,768,1 344,565,516,681,1 545,568,676,667,1 505,563,695,627,1 595,556,673,601,1 664,559,695,598,1 911,569,1024,678,1 850,557,956,650,1 771,562,808,590,1 832,572,866,636,1 796,559,817,586,1 731,516,745,532,4 828,562,852,589,5
/data/user7/wt/datasets/M3FD/M3FD/VOCdevkit/VOC2007/JPEGImages/03462.jpg 117,577,389,766,1 459,582,650,728,1 551,569,668,672,1 450,573,686,650,1 640,571,682,622,1 974,606,1024,719,1 880,573,1024,698,1 848,590,896,670,1 773,575,807,608,1 790,572,815,601,1 824,575,854,603,5 724,523,741,541,4 858,568,926,612,1
/data/user7/wt/datasets/M3FD/M3FD/VOCdevkit/VOC2007/JPEGImages/03463.jpg 26,578,329,768,1 417,583,633,753,1 527,565,656,677,1 427,577,670,655,1 625,568,672,630,1 994,642,1024,737,1 886,574,1024,713,1 847,589,903,677,1 765,574,801,608,1 860,567,934,611,1 823,575,849,603,5 784,572,809,600,1 718,518,737,540,4 847,573,864,597,1
/data/user7/wt/datasets/M3FD/M3FD/VOCdevkit/VOC2007/JPEGImages/03464.jpg 1,578,168,768,1 305,588,587,768,1 468,569,616,709,1 410,579,639,665,1 587,570,640,642,1 1006,668,1024,768,1 874,579,1024,734,1 831,595,895,693,1 740,576,776,607,1 758,573,783,602,1 840,571,913,625,1 793,578,824,606,5 691,520,708,541,4 823,581,838,603,1
/data/user7/wt/datasets/M3FD/M3FD/VOCdevkit/VOC2007/JPEGImages/03465.jpg 208,594,560,768,1 430,567,599,726,1 374,583,621,674,1 567,573,632,647,1 882,577,1024,752,1 832,600,902,702,1 730,578,771,611,1 754,575,777,606,1 838,572,917,631,1 789,579,817,606,5 824,583,841,612,4 681,521,701,542,4 815,578,834,604,1
/data/user7/wt/datasets/M3FD/M3FD/VOCdevkit/VOC2007/JPEGImages/03466.jpg 1,625,356,768,1 196,577,474,759,1 162,599,513,714,1 414,579,491,636,1 455,585,544,669,1 838,585,1024,768,1 773,615,865,747,1 777,581,871,663,1 661,588,705,624,1 685,584,712,615,1 725,588,753,620,5 760,599,775,622,4 607,527,628,548,4 756,593,782,613,1 286,555,321,582,5
/data/user7/wt/datasets/M3FD/M3FD/VOCdevkit/VOC2007/JPEGImages/03467.jpg 1,574,253,768,1 80,613,426,768,1 65,599,443,768,1 194,594,294,634,1 280,600,430,683,1 386,582,465,645,1 429,585,557,705,1 890,644,1023,768,1 868,583,1012,718,1 717,596,765,633,1 744,592,772,625,1 787,596,817,628,5 858,596,876,625,1 649,521,673,547,4 199,539,305,620,5 823,602,852,628,1 815,595,832,614,1 837,606,847,628,4
/data/user7/wt/datasets/M3FD/M3FD/VOCdevkit/VOC2007/JPEGImages/03469.jpg 1,620,315,768,1 95,598,237,700,1 101,534,275,626,5 197,607,390,727,1 359,590,422,649,1 387,588,552,734,1 935,582,1024,768,1 885,600,946,645,1 747,598,797,641,1 772,595,803,633,1 818,599,848,632,5 864,619,881,637,4 662,509,695,594,4 847,599,865,617,1 855,604,884,633,1
/data/user7/wt/datasets/M3FD/M3FD/VOCdevkit/VOC2007/JPEGImages/03470.jpg 1,676,220,768,1 39,587,209,711,1 56,516,265,615,5 157,597,369,729,1 347,580,541,637,1 367,578,555,739,1 980,574,1024,768,1 758,592,812,634,1 786,587,817,625,1 833,592,866,626,5 904,591,969,637,1 953,592,988,653,1 891,598,905,633,4 679,503,710,536,4 873,596,893,626,1
/data/user7/wt/datasets/M3FD/M3FD/VOCdevkit/VOC2007/JPEGImages/03471.jpg 1,592,159,730,1 89,601,332,749,1 318,578,542,762,1 310,580,530,643,1 1,517,238,616,5 972,596,1024,661,1 927,596,984,644,1 763,594,822,641,1 796,590,826,630,1 841,595,876,632,5 880,602,912,634,1 896,602,911,636,4 682,502,713,535,4 868,595,889,622,1 913,603,938,638,1 988,602,1023,663,1 1005,611,1024,671,1
/data/user7/wt/datasets/M3FD/M3FD/VOCdevkit/VOC2007/JPEGImages/03472.jpg 910,649,1020,767,1 764,617,1011,766,1 369,612,462,693,1 641,616,751,700,1 618,626,650,688,1 448,611,474,673,1 451,607,496,661,5 515,615,561,663,5 567,625,613,665,1 573,627,591,671,4 590,629,606,672,4
/data/user7/wt/datasets/M3FD/M3FD/VOCdevkit/VOC2007/JPEGImages/03473.jpg 952,681,1024,768,1 785,612,1024,768,1 656,611,770,701,1 371,607,468,692,1 458,606,487,670,1 466,600,512,655,5 530,608,573,656,5 583,619,625,659,1 605,628,626,670,4 589,626,607,669,4 632,620,674,685,1 94,617,146,693,4
/data/user7/wt/datasets/M3FD/M3FD/VOCdevkit/VOC2007/JPEGImages/03475.jpg 330,642,457,745,1 858,643,1023,768,1 686,642,825,755,1 437,641,493,711,1 479,632,529,694,5 555,641,605,693,5 609,651,656,693,1 655,656,706,730,1 640,659,660,698,4 614,659,640,703,4
/data/user7/wt/datasets/M3FD/M3FD/VOCdevkit/VOC2007/JPEGImages/03476.jpg 337,627,485,744,1 728,628,882,755,1 947,686,1024,766,1 703,643,755,719,1 454,626,524,704,1 515,621,567,683,5 591,630,643,683,5 648,637,699,685,1 655,644,685,692,4 686,643,701,688,4
/data/user7/wt/datasets/M3FD/M3FD/VOCdevkit/VOC2007/JPEGImages/03477.jpg 338,633,500,756,1 760,632,928,767,1 729,649,786,733,1 471,633,547,710,1 539,624,594,688,5 619,633,671,687,5 679,642,722,686,1 689,642,713,698,4 713,650,732,693,4
/data/user7/wt/datasets/M3FD/M3FD/VOCdevkit/VOC2007/JPEGImages/03478.jpg 271,599,518,766,1 484,590,591,689,1 584,578,651,654,5 852,594,1024,766,1 812,614,891,724,1 675,589,736,650,5 733,587,759,604,1 742,603,797,650,1 778,608,803,657,4 799,609,831,664,4
/data/user7/wt/datasets/M3FD/M3FD/VOCdevkit/VOC2007/JPEGImages/03479.jpg 246,596,520,767,1 490,587,607,688,1 602,576,669,651,5 700,587,756,650,5 768,597,821,652,1 753,584,781,596,1 840,611,931,727,1 888,593,1024,768,1 798,601,821,656,4 835,608,862,655,4 815,600,838,627,1
/data/user7/wt/datasets/M3FD/M3FD/VOCdevkit/VOC2007/JPEGImages/03480.jpg 123,581,512,768,1 481,572,623,683,1 622,557,695,636,5 724,570,788,636,5 882,598,1007,735,1 949,587,1024,768,1 889,480,952,551,1 844,583,874,617,1 783,578,807,603,1 865,594,894,654,4 816,587,847,638,4 781,568,813,581,1
/data/user7/wt/datasets/M3FD/M3FD/VOCdevkit/VOC2007/JPEGImages/03481.jpg 1,597,470,768,1 456,585,606,706,1 608,571,689,652,5 716,582,780,653,5 888,612,1024,768,1 968,637,1024,768,1 789,595,854,652,1 841,598,870,634,1 774,580,804,631,1 800,609,830,651,4 860,604,901,671,4
/data/user7/wt/datasets/M3FD/M3FD/VOCdevkit/VOC2007/JPEGImages/03482.jpg 9,592,427,768,1 442,579,604,715,1 613,566,697,652,5 923,617,1024,768,1 725,576,795,652,5 802,593,873,652,1 856,593,889,634,1 787,577,820,591,1 890,612,923,672,4 812,615,845,666,4 931,639,958,670,3
/data/user7/wt/datasets/M3FD/M3FD/VOCdevkit/VOC2007/JPEGImages/03484.jpg 1,650,246,768,1 975,679,1024,768,1 377,600,582,759,1 599,584,693,679,5 724,600,798,677,5 809,612,885,679,1 868,615,902,658,1 788,596,822,653,1 817,630,858,691,4 906,640,947,704,4 961,670,994,723,3
/data/user7/wt/datasets/M3FD/M3FD/VOCdevkit/VOC2007/JPEGImages/03485.jpg 367,592,587,760,1 607,577,703,673,5 733,588,810,672,5 822,604,900,672,1 883,607,916,647,1 801,587,837,641,1 923,634,964,701,4 832,615,866,684,4 979,666,1020,723,3 1008,724,1023,768,1
/data/user7/wt/datasets/M3FD/M3FD/VOCdevkit/VOC2007/JPEGImages/03488.jpg 245,485,497,698,5 563,499,736,689,5 734,526,872,667,1 861,550,927,697,4
/data/user7/wt/datasets/M3FD/M3FD/VOCdevkit/VOC2007/JPEGImages/03489.jpg 246,484,496,700,5 565,505,735,687,5 733,530,886,669,1 875,550,940,697,4
/data/user7/wt/datasets/M3FD/M3FD/VOCdevkit/VOC2007/JPEGImages/03490.jpg 49,464,559,768,5 741,558,887,644,1 888,556,1024,757,1 734,537,791,583,1 910,563,950,604,1 781,540,803,559,1
/data/user7/wt/datasets/M3FD/M3FD/VOCdevkit/VOC2007/JPEGImages/03491.jpg 1,447,540,768,5 903,548,1024,768,1 915,559,973,609,1 735,552,889,645,1 727,532,784,578,1 774,536,794,553,1 438,544,469,577,1 470,547,538,580,1 720,548,731,560,1
/data/user7/wt/datasets/M3FD/M3FD/VOCdevkit/VOC2007/JPEGImages/03492.jpg 1,386,477,768,5 907,548,1024,764,1 706,546,870,646,1 898,546,998,647,1 692,527,747,571,1 324,536,459,585,1 427,543,493,623,1 681,542,694,556,1 739,529,756,546,1
/data/user7/wt/datasets/M3FD/M3FD/VOCdevkit/VOC2007/JPEGImages/03494.jpg 928,605,1024,768,1 1,348,358,766,5 867,570,1014,699,1 657,565,844,676,1 11,550,293,613,1 163,554,375,672,1 330,560,422,659,1 637,546,699,596,1 626,562,642,577,1
/data/user7/wt/datasets/M3FD/M3FD/VOCdevkit/VOC2007/JPEGImages/03495.jpg 5,618,325,768,5 20,563,264,621,1 175,562,347,687,1 305,562,395,661,1 638,570,828,681,1 854,574,1004,703,1 919,615,1024,768,1 620,547,688,597,1 610,566,623,579,1
/data/user7/wt/datasets/M3FD/M3FD/VOCdevkit/VOC2007/JPEGImages/03496.jpg 1,627,52,768,1 135,576,294,723,1 1,564,183,768,1 586,586,822,727,1 850,592,1024,767,1 569,565,631,617,1 560,584,573,596,1 622,570,643,591,1
/data/user7/wt/datasets/M3FD/M3FD/VOCdevkit/VOC2007/JPEGImages/03497.jpg 1,565,124,768,1 56,566,299,749,1 638,576,928,745,1 958,585,1024,754,1 616,552,684,609,1 604,572,620,588,1
/data/user7/wt/datasets/M3FD/M3FD/VOCdevkit/VOC2007/JPEGImages/03499.jpg 1,585,319,768,1 718,601,1024,768,1 681,571,750,633,1 665,590,684,608,1 742,579,760,627,1
/data/user7/wt/datasets/M3FD/M3FD/VOCdevkit/VOC2007/JPEGImages/03500.jpg 1,641,316,768,1 827,650,1024,768,1 722,634,753,656,1 746,617,824,683,1 815,625,830,676,1
/data/user7/wt/datasets/M3FD/M3FD/VOCdevkit/VOC2007/JPEGImages/03501.jpg 1,628,304,768,1 886,659,1024,768,1 776,609,858,680,1 749,628,784,650,1
/data/user7/wt/datasets/M3FD/M3FD/VOCdevkit/VOC2007/JPEGImages/03502.jpg 752,616,886,729,1 670,636,735,664,1 740,635,769,668,1
/data/user7/wt/datasets/M3FD/M3FD/VOCdevkit/VOC2007/JPEGImages/03504.jpg 695,611,907,768,1 588,641,661,669,1 668,637,709,675,1
/data/user7/wt/datasets/M3FD/M3FD/VOCdevkit/VOC2007/JPEGImages/03505.jpg 577,647,651,675,1 692,616,956,768,1 660,643,708,681,1 686,637,723,709,1
/data/user7/wt/datasets/M3FD/M3FD/VOCdevkit/VOC2007/JPEGImages/03506.jpg 543,665,662,710,1 693,663,850,733,1 539,664,563,678,1 378,711,443,766,3 773,719,838,767,3
/data/user7/wt/datasets/M3FD/M3FD/VOCdevkit/VOC2007/JPEGImages/03508.jpg 719,620,972,728,1 524,621,677,674,1 509,619,557,660,1 897,693,1024,766,3
/data/user7/wt/datasets/M3FD/M3FD/VOCdevkit/VOC2007/JPEGImages/03511.jpg 491,601,542,648,1 508,614,594,678,1 537,615,750,693,1 876,625,1024,768,1 837,636,910,730,1
/data/user7/wt/datasets/M3FD/M3FD/VOCdevkit/VOC2007/JPEGImages/03513.jpg 344,605,410,684,1 427,617,490,669,1 427,628,538,715,1 456,634,743,740,1 911,682,1024,768,1
/data/user7/wt/datasets/M3FD/M3FD/VOCdevkit/VOC2007/JPEGImages/03514.jpg 185,597,248,722,1 282,616,397,705,1 434,649,786,768,1 402,641,536,747,1 424,632,496,667,1
/data/user7/wt/datasets/M3FD/M3FD/VOCdevkit/VOC2007/JPEGImages/03516.jpg 78,527,278,695,1 309,570,448,667,1 461,614,906,768,1 436,607,598,720,1 491,589,556,610,1
/data/user7/wt/datasets/M3FD/M3FD/VOCdevkit/VOC2007/JPEGImages/03517.jpg 25,561,248,741,1 297,601,438,715,1 438,653,944,768,1 414,643,595,767,1 486,625,557,644,1
/data/user7/wt/datasets/M3FD/M3FD/VOCdevkit/VOC2007/JPEGImages/03518.jpg 1,555,200,732,1 257,600,407,721,1 378,636,571,768,1 400,643,947,768,1 458,618,528,639,1
/data/user7/wt/datasets/M3FD/M3FD/VOCdevkit/VOC2007/JPEGImages/03519.jpg 1,573,221,768,1 285,617,444,730,1 406,652,614,767,1 429,664,1024,763,1 500,630,568,655,1 551,633,641,688,1
/data/user7/wt/datasets/M3FD/M3FD/VOCdevkit/VOC2007/JPEGImages/03520.jpg 355,616,513,737,1 511,673,1020,768,1 25,565,289,768,1 574,634,641,656,1 624,641,725,693,1 478,656,692,768,1
/data/user7/wt/datasets/M3FD/M3FD/VOCdevkit/VOC2007/JPEGImages/03521.jpg 645,644,725,671,1 87,582,353,768,1 424,629,589,755,1 558,669,797,768,1 633,682,1024,767,1 710,650,822,713,1
/data/user7/wt/datasets/M3FD/M3FD/VOCdevkit/VOC2007/JPEGImages/03523.jpg 362,558,644,768,1 724,605,910,747,1 958,621,1023,676,1 912,652,1024,768,1
/data/user7/wt/datasets/M3FD/M3FD/VOCdevkit/VOC2007/JPEGImages/03525.jpg 745,537,1024,768,1 1,619,92,736,1 18,571,93,615,1
/data/user7/wt/datasets/M3FD/M3FD/VOCdevkit/VOC2007/JPEGImages/03526.jpg 46,633,255,766,1 9,613,253,704,1 1,618,45,690,1
/data/user7/wt/datasets/M3FD/M3FD/VOCdevkit/VOC2007/JPEGImages/03527.jpg 678,567,831,702,1 1,567,364,768,1 109,542,235,569,1 1,532,52,563,1 605,548,628,593,4 698,530,724,547,1 534,522,563,541,1 816,531,869,548,1 847,534,902,560,1 411,517,448,536,1 379,520,407,536,1 310,521,336,533,1
/data/user7/wt/datasets/M3FD/M3FD/VOCdevkit/VOC2007/JPEGImages/03528.jpg 331,657,565,737,1 629,671,885,768,1 559,641,581,695,4 689,646,706,670,4 798,622,848,639,1 823,625,883,639,1 667,622,695,639,1 483,613,502,635,1 520,619,541,636,1 314,614,341,629,1 353,611,389,625,1 283,617,314,627,1 25,606,36,626,4 62,606,112,624,1 543,622,570,635,1
/data/user7/wt/datasets/M3FD/M3FD/VOCdevkit/VOC2007/JPEGImages/03530.jpg 401,657,714,768,1 847,657,874,716,4 992,663,1017,703,4 959,637,990,657,1 756,625,792,649,1 867,636,897,656,1 615,622,659,642,1 577,625,610,642,1 511,620,535,635,1 331,618,378,633,1
/data/user7/wt/datasets/M3FD/M3FD/VOCdevkit/VOC2007/JPEGImages/03531.jpg 365,637,620,736,1 912,600,958,620,1 636,597,685,617,1 960,595,984,621,1
/data/user7/wt/datasets/M3FD/M3FD/VOCdevkit/VOC2007/JPEGImages/03533.jpg 1,678,224,768,1 766,681,924,717,1 744,644,800,662,1 954,653,985,663,1
/data/user7/wt/datasets/M3FD/M3FD/VOCdevkit/VOC2007/JPEGImages/03534.jpg 580,574,1024,768,1 801,536,837,567,1 590,531,648,563,1 545,536,582,560,1 210,534,266,553,1
/data/user7/wt/datasets/M3FD/M3FD/VOCdevkit/VOC2007/JPEGImages/03535.jpg 570,643,613,677,1 634,649,677,681,1 834,649,877,677,1 671,648,689,664,1 690,649,709,662,1 723,651,741,663,1 740,647,757,663,1 903,649,917,693,4 822,648,836,690,4
/data/user7/wt/datasets/M3FD/M3FD/VOCdevkit/VOC2007/JPEGImages/03536.jpg 562,648,603,682,1 628,654,668,684,1 822,654,882,682,1 661,652,679,667,1 680,651,701,667,1 714,654,731,667,1 731,651,744,664,1 910,654,934,706,4 936,656,949,704,4 952,659,967,702,4 742,653,752,664,1 822,655,838,693,4
/data/user7/wt/datasets/M3FD/M3FD/VOCdevkit/VOC2007/JPEGImages/03539.jpg 839,655,884,688,1 542,650,584,685,1 611,655,650,685,1 643,656,659,669,1 663,652,683,668,1 694,654,712,670,1 717,655,734,667,1 829,655,846,703,4 965,656,989,716,4 949,657,961,696,4 1009,660,1023,695,4 991,659,1007,698,4 960,658,969,693,4 933,659,939,690,4 710,652,720,666,1
/data/user7/wt/datasets/M3FD/M3FD/VOCdevkit/VOC2007/JPEGImages/03540.jpg 547,639,593,676,1 620,646,657,675,1 650,645,667,662,1 670,643,691,659,1 699,644,718,660,1 870,651,910,680,1 720,643,734,658,1 782,648,798,665,1 852,646,876,705,4 1001,646,1019,695,4 735,645,744,655,1 963,649,976,688,4 980,647,992,689,4
/data/user7/wt/datasets/M3FD/M3FD/VOCdevkit/VOC2007/JPEGImages/03542.jpg 524,640,576,681,1 619,647,656,675,1 658,644,678,663,1 677,651,696,666,1 695,647,713,660,1 716,648,737,665,1 835,641,858,706,4 863,641,890,704,4
/data/user7/wt/datasets/M3FD/M3FD/VOCdevkit/VOC2007/JPEGImages/03543.jpg 521,626,578,674,1 622,632,660,664,1 663,630,680,649,1 674,634,699,654,1 718,637,738,654,1 696,631,709,647,1 704,636,718,648,1 867,640,890,683,1 845,640,877,668,1
/data/user7/wt/datasets/M3FD/M3FD/VOCdevkit/VOC2007/JPEGImages/03544.jpg 894,651,949,695,1 513,635,572,684,1 618,642,654,673,1 657,641,674,659,1 669,646,697,665,1 693,641,712,658,1 709,644,735,665,1 893,634,906,650,4 858,650,904,686,1 842,650,869,680,1 799,644,826,668,1
/data/user7/wt/datasets/M3FD/M3FD/VOCdevkit/VOC2007/JPEGImages/03545.jpg 492,636,552,684,1 599,641,638,670,1 642,639,658,657,1 658,641,686,663,1 677,638,694,653,1 692,641,721,665,1 803,641,823,665,1 895,649,968,695,1 957,651,1024,711,1 900,631,911,652,4 482,632,493,653,4
/data/user7/wt/datasets/M3FD/M3FD/VOCdevkit/VOC2007/JPEGImages/03546.jpg 473,636,542,692,1 594,644,634,675,1 974,659,1024,724,1 902,654,938,701,1 681,646,718,674,1 657,646,682,667,1 635,642,655,660,1 915,637,928,656,4 882,641,893,660,4 453,632,471,674,4 812,646,826,674,1
/data/user7/wt/datasets/M3FD/M3FD/VOCdevkit/VOC2007/JPEGImages/03547.jpg 468,636,539,696,1 592,643,634,675,1 682,645,718,676,1 656,645,684,668,1 632,643,654,661,1 700,629,723,646,1 925,656,1003,710,1 804,643,837,673,1 904,632,917,663,4 944,633,956,658,4 928,635,937,667,4 437,633,454,686,4
/data/user7/wt/datasets/M3FD/M3FD/VOCdevkit/VOC2007/JPEGImages/03551.jpg 422,621,510,695,1 853,622,888,666,1 678,633,741,677,1 590,627,634,662,1 626,625,638,642,1 643,625,666,647,1 663,628,692,652,1 678,612,706,630,1 311,611,365,733,4
/data/user7/wt/datasets/M3FD/M3FD/VOCdevkit/VOC2007/JPEGImages/03552.jpg 392,620,486,692,1 827,625,881,669,1 662,631,728,680,1 561,628,580,654,1 576,628,616,663,1 606,626,624,644,1 622,624,647,648,1 647,630,675,657,1 657,613,687,630,1 255,613,317,756,4 602,614,645,630,5
/data/user7/wt/datasets/M3FD/M3FD/VOCdevkit/VOC2007/JPEGImages/03553.jpg 348,620,456,702,1 841,625,909,672,1 658,632,747,696,1 531,628,561,653,1 555,628,600,663,1 601,623,632,650,1 627,621,641,638,1 640,635,670,656,1 795,622,815,663,4 828,625,842,660,4 639,608,672,629,0 574,610,606,628,5
/data/user7/wt/datasets/M3FD/M3FD/VOCdevkit/VOC2007/JPEGImages/03554.jpg 886,619,928,678,1 683,637,792,710,1 348,622,462,707,1 542,630,569,656,1 574,629,613,663,1 617,628,647,656,1 641,625,659,647,1 660,628,697,661,1 688,627,709,646,1 833,623,854,673,4 654,609,686,630,0
/data/user7/wt/datasets/M3FD/M3FD/VOCdevkit/VOC2007/JPEGImages/03555.jpg 824,652,1024,768,1 340,621,491,734,1 559,633,592,659,1 715,636,763,674,1 752,637,771,662,1 604,632,626,652,1 610,634,672,674,1 657,627,692,664,1 681,626,707,663,1 809,629,821,664,4 823,583,836,621,4 694,610,726,632,0
/data/user7/wt/datasets/M3FD/M3FD/VOCdevkit/VOC2007/JPEGImages/03556.jpg 910,668,1024,768,1 327,623,490,738,1 553,632,592,660,1 600,632,626,654,1 613,633,677,677,1 722,636,770,673,1 660,628,695,668,1 685,628,712,665,1 817,629,835,668,4 839,623,858,685,4 691,611,726,632,0
/data/user7/wt/datasets/M3FD/M3FD/VOCdevkit/VOC2007/JPEGImages/03557.jpg 274,611,463,746,1 523,625,563,656,1 569,625,600,649,1 589,627,661,677,1 646,625,678,662,1 711,631,761,672,1 771,629,800,643,1 842,619,868,689,4 810,625,827,667,4 664,605,703,627,0 669,625,689,662,1
/data/user7/wt/datasets/M3FD/M3FD/VOCdevkit/VOC2007/JPEGImages/03559.jpg 131,606,386,766,1 671,627,726,671,1 459,622,499,655,1 508,623,540,649,1 526,627,613,683,1 580,619,626,671,1 618,618,644,665,1 648,609,680,621,1 857,611,891,707,4 499,620,513,665,1 791,618,807,668,4 609,600,643,617,0 643,623,658,650,1
/data/user7/wt/datasets/M3FD/M3FD/VOCdevkit/VOC2007/JPEGImages/03560.jpg 4,612,253,768,1 180,634,217,665,1 194,614,398,768,1 371,638,433,717,1 397,632,457,701,1 434,633,486,678,1 504,635,594,709,1 593,628,610,644,1 477,633,504,672,1 427,598,490,631,0 679,620,699,665,4 673,619,683,660,4
/data/user7/wt/datasets/M3FD/M3FD/VOCdevkit/VOC2007/JPEGImages/03561.jpg 1,654,125,768,1 13,637,123,697,1 91,610,367,768,1 334,642,426,727,1 364,632,445,702,1 424,626,482,682,1 467,631,502,673,1 501,636,596,710,1 593,625,610,643,1 421,595,483,627,0 683,617,702,666,4
/data/user7/wt/datasets/M3FD/M3FD/VOCdevkit/VOC2007/JPEGImages/03562.jpg 1,621,326,768,1 279,651,409,753,1 347,643,438,721,1 414,640,476,697,1 499,646,595,727,1 595,637,612,653,1 468,642,500,687,1 416,607,483,639,0 689,628,708,682,4
/data/user7/wt/datasets/M3FD/M3FD/VOCdevkit/VOC2007/JPEGImages/03564.jpg 442,632,485,687,1 94,618,141,663,1 141,621,197,685,1 908,689,1024,766,1 244,628,305,768,4 1,613,93,768,4 828,596,1024,697,0 810,600,855,674,0 674,392,712,500,2 327,493,363,572,2 473,643,529,707,2 143,672,361,768,3 27,600,45,639,4 120,613,157,680,4
/data/user7/wt/datasets/M3FD/M3FD/VOCdevkit/VOC2007/JPEGImages/03566.jpg 580,679,1024,768,1 714,652,837,683,1 794,647,881,679,1 876,656,988,701,1 836,636,872,678,4 422,601,464,686,0 443,605,721,704,0 276,354,317,475,2 9,659,75,736,3
/data/user7/wt/datasets/M3FD/M3FD/VOCdevkit/VOC2007/JPEGImages/03567.jpg 288,676,795,768,1 772,671,1024,768,1 460,645,561,676,1 602,644,734,692,1 819,636,862,682,1 877,639,917,671,1 951,569,1024,700,5 559,625,594,676,4 974,635,994,665,4 105,594,193,680,0 168,588,458,703,0 599,644,634,679,1
/data/user7/wt/datasets/M3FD/M3FD/VOCdevkit/VOC2007/JPEGImages/03569.jpg 293,667,599,768,1 513,535,729,765,5 725,641,792,716,1 446,623,482,668,1 338,624,449,671,1 146,635,286,695,1 1,640,105,705,1 40,628,158,705,1 825,646,925,729,1 777,642,814,695,1 787,640,822,680,1 933,633,985,684,1 538,623,576,655,4 624,610,666,652,4 987,643,1010,691,4 789,618,826,652,5
/data/user7/wt/datasets/M3FD/M3FD/VOCdevkit/VOC2007/JPEGImages/03570.jpg 15,677,424,768,1 1,640,101,698,1 169,626,294,674,1 331,525,601,759,5 582,646,658,727,1 643,651,672,703,1 656,643,687,687,1 695,656,786,732,1 795,640,844,690,1 870,658,999,701,1 365,622,405,662,4 460,614,507,662,4 847,647,869,700,4 965,656,992,705,4 904,633,937,720,4 650,623,686,653,5 902,636,922,711,4 568,668,602,751,1
/data/user7/wt/datasets/M3FD/M3FD/VOCdevkit/VOC2007/JPEGImages/03571.jpg 1,683,248,768,1 101,622,194,672,1 192,499,502,768,5 501,644,579,730,1 566,647,597,700,1 581,643,610,687,1 625,652,713,728,1 724,635,775,693,1 806,657,934,694,1 352,605,402,661,4 230,618,277,656,4 845,630,881,721,4 840,628,859,707,4 781,644,802,701,4 575,619,614,650,5 876,653,893,706,4 912,648,933,708,4 611,649,626,672,1 649,635,666,649,1 482,664,521,759,1
/data/user7/wt/datasets/M3FD/M3FD/VOCdevkit/VOC2007/JPEGImages/03572.jpg 8,465,410,766,5 405,669,443,768,1 421,648,515,748,1 507,658,539,711,1 521,651,554,695,1 573,658,657,731,1 672,644,725,701,1 758,666,897,713,1 41,610,108,671,4 193,590,268,671,4 818,635,854,738,4 800,639,825,725,4 734,651,755,714,4 884,666,903,718,4 517,628,554,658,5 846,664,861,722,4 645,652,668,680,1 553,645,570,680,1
/data/user7/wt/datasets/M3FD/M3FD/VOCdevkit/VOC2007/JPEGImages/03573.jpg 1,393,356,768,5 348,650,407,768,1 385,633,491,743,1 477,639,521,702,1 505,634,536,678,1 558,646,642,714,1 499,609,540,637,5 659,629,718,692,1 750,657,897,702,1 719,638,749,704,4 809,624,836,727,4 830,620,868,733,4 14,558,104,662,4 893,655,913,710,4 533,640,553,668,1 559,628,572,639,1 633,639,655,672,1 582,626,598,639,1
/data/user7/wt/datasets/M3FD/M3FD/VOCdevkit/VOC2007/JPEGImages/03575.jpg 1,654,208,768,1 215,647,402,768,1 370,645,419,728,1 398,633,465,706,1 506,637,570,711,1 828,661,1021,745,1 829,657,935,690,1 754,667,803,705,1 629,642,661,698,1 606,635,643,681,1 422,601,482,683,5 548,629,564,640,1 520,627,536,640,1 542,633,611,756,4 785,631,829,756,4 71,617,112,657,4 660,620,752,721,1
/data/user7/wt/datasets/M3FD/M3FD/VOCdevkit/VOC2007/JPEGImages/03576.jpg 1,682,81,768,1 114,651,359,768,1 326,651,394,749,1 376,636,453,713,1 414,598,475,685,5 486,641,507,665,4 501,645,584,708,1 664,624,779,735,1 768,668,828,720,1 859,663,986,695,1 545,630,566,642,1 517,630,537,642,1 606,636,661,768,4 818,635,862,768,4 17,608,59,710,4 641,646,674,705,1 865,666,1024,763,1 485,651,503,679,3
/data/user7/wt/datasets/M3FD/M3FD/VOCdevkit/VOC2007/JPEGImages/03577.jpg 1,657,273,768,1 218,660,354,768,1 335,638,431,728,1 393,596,464,700,5 462,642,486,684,1 464,623,500,647,5 498,649,578,715,1 608,640,662,691,1 642,651,686,718,1 673,622,810,749,1 928,670,1024,714,1 807,670,871,736,1 544,631,563,647,1 515,635,534,647,1 868,651,936,768,4 730,643,806,768,4 933,702,1024,765,1 479,640,497,679,4 481,654,497,686,3
/data/user7/wt/datasets/M3FD/M3FD/VOCdevkit/VOC2007/JPEGImages/03578.jpg 12,662,170,768,1 120,656,312,768,1 246,631,306,661,1 303,632,417,733,1 380,587,461,694,5 456,638,482,675,1 498,641,578,704,1 614,631,675,685,1 648,640,705,718,1 693,609,850,759,1 842,661,902,734,1 986,660,1024,745,1 544,623,564,638,1 516,624,534,639,1 877,632,949,768,4 944,635,999,768,4 462,613,498,639,5 480,636,496,668,4 480,647,495,681,3
/data/user7/wt/datasets/M3FD/M3FD/VOCdevkit/VOC2007/JPEGImages/03579.jpg 1,658,252,768,1 208,633,280,692,1 241,633,399,757,1 368,586,452,702,5 455,640,480,680,1 505,645,584,704,1 624,637,688,689,1 660,646,733,730,1 713,606,927,768,1 894,672,1003,751,1 948,701,1004,755,1 548,626,569,640,1 518,632,537,644,1 529,624,544,636,1 996,659,1024,752,4 387,637,416,717,1 460,615,502,656,5 475,635,498,675,4 477,652,495,688,3
/data/user7/wt/datasets/M3FD/M3FD/VOCdevkit/VOC2007/JPEGImages/03580.jpg 1,689,121,768,1 157,644,225,713,1 150,642,360,768,1 343,646,395,749,1 348,595,445,723,5 512,651,588,712,1 446,650,479,694,1 461,625,502,663,5 553,634,570,648,1 517,641,543,658,1 754,607,1024,768,1 675,658,766,758,1 629,645,710,708,1 470,649,498,693,4 476,664,492,704,3
/data/user7/wt/datasets/M3FD/M3FD/VOCdevkit/VOC2007/JPEGImages/03581.jpg 59,649,330,768,1 305,651,377,766,1 324,589,435,739,5 442,657,479,708,1 520,659,595,720,1 462,631,504,684,5 793,609,1024,768,1 697,667,815,768,1 639,649,722,724,1 517,647,544,665,1 557,640,576,654,1 640,635,684,664,1 469,651,492,684,4 474,675,497,714,3
/data/user7/wt/datasets/M3FD/M3FD/VOCdevkit/VOC2007/JPEGImages/03582.jpg 1,643,272,768,1 233,651,350,768,1 296,581,427,748,5 421,662,445,722,1 435,656,480,710,1 526,660,600,718,1 724,670,898,768,1 877,603,1024,768,1 560,639,580,651,1 533,639,553,653,1 660,636,694,652,1 462,629,504,661,5 466,665,479,699,4 479,652,496,707,4 472,689,510,722,3 649,652,751,733,1 520,648,546,668,1
/data/user7/wt/datasets/M3FD/M3FD/VOCdevkit/VOC2007/JPEGImages/03583.jpg 1,496,326,768,5 318,662,397,766,1 385,659,477,731,1 737,647,940,768,1 714,622,784,718,1 557,654,611,704,1 459,620,517,690,5 530,648,563,677,1 583,644,613,657,1 974,656,988,709,4 990,659,1006,711,4 600,665,641,753,4 625,654,672,749,4 687,643,695,676,4 696,642,708,679,4 602,696,703,763,3 551,638,572,656,1
/data/user7/wt/datasets/M3FD/M3FD/VOCdevkit/VOC2007/JPEGImages/03584.jpg 123,672,328,768,1 326,666,465,764,1 852,652,1024,765,1 583,658,645,704,1 454,623,522,700,5 768,619,881,747,1 536,654,581,689,1 598,645,630,658,1 555,644,579,653,1 203,642,230,673,4 242,638,273,673,4 710,644,730,689,4 724,645,741,687,4 744,644,758,688,4 803,678,855,767,4 842,666,889,746,4 6,390,131,768,5
/data/user7/wt/datasets/M3FD/M3FD/VOCdevkit/VOC2007/JPEGImages/03585.jpg 1,677,270,768,1 271,663,453,768,1 800,612,944,758,1 601,659,655,703,1 452,617,524,702,5 539,655,587,692,1 604,643,636,660,1 555,642,585,658,1 179,638,212,679,4 219,633,254,700,4 726,643,740,684,4 741,643,755,686,4 756,641,770,684,4
/data/user7/wt/datasets/M3FD/M3FD/VOCdevkit/VOC2007/JPEGImages/03586.jpg 141,669,409,768,1 431,613,509,705,5 846,600,1024,766,1 600,652,656,698,1 526,652,582,698,1 544,640,573,655,1 596,639,626,663,1 126,635,161,721,4 169,629,207,718,4 732,639,749,687,4 747,642,763,688,4 759,639,773,684,4 806,639,824,696,4
/data/user7/wt/datasets/M3FD/M3FD/VOCdevkit/VOC2007/JPEGImages/03587.jpg 53,672,373,768,1 413,614,505,710,1 517,655,578,707,1 599,654,652,701,1 593,641,623,665,1 884,597,1024,768,1 86,633,127,723,4 130,626,174,695,4 741,643,756,694,4 759,645,776,695,4 818,638,844,703,4
/data/user7/wt/datasets/M3FD/M3FD/VOCdevkit/VOC2007/JPEGImages/03589.jpg 170,611,297,704,1 238,644,421,768,1 373,633,438,677,1 673,639,761,682,1 807,627,849,646,1 696,627,717,682,4 895,615,931,722,4 923,613,961,723,4 966,617,1006,721,4 356,616,381,641,1 233,608,270,711,4
/data/user7/wt/datasets/M3FD/M3FD/VOCdevkit/VOC2007/JPEGImages/03590.jpg 1,586,132,738,1 362,620,451,677,1 318,594,344,622,1 275,595,308,624,1 775,623,886,673,1 930,625,974,664,1 890,615,934,650,1 720,599,745,683,4 819,606,869,623,1 932,597,989,615,1
/data/user7/wt/datasets/M3FD/M3FD/VOCdevkit/VOC2007/JPEGImages/03591.jpg 1,627,261,755,1 279,615,341,654,1 355,618,409,654,1 37,611,129,631,1 498,618,518,639,1 405,624,458,650,1 549,619,579,641,1 220,618,252,646,1 256,619,277,645,1 716,622,744,704,4 581,614,595,649,4 625,614,638,647,4 288,603,361,643,1 198,602,220,633,4
/data/user7/wt/datasets/M3FD/M3FD/VOCdevkit/VOC2007/JPEGImages/03592.jpg 5,639,54,750,1 37,665,212,764,1 240,639,374,762,1 382,648,504,756,1 505,666,588,742,1 699,660,855,731,1 809,671,897,729,1 886,684,945,728,1 897,674,1009,720,1 214,639,244,751,4 582,667,643,768,4 639,695,676,762,3 741,688,785,742,3 632,657,653,689,4
/data/user7/wt/datasets/M3FD/M3FD/VOCdevkit/VOC2007/JPEGImages/03593.jpg 1,654,117,765,1 144,620,296,768,1 320,638,460,760,1 460,657,644,731,1 669,648,846,718,1 815,657,889,717,1 884,676,940,715,1 888,656,1007,709,1 472,629,551,767,4 113,627,152,754,4 583,686,651,764,3 727,684,766,737,3 970,661,1024,704,1 591,646,615,672,4
/data/user7/wt/datasets/M3FD/M3FD/VOCdevkit/VOC2007/JPEGImages/03595.jpg 114,656,388,768,1 1,626,44,765,1 439,652,665,749,1 601,665,713,735,1 693,676,776,740,1 710,666,836,730,1 817,667,884,727,1 885,666,990,745,1 840,646,960,677,1 502,690,576,768,3 255,711,390,768,3 844,666,896,693,1 962,666,1006,709,1 989,667,1024,699,1
/data/user7/wt/datasets/M3FD/M3FD/VOCdevkit/VOC2007/JPEGImages/03596.jpg 1,678,126,768,1 261,672,524,768,1 449,688,586,768,1 534,685,660,768,1 580,686,722,758,1 694,686,772,746,1 770,687,880,764,1 729,681,787,708,1 723,663,837,700,1 858,686,924,724,1 927,681,1024,768,1 315,723,414,768,3 263,641,284,662,4
/data/user7/wt/datasets/M3FD/M3FD/VOCdevkit/VOC2007/JPEGImages/03597.jpg 91,663,405,768,1 314,682,481,766,1 420,686,555,768,1 470,686,626,761,1 603,691,681,751,1 673,683,799,768,1 853,689,1006,768,1 784,685,833,727,1 627,660,755,688,1 129,726,252,768,3 106,626,122,651,4
/data/user7/wt/datasets/M3FD/M3FD/VOCdevkit/VOC2007/JPEGImages/03598.jpg 1,649,224,768,1 118,668,330,762,1 242,673,413,768,1 333,673,501,759,1 441,677,563,749,1 556,677,689,768,1 510,648,636,693,1 514,672,584,709,1 670,676,720,719,1 746,670,805,760,1 767,678,927,767,1 915,695,1024,768,1 975,680,987,699,4 997,679,1012,714,4 1008,680,1024,717,4 894,680,924,711,1 719,686,743,715,1
/data/user7/wt/datasets/M3FD/M3FD/VOCdevkit/VOC2007/JPEGImages/03599.jpg 1,649,169,765,1 176,652,398,744,1 93,652,283,768,1 320,652,461,730,1 455,649,596,752,1 684,654,864,768,1 850,669,962,768,1 651,644,726,743,1 412,621,547,663,1 407,646,484,687,1 580,650,635,693,1 1010,645,1024,719,4 942,650,955,686,4 882,651,892,667,4 631,658,656,689,1 907,650,922,672,4 927,650,940,684,4 986,660,1008,685,3 737,637,760,655,5
/data/user7/wt/datasets/M3FD/M3FD/VOCdevkit/VOC2007/JPEGImages/03602.jpg 308,672,599,768,1 851,696,1024,768,1 802,685,910,768,1 773,684,830,744,1 615,656,652,705,5 192,614,353,732,1 710,681,738,703,1 34,676,74,722,4 164,660,195,721,4 975,679,995,697,4 689,684,711,699,1 658,686,678,700,1 846,675,857,687,4 811,675,821,686,4 515,666,582,706,1
/data/user7/wt/datasets/M3FD/M3FD/VOCdevkit/VOC2007/JPEGImages/03603.jpg 236,607,393,683,5 240,666,559,768,1 961,701,1024,768,1 887,688,1018,768,1 847,685,921,752,1 506,673,575,723,1 518,667,598,718,1 575,669,623,715,1 673,655,707,705,5 771,681,798,705,1 210,654,239,728,4 65,673,106,719,4 749,683,771,702,1 709,679,731,700,1 856,674,872,698,4 882,676,889,686,4 920,675,933,689,4
/data/user7/wt/datasets/M3FD/M3FD/VOCdevkit/VOC2007/JPEGImages/03604.jpg 458,582,676,735,5 667,651,778,744,1 772,673,908,743,1 824,666,934,734,1 910,668,959,726,1 996,656,1024,714,5 243,666,281,718,4 396,645,439,734,4 1,635,53,768,1
/data/user7/wt/datasets/M3FD/M3FD/VOCdevkit/VOC2007/JPEGImages/03605.jpg 536,593,763,755,5 749,662,875,757,1 869,682,1017,759,1 467,658,509,751,4 303,681,344,738,4 919,672,1024,747,1
/data/user7/wt/datasets/M3FD/M3FD/VOCdevkit/VOC2007/JPEGImages/03606.jpg 689,591,954,758,5 939,664,1024,767,1 616,668,666,768,4 441,694,490,755,4 39,632,67,686,4
/data/user7/wt/datasets/M3FD/M3FD/VOCdevkit/VOC2007/JPEGImages/03609.jpg 75,660,352,768,1 948,732,998,768,4 1,674,66,768,1
/data/user7/wt/datasets/M3FD/M3FD/VOCdevkit/VOC2007/JPEGImages/03610.jpg 1,680,186,768,1 180,679,382,768,1 255,693,374,767,1 312,655,627,768,1
/data/user7/wt/datasets/M3FD/M3FD/VOCdevkit/VOC2007/JPEGImages/03611.jpg 55,678,264,768,1 431,656,772,768,1 271,676,480,768,1 359,694,486,768,1 41,696,69,718,1 249,692,354,761,1
/data/user7/wt/datasets/M3FD/M3FD/VOCdevkit/VOC2007/JPEGImages/03613.jpg 1,704,213,768,1 118,687,275,749,1 320,681,405,761,1 200,684,290,737,1 281,684,325,734,1 424,690,600,768,1 848,684,1024,768,1 738,704,969,768,1 711,704,893,765,1 615,682,821,748,1 581,691,607,744,4 636,728,689,768,3 404,690,421,719,1
/data/user7/wt/datasets/M3FD/M3FD/VOCdevkit/VOC2007/JPEGImages/03614.jpg 1,690,271,768,1 188,681,313,765,1 294,682,357,735,1 321,676,481,768,1 557,687,745,768,1 865,672,1023,768,1 820,680,990,768,1 799,695,925,760,1 729,692,843,737,1 478,687,521,724,1 756,688,789,768,4 22,722,157,768,3 521,689,583,720,1
/data/user7/wt/datasets/M3FD/M3FD/VOCdevkit/VOC2007/JPEGImages/03616.jpg 1,684,176,768,1 76,672,240,767,1 221,665,440,768,1 547,686,770,768,1 941,722,1024,766,1 869,681,1024,768,1 454,675,497,715,1 495,679,575,714,1 771,676,809,768,4 870,687,1001,726,1 823,685,968,762,1 747,681,859,724,1
/data/user7/wt/datasets/M3FD/M3FD/VOCdevkit/VOC2007/JPEGImages/03617.jpg 5,657,319,768,1 303,666,361,747,1 494,669,834,768,1 879,692,1024,768,1 852,689,984,764,1 791,682,887,716,1 826,678,1021,757,1 406,675,450,720,1 356,664,395,730,1 453,684,539,719,1
/data/user7/wt/datasets/M3FD/M3FD/VOCdevkit/VOC2007/JPEGImages/03618.jpg 1,652,298,768,1 283,665,355,749,1 348,668,386,733,1 464,676,843,768,1 889,696,1024,768,1 858,689,1023,766,1 815,678,1024,759,1 399,678,450,721,1 450,682,527,718,1
/data/user7/wt/datasets/M3FD/M3FD/VOCdevkit/VOC2007/JPEGImages/03619.jpg 1,657,292,768,1 271,671,346,756,1 342,675,382,740,1 393,682,446,727,1 444,690,525,725,1 457,682,843,768,1 891,702,1021,768,1 857,699,1024,768,1 791,691,893,715,1 825,682,1024,762,1
/data/user7/wt/datasets/M3FD/M3FD/VOCdevkit/VOC2007/JPEGImages/03620.jpg 4,657,288,768,1 276,671,342,756,1 338,671,380,739,1 395,681,446,726,1 444,689,520,725,1 490,684,855,768,1 894,699,1024,768,1 859,695,1024,768,1 833,685,1024,759,1 813,691,887,717,1 679,675,699,691,4
/data/user7/wt/datasets/M3FD/M3FD/VOCdevkit/VOC2007/JPEGImages/03621.jpg 1,652,289,768,1 269,672,386,755,1 395,682,445,729,1 445,690,523,724,1 454,679,888,768,1 815,689,886,714,1 893,700,1024,768,1 861,696,1024,761,1 855,685,1024,727,1 695,675,721,693,4
/data/user7/wt/datasets/M3FD/M3FD/VOCdevkit/VOC2007/JPEGImages/03622.jpg 5,659,279,768,1 273,672,380,756,1 394,682,447,728,1 446,690,523,725,1 433,682,932,768,1 930,698,1024,768,1 883,682,1024,715,1
/data/user7/wt/datasets/M3FD/M3FD/VOCdevkit/VOC2007/JPEGImages/03623.jpg 425,680,992,768,1 1,651,282,768,1 270,671,374,753,1 394,682,443,727,1 442,688,524,718,1 928,696,1024,767,1 899,681,1024,706,1
/data/user7/wt/datasets/M3FD/M3FD/VOCdevkit/VOC2007/JPEGImages/03624.jpg 1,659,303,768,1 283,673,384,754,1 407,682,445,725,1 445,691,526,726,1 542,695,561,722,1 885,702,1024,768,1 805,683,1024,768,1 855,699,1024,768,1 742,695,890,760,1 629,692,654,746,4 394,684,426,728,4 483,692,500,727,4 661,707,681,742,4 394,708,428,752,3 525,689,539,728,4 721,709,742,753,1 699,714,721,741,1 682,683,774,738,1 613,700,627,730,4
/data/user7/wt/datasets/M3FD/M3FD/VOCdevkit/VOC2007/JPEGImages/03625.jpg 1,666,323,768,1 298,677,391,758,1 418,689,449,731,1 452,693,529,731,1 617,703,650,735,1 547,700,565,726,1 880,703,1024,766,1 851,700,996,768,1 804,690,995,768,1 743,698,820,753,1 698,709,750,749,1 397,694,434,755,4 655,695,677,731,4 402,713,427,755,3 684,687,778,743,1 532,695,549,736,4
/data/user7/wt/datasets/M3FD/M3FD/VOCdevkit/VOC2007/JPEGImages/03626.jpg 1,673,322,768,1 302,679,394,758,1 420,691,451,731,1 544,701,565,728,1 615,705,653,736,1 893,711,1024,768,1 850,700,1024,766,1 805,693,1024,765,1 744,701,849,760,1 705,715,744,752,1 390,690,436,757,4 532,698,549,735,4 394,714,432,762,3 455,698,527,732,1
/data/user7/wt/datasets/M3FD/M3FD/VOCdevkit/VOC2007/JPEGImages/03628.jpg 1,645,348,768,1 326,689,472,768,1 481,700,532,744,1 532,707,562,738,1 623,712,647,740,1 704,715,745,750,1 871,712,1024,766,1 764,710,796,765,1 846,698,1001,768,1 788,702,891,760,1 813,727,866,765,1 564,698,591,752,4 592,705,606,757,4 609,702,621,749,4 553,732,595,768,3
/data/user7/wt/datasets/M3FD/M3FD/VOCdevkit/VOC2007/JPEGImages/03629.jpg 1,647,217,768,1 201,704,318,768,1 239,683,416,768,1 439,701,495,746,1 491,708,528,742,1 674,718,712,753,1 862,715,1023,768,1 830,703,993,767,1 794,732,850,768,1 734,717,771,768,1 762,702,874,766,1 581,706,613,767,4 545,702,567,752,4 567,706,580,733,4 565,730,615,768,3
/data/user7/wt/datasets/M3FD/M3FD/VOCdevkit/VOC2007/JPEGImages/03630.jpg 1,706,176,768,1 88,683,312,768,1 285,693,328,758,1 346,698,408,753,1 411,709,444,743,1 514,712,538,741,1 855,720,1024,768,1 710,703,847,765,1 752,703,910,767,1 792,707,968,768,1 675,719,719,768,1 452,697,468,760,4 467,707,484,759,4 600,710,638,763,4 589,736,643,768,3
/data/user7/wt/datasets/M3FD/M3FD/VOCdevkit/VOC2007/JPEGImages/03632.jpg 1,679,93,768,1 89,679,201,762,1 222,685,327,764,1 322,698,458,759,1 441,701,485,748,1 463,706,503,744,1 488,698,524,736,1 601,704,656,756,1 751,705,874,765,1 858,668,1024,768,1 245,680,282,767,4 271,685,307,768,4 527,706,539,734,4
/data/user7/wt/datasets/M3FD/M3FD/VOCdevkit/VOC2007/JPEGImages/03634.jpg 28,653,232,768,1 228,676,441,768,1 419,683,465,741,1 438,681,490,741,1 480,685,524,729,1 512,678,546,717,1 648,686,726,750,1 553,683,567,716,4 611,684,658,707,1
/data/user7/wt/datasets/M3FD/M3FD/VOCdevkit/VOC2007/JPEGImages/03636.jpg 1,700,106,768,1 2,673,262,768,1 251,706,342,768,1 320,705,460,767,1 779,707,1024,768,1 464,689,524,750,1 621,695,693,725,1 497,694,522,756,4 534,692,555,745,4 609,695,669,722,1 596,689,629,710,1 581,687,617,709,1 410,696,466,714,1 522,690,537,745,4 573,686,580,708,4 306,714,395,768,1
/data/user7/wt/datasets/M3FD/M3FD/VOCdevkit/VOC2007/JPEGImages/03637.jpg 7,667,170,767,1 167,712,304,768,1 300,708,458,768,1 461,688,527,757,1 837,710,1024,768,1 627,695,705,727,1 492,693,515,763,4 521,687,539,747,4 539,689,562,746,4 394,694,408,717,4 282,715,373,768,1 611,692,671,721,1 599,689,634,710,1 578,685,586,708,4 586,686,635,708,1
/data/user7/wt/datasets/M3FD/M3FD/VOCdevkit/VOC2007/JPEGImages/03638.jpg 1,708,204,768,1 131,718,259,768,1 157,707,312,768,1 237,707,415,767,1 432,682,508,757,1 385,693,434,709,1 620,689,700,723,1 457,688,487,768,4 508,681,529,747,4 529,683,552,747,4 200,692,334,708,1 364,682,384,714,4 603,684,664,717,1 589,682,628,704,1 574,679,617,703,1 565,678,574,703,4
/data/user7/wt/datasets/M3FD/M3FD/VOCdevkit/VOC2007/JPEGImages/03639.jpg 1,713,150,768,1 79,717,261,768,1 181,717,380,768,1 414,678,492,768,1 611,687,699,725,1 364,696,414,714,1 432,691,463,768,4 495,683,519,755,4 522,682,549,753,4 344,686,365,720,4 155,697,309,718,1 553,678,562,704,4 595,685,663,720,1 581,684,619,708,1 561,681,617,705,1
/data/user7/wt/datasets/M3FD/M3FD/VOCdevkit/VOC2007/JPEGImages/03641.jpg 1,717,202,768,1 341,674,446,767,1 590,691,692,733,1 567,687,640,726,1 277,685,299,724,4 328,699,370,768,4 448,683,480,768,4 484,688,520,767,4 5,697,277,768,1 533,682,593,709,1 521,681,531,708,4 204,695,223,729,4
/data/user7/wt/datasets/M3FD/M3FD/VOCdevkit/VOC2007/JPEGImages/03642.jpg 166,665,340,768,1 562,689,689,743,1 535,683,635,727,1 341,677,387,768,4 396,679,455,768,4 672,685,776,705,1 475,677,484,708,4 488,671,500,704,4 365,677,402,722,1 495,677,568,706,1 516,680,562,710,1 50,692,75,759,4
/data/user7/wt/datasets/M3FD/M3FD/VOCdevkit/VOC2007/JPEGImages/03643.jpg 141,659,327,767,1 577,698,717,757,1 546,692,651,735,1 319,676,380,768,4 384,675,449,768,4 370,679,408,722,1 426,671,447,707,5 445,684,457,705,1 531,689,597,720,1 512,683,582,713,1 506,683,515,708,4 488,683,498,710,4 31,687,61,754,4
/data/user7/wt/datasets/M3FD/M3FD/VOCdevkit/VOC2007/JPEGImages/03644.jpg 65,653,376,749,1 254,621,421,721,1 424,673,455,708,1 462,631,539,696,1 414,639,467,660,1 574,618,603,661,5 601,632,616,658,1 630,637,659,659,1 795,636,1024,739,1 764,636,924,700,1 735,628,867,686,1 722,631,807,670,1 658,629,670,661,4 709,627,725,670,4 563,636,573,670,4 618,631,626,658,4 666,627,682,663,4 680,627,692,662,4 689,629,709,668,1 527,635,562,667,1
/data/user7/wt/datasets/M3FD/M3FD/VOCdevkit/VOC2007/JPEGImages/03645.jpg 1,668,338,768,1 199,634,415,747,1 402,686,440,727,1 449,642,532,714,1 398,650,456,684,1 572,629,604,674,5 602,647,617,670,1 627,649,660,673,1 828,647,1024,767,1 802,646,969,717,1 777,645,879,696,1 732,647,808,689,1 704,641,728,686,4 661,643,670,676,4 670,641,683,677,4 683,637,696,677,4 562,647,574,687,4 746,667,782,706,1 697,639,791,683,1 525,647,561,680,1
/data/user7/wt/datasets/M3FD/M3FD/VOCdevkit/VOC2007/JPEGImages/03646.jpg 2,669,242,768,1 100,632,352,759,1 348,695,396,747,1 356,656,425,689,1 416,646,506,731,1 872,683,1024,768,1 799,663,1024,756,1 790,659,934,719,1 752,676,801,728,1 729,655,835,701,1 685,648,802,692,1 609,658,645,683,1 557,636,587,683,5 539,655,558,693,4 671,648,684,684,4 691,646,712,698,4 648,649,660,685,4 587,652,603,681,1 659,651,672,685,4 499,655,541,692,1
/data/user7/wt/datasets/M3FD/M3FD/VOCdevkit/VOC2007/JPEGImages/03647.jpg 1,659,175,766,1 8,594,333,755,1 281,667,386,739,1 331,617,430,653,1 416,614,518,704,1 979,715,1024,768,1 849,636,1024,746,1 841,629,999,698,1 785,656,841,705,1 757,628,879,679,1 718,617,827,669,1 574,605,607,651,5 625,625,664,653,1 558,624,578,667,4 670,619,680,657,4 708,619,733,671,4 682,618,697,657,4 698,620,706,655,4 602,621,621,649,1 513,623,557,659,1
/data/user7/wt/datasets/M3FD/M3FD/VOCdevkit/VOC2007/JPEGImages/03648.jpg 1,605,252,768,1 268,636,385,705,1 367,630,492,730,1 556,620,594,667,5 603,639,647,673,1 716,633,830,683,1 761,643,904,696,1 795,638,1023,731,1 867,642,1024,737,1 889,667,1024,768,1 544,634,561,681,4 698,633,720,687,4 675,629,685,669,4 656,631,672,673,4 176,691,317,768,1 682,633,694,670,4 479,637,540,673,1 590,634,605,666,1
/data/user7/wt/datasets/M3FD/M3FD/VOCdevkit/VOC2007/JPEGImages/03649.jpg 1,598,135,764,1 118,703,234,768,1 222,640,355,703,1 325,627,470,745,1 944,711,1024,768,1 911,652,1024,758,1 821,647,1011,750,1 764,645,926,715,1 702,634,840,688,1 541,618,584,676,5 592,643,636,677,1 529,640,549,687,4 648,637,663,678,4 688,636,713,693,4 665,635,681,677,4 457,641,529,678,1 579,641,596,668,1
/data/user7/wt/datasets/M3FD/M3FD/VOCdevkit/VOC2007/JPEGImages/03650.jpg 147,643,288,719,1 243,628,432,768,1 863,663,1024,768,1 786,651,991,738,1 702,637,851,698,1 574,651,626,687,1 531,627,573,681,5 429,673,463,714,1 515,647,533,696,4 682,642,706,706,4 643,645,658,684,4 662,643,678,686,4 434,647,513,690,1 433,626,453,646,1 456,631,476,645,1
/data/user7/wt/datasets/M3FD/M3FD/VOCdevkit/VOC2007/JPEGImages/03651.jpg 76,642,221,681,1 148,623,390,768,1 920,704,1024,767,1 806,646,1024,750,1 698,638,876,705,1 558,651,614,691,1 520,618,561,678,5 376,671,439,721,1 500,640,518,694,4 637,638,654,681,4 655,640,669,686,4 677,639,696,714,4 570,636,633,667,1 378,644,476,698,1 413,644,498,692,1 420,623,438,637,1 444,627,465,642,1
/data/user7/wt/datasets/M3FD/M3FD/VOCdevkit/VOC2007/JPEGImages/03652.jpg 833,649,1023,768,1 695,635,898,713,1 2,615,318,768,1 305,657,398,721,1 318,690,351,738,1 537,650,595,698,1 500,620,549,682,5 478,641,498,705,4 628,642,643,686,4 667,642,687,718,4 646,641,663,690,4 299,639,414,708,1 390,643,476,694,1 1,645,80,711,1 403,624,423,644,1 428,627,450,646,1
/data/user7/wt/datasets/M3FD/M3FD/VOCdevkit/VOC2007/JPEGImages/03653.jpg 1,663,199,768,1 19,653,290,766,1 34,636,317,733,1 474,652,560,713,1 464,618,518,684,5 692,628,944,729,1 942,682,1024,767,1 607,638,625,691,4 624,639,643,689,4 648,638,674,729,4 434,642,458,706,4 202,640,362,720,1 281,643,387,709,1 327,640,440,694,1 368,621,391,640,1 394,624,416,641,1
/data/user7/wt/datasets/M3FD/M3FD/VOCdevkit/VOC2007/JPEGImages/03654.jpg 83,461,84,544,1 1,680,184,768,1 1,642,241,767,1 98,650,313,747,1 215,655,347,734,1 259,657,400,714,1 421,657,537,737,1 452,617,508,659,5 709,635,1008,751,1 678,643,819,702,1 607,642,623,696,4 623,643,640,695,4 643,644,677,743,4 415,649,443,695,4 356,627,381,649,1 383,630,406,649,1
/data/user7/wt/datasets/M3FD/M3FD/VOCdevkit/VOC2007/JPEGImages/03655.jpg 1,659,178,768,1 18,639,281,749,1 162,645,326,738,1 384,653,526,752,1 453,609,514,652,5 510,640,535,682,1 526,642,581,671,1 730,633,1024,763,1 217,652,365,716,1 230,641,392,704,1 617,639,634,696,4 636,630,655,694,4 660,639,692,752,4 713,638,859,708,1 696,642,816,704,1 235,623,267,641,1 266,621,292,641,1 298,622,323,641,1 333,623,357,642,1 361,621,386,643,1 388,624,409,644,1 426,621,445,644,1
/data/user7/wt/datasets/M3FD/M3FD/VOCdevkit/VOC2007/JPEGImages/03656.jpg 1,638,200,768,1 56,639,265,754,1 138,643,311,728,1 287,647,487,768,1 432,598,500,678,5 493,628,525,676,1 749,605,1024,764,1 613,624,635,691,4 636,624,649,687,4 651,620,670,653,4 654,626,702,751,4 725,623,906,711,1 702,631,826,711,1 192,613,238,638,1 291,608,311,627,1 313,612,342,635,1 345,611,372,634,1 374,613,394,634,1 412,613,429,634,1
/data/user7/wt/datasets/M3FD/M3FD/VOCdevkit/VOC2007/JPEGImages/03657.jpg 1,651,125,709,1 124,635,262,667,1 326,625,399,653,1 392,593,486,700,5 477,630,510,686,1 24,665,401,768,1 849,685,1024,768,1 833,637,1024,738,1 754,626,1024,748,1 349,638,388,714,4 611,634,636,700,4 634,629,652,691,4 656,627,676,684,4 652,629,722,768,4 718,639,873,725,1 232,616,245,639,4 126,612,194,636,1 189,612,221,634,1 218,613,253,634,1 262,611,290,637,1 291,614,321,638,1
/data/user7/wt/datasets/M3FD/M3FD/VOCdevkit/VOC2007/JPEGImages/03658.jpg 1,686,288,768,1 28,641,289,733,1 368,596,467,708,5 457,635,495,689,1 859,643,1024,768,1 774,627,1024,768,1 715,646,898,732,1 311,642,357,752,4 601,636,628,709,4 626,633,651,700,4 651,635,674,689,4 651,640,731,768,4 921,714,1023,768,1 78,617,160,642,1 150,622,179,645,1 172,618,201,640,1 243,615,273,642,1 274,618,298,640,1 308,617,338,642,1 339,619,369,644,1
/data/user7/wt/datasets/M3FD/M3FD/VOCdevkit/VOC2007/JPEGImages/03659.jpg 2,676,166,768,1 3,662,260,768,1 157,677,287,764,1 56,639,153,662,1 367,613,478,739,5 464,659,508,718,1 510,655,602,696,1 535,652,627,696,1 961,680,1024,768,1 831,645,1024,768,1 779,664,987,768,1 296,663,354,768,4 629,653,655,729,4 658,651,680,734,4 676,653,703,731,4 705,665,795,768,4 145,640,186,666,1 179,636,203,660,1 221,640,241,662,1 254,639,281,662,1 288,640,318,665,1 319,637,350,664,1 352,641,382,665,1
/data/user7/wt/datasets/M3FD/M3FD/VOCdevkit/VOC2007/JPEGImages/03660.jpg 1,703,132,768,1 1,658,255,768,1 140,679,287,764,1 379,615,495,742,5 496,659,538,720,1 931,721,1024,768,1 615,658,680,697,1 63,636,167,684,1 161,650,212,676,1 752,662,812,683,1 859,673,1024,768,1 734,684,807,728,1 778,662,887,768,4 670,656,693,738,4 697,651,725,738,4 725,655,757,734,4 310,663,367,768,4 236,639,266,662,1 279,636,306,662,1 310,639,345,664,1 349,638,377,665,1 385,641,401,663,1
/data/user7/wt/datasets/M3FD/M3FD/VOCdevkit/VOC2007/JPEGImages/03661.jpg 114,469,479,768,5 456,578,553,690,1 882,589,1024,702,1 552,566,566,604,4 573,576,586,612,4 1,559,35,579,1 74,559,103,580,1 121,561,160,592,1
/data/user7/wt/datasets/M3FD/M3FD/VOCdevkit/VOC2007/JPEGImages/03662.jpg 940,592,1024,711,1 378,565,524,698,1 1,390,396,768,5 538,556,552,593,4 559,565,573,604,4 484,558,511,586,1
/data/user7/wt/datasets/M3FD/M3FD/VOCdevkit/VOC2007/JPEGImages/03665.jpg 289,604,1022,768,1 757,498,1024,651,0 295,513,576,636,1
/data/user7/wt/datasets/M3FD/M3FD/VOCdevkit/VOC2007/JPEGImages/03667.jpg 579,533,732,619,1 675,604,1024,766,1 730,563,783,592,1 757,569,855,617,1 168,471,579,628,0 845,574,880,602,1 476,567,496,628,4 75,547,167,605,1 885,579,915,592,1
/data/user7/wt/datasets/M3FD/M3FD/VOCdevkit/VOC2007/JPEGImages/03668.jpg 643,578,966,768,1 303,517,458,601,1 480,549,580,605,1 576,556,610,589,1 459,547,516,574,1 3,463,295,619,0 997,565,1024,616,1 157,552,184,620,4 616,560,646,573,1
/data/user7/wt/datasets/M3FD/M3FD/VOCdevkit/VOC2007/JPEGImages/03670.jpg 1,613,416,768,1 422,585,549,683,1 863,575,892,661,4 629,577,778,696,1 588,563,705,626,1 538,577,584,606,1 745,580,839,628,1 811,574,829,612,4 858,561,916,606,1 939,565,1015,615,1 840,576,856,613,4 295,571,336,589,1
/data/user7/wt/datasets/M3FD/M3FD/VOCdevkit/VOC2007/JPEGImages/03671.jpg 1,494,251,767,1 179,449,348,545,1 284,442,357,489,1 354,410,523,557,1 517,440,553,515,1 542,438,576,498,1 562,432,599,487,1 650,439,724,502,1 698,430,746,474,1 734,430,774,459,1 63,437,139,467,1 145,437,196,464,1 589,383,599,398,2 615,383,625,399,2 642,382,650,399,2 669,382,677,398,2 944,412,1024,460,1 950,437,1024,541,1 585,434,611,478,1
/data/user7/wt/datasets/M3FD/M3FD/VOCdevkit/VOC2007/JPEGImages/03673.jpg 1,391,170,757,1 118,475,392,664,1 199,441,342,480,1 330,471,469,584,1 419,458,528,552,1 510,466,558,530,1 601,475,750,596,1 683,458,755,518,1 749,460,807,502,1 562,405,571,422,2 591,405,601,423,2 622,405,632,422,2 652,404,660,421,2 82,442,187,503,1 549,466,598,503,1 941,457,1024,500,1
/data/user7/wt/datasets/M3FD/M3FD/VOCdevkit/VOC2007/JPEGImages/03674.jpg 1,489,119,537,1 1,535,337,754,1 153,487,317,536,1 267,521,450,650,1 399,508,518,608,1 492,517,549,582,1 551,513,636,551,1 595,525,766,671,1 689,504,760,574,1 562,453,569,472,2 592,453,601,470,2 623,452,631,470,2 654,452,661,470,2 782,510,816,537,1 758,512,792,537,1
/data/user7/wt/datasets/M3FD/M3FD/VOCdevkit/VOC2007/JPEGImages/03675.jpg 1,547,211,768,1 42,491,231,551,1 128,528,383,682,1 319,508,471,626,1 437,520,510,591,1 546,530,758,709,1 660,509,733,568,1 527,453,536,471,2 559,454,567,471,2 590,454,598,470,2 622,452,629,470,2 751,510,792,534,1 509,524,556,559,1 729,514,762,529,1 481,517,524,576,1 1,512,41,544,1
/data/user7/wt/datasets/M3FD/M3FD/VOCdevkit/VOC2007/JPEGImages/03677.jpg 1,451,143,538,1 1,493,315,690,1 243,477,431,607,1 395,479,479,565,1 497,502,769,724,1 636,464,730,530,1 503,413,514,434,2 536,413,546,433,2 567,414,577,432,2 599,412,609,433,2 735,471,785,504,1
/data/user7/wt/datasets/M3FD/M3FD/VOCdevkit/VOC2007/JPEGImages/03678.jpg 1,482,315,713,1 248,463,445,607,1 405,472,502,558,1 448,464,527,530,1 509,462,604,507,1 552,482,766,665,1 775,459,835,501,1 735,466,790,500,1 536,404,548,424,2 569,403,579,425,2 601,403,612,423,2 634,402,644,424,2 1,439,149,505,1
/data/user7/wt/datasets/M3FD/M3FD/VOCdevkit/VOC2007/JPEGImages/03680.jpg 1,498,314,712,1 246,468,447,619,1 412,481,506,567,1 574,489,733,622,1 721,474,797,508,1 602,467,722,506,1 538,412,547,431,2 570,411,579,431,2 603,411,612,431,2 635,411,644,430,2 575,487,591,504,3 577,480,591,496,4 1,444,144,504,1 797,440,836,504,0 771,478,801,509,1 449,477,524,545,1
/data/user7/wt/datasets/M3FD/M3FD/VOCdevkit/VOC2007/JPEGImages/03682.jpg 1,513,302,745,1 235,484,444,635,1 407,499,501,580,1 445,490,525,560,1 596,496,721,605,1 737,485,838,530,1 537,426,546,443,2 570,426,578,444,2 602,425,613,443,2 636,424,644,445,2 714,498,741,522,1 563,494,571,507,4 561,500,570,518,3 174,482,208,510,5 797,453,839,500,0
/data/user7/wt/datasets/M3FD/M3FD/VOCdevkit/VOC2007/JPEGImages/03683.jpg 1,512,289,760,1 215,483,439,640,1 407,494,504,582,1 445,487,528,555,1 620,496,743,590,1 726,485,796,518,1 541,421,552,442,2 573,422,583,442,2 607,422,618,442,2 640,422,649,440,2 560,491,568,501,4 559,497,568,515,3 622,490,670,512,1
/data/user7/wt/datasets/M3FD/M3FD/VOCdevkit/VOC2007/JPEGImages/03684.jpg 1,512,273,768,1 202,480,444,646,1 130,480,221,527,1 400,493,511,585,1 449,488,533,558,1 648,490,767,584,1 612,487,665,519,1 742,485,816,517,1 549,421,561,443,2 582,421,593,442,2 614,421,625,441,2 648,420,657,440,2 813,447,991,515,0 564,493,573,506,4 564,497,572,514,3
/data/user7/wt/datasets/M3FD/M3FD/VOCdevkit/VOC2007/JPEGImages/03686.jpg 1,442,157,562,1 1,520,219,768,1 153,468,439,655,1 404,484,532,580,1 477,472,559,552,1 619,477,659,502,1 735,474,872,561,1 578,405,588,427,2 611,406,623,426,2 645,405,655,426,2 679,404,688,425,2 78,463,145,519,1 171,465,189,497,4 165,482,186,512,3 589,479,597,493,4 589,485,597,500,3 693,476,733,500,1 851,433,1024,509,0
/data/user7/wt/datasets/M3FD/M3FD/VOCdevkit/VOC2007/JPEGImages/03688.jpg 33,458,425,708,1 463,472,565,555,1 376,478,530,591,1 785,469,879,506,1 841,471,971,547,1 631,476,658,499,1 592,401,602,421,2 627,400,637,421,2 661,400,672,420,2 697,400,706,420,2 1,481,66,645,1 76,459,94,488,4 603,476,612,489,4 604,484,611,496,3 660,479,666,492,4 720,472,753,496,1 748,469,787,480,1 872,430,982,489,0
/data/user7/wt/datasets/M3FD/M3FD/VOCdevkit/VOC2007/JPEGImages/03690.jpg 81,465,267,534,1 222,478,286,538,1 864,461,1024,504,1 823,446,866,475,1 267,377,817,550,0 861,447,910,475,1 898,442,957,461,1 955,444,1013,461,1 1,466,74,504,1
/data/user7/wt/datasets/M3FD/M3FD/VOCdevkit/VOC2007/JPEGImages/03692.jpg 515,445,695,490,1 785,448,960,490,1 947,455,1014,484,1 471,425,530,458,1 510,431,577,458,1 561,427,622,445,1 673,432,727,454,1 744,445,827,481,1 1,340,474,500,0 777,432,848,460,1 618,426,674,445,1 669,442,731,484,1
/data/user7/wt/datasets/M3FD/M3FD/VOCdevkit/VOC2007/JPEGImages/03693.jpg 886,570,959,592,1 931,573,994,600,1 263,568,423,687,1 417,573,481,627,1 485,572,516,601,1 499,571,627,684,1 610,529,662,622,0 661,492,875,679,0 523,503,534,523,2 556,503,566,523,2 588,503,597,524,2 620,506,629,524,2 393,575,412,592,1 46,568,77,580,1 155,567,187,586,1 179,568,210,584,1 203,568,223,584,1 219,570,241,583,1 33,567,53,582,1 1,564,24,580,1 80,569,112,584,1 119,572,167,588,1 902,579,917,596,4
/data/user7/wt/datasets/M3FD/M3FD/VOCdevkit/VOC2007/JPEGImages/03694.jpg 417,584,745,768,1 686,614,726,660,1 704,616,764,695,1 746,554,983,768,1 443,606,461,628,1 1,426,449,768,0 642,571,730,653,0
/data/user7/wt/datasets/M3FD/M3FD/VOCdevkit/VOC2007/JPEGImages/03695.jpg 421,582,743,768,1 706,621,749,683,1 683,614,723,653,1 735,557,946,753,1 453,603,479,642,1 56,457,468,768,0 646,575,731,653,0
/data/user7/wt/datasets/M3FD/M3FD/VOCdevkit/VOC2007/JPEGImages/03697.jpg 1,564,27,581,1 1,571,113,607,1 116,577,160,603,1 79,565,134,585,1 212,579,283,600,1 341,579,384,592,1 297,570,317,587,1 325,571,342,586,1 410,577,441,591,1 436,573,464,588,1 483,579,500,586,1 499,576,514,584,1 518,578,536,585,1 557,577,572,584,1 576,577,607,604,1 602,581,612,593,1 619,580,643,598,1 650,563,705,617,1 682,581,786,661,1 329,574,335,591,4
/data/user7/wt/datasets/M3FD/M3FD/VOCdevkit/VOC2007/JPEGImages/03700.jpg 1,529,125,559,1 243,519,280,539,1 269,525,327,547,1 327,524,345,539,1 340,522,384,542,1 426,528,450,541,1 459,526,483,539,1 482,528,497,536,1 506,529,517,536,1 524,527,538,535,1 567,527,596,555,1 595,528,604,548,1 609,530,624,550,1 619,516,667,566,1 633,531,729,608,1 795,531,803,544,4
/data/user7/wt/datasets/M3FD/M3FD/VOCdevkit/VOC2007/JPEGImages/03702.jpg 49,517,103,547,1 114,521,208,560,1 201,527,239,554,1 256,523,319,552,1 394,535,421,548,1 440,531,465,545,1 466,535,482,543,1 480,535,496,542,1 511,534,526,542,1 567,534,596,561,1 592,535,602,549,1 606,522,657,572,1 619,538,710,613,1 803,536,810,553,4 536,534,544,541,1 492,534,506,542,1 335,527,344,551,4 93,519,118,548,1
/data/user7/wt/datasets/M3FD/M3FD/VOCdevkit/VOC2007/JPEGImages/03704.jpg 3,524,40,539,1 51,522,93,538,1 77,523,109,539,1 141,526,165,547,1 108,523,144,548,1 221,534,269,552,1 217,530,258,546,1 321,531,358,550,1 360,533,379,543,1 362,540,396,549,1 405,536,427,546,1 430,537,451,545,1 538,537,564,562,1 565,539,646,610,1 562,523,603,570,1 502,535,511,566,4 682,539,696,570,4 614,519,656,551,0 631,542,657,571,1 812,540,822,556,4 754,547,791,557,1 487,536,497,543,1 385,536,405,547,1 168,525,179,550,4
/data/user7/wt/datasets/M3FD/M3FD/VOCdevkit/VOC2007/JPEGImages/03706.jpg 5,528,34,551,1 41,526,63,548,1 63,530,90,543,1 31,538,143,566,1 173,534,218,556,1 226,533,281,558,1 265,546,316,560,1 282,538,316,552,1 324,542,358,554,1 360,541,383,553,1 383,542,409,551,1 525,540,545,566,1 532,541,617,613,1 609,547,647,580,1 540,535,579,562,1 474,538,488,577,4 681,542,688,577,4 686,543,696,581,4 599,522,652,573,0 841,542,853,569,4 865,546,875,568,4 772,553,830,568,1 464,539,476,548,1
/data/user7/wt/datasets/M3FD/M3FD/VOCdevkit/VOC2007/JPEGImages/03707.jpg 50,530,145,557,1 410,532,431,542,1 485,531,504,539,1 490,533,593,619,1 574,540,611,588,1 542,527,579,542,1 365,528,388,609,4 797,542,815,606,4 812,539,829,607,4 622,493,718,589,0 743,531,758,548,4 318,523,326,536,4 23,526,41,540,1
/data/user7/wt/datasets/M3FD/M3FD/VOCdevkit/VOC2007/JPEGImages/03709.jpg 386,534,417,546,1 483,536,593,629,1 576,546,599,596,1 554,528,587,548,1 297,533,332,645,4 879,544,902,636,4 897,544,919,636,4 903,543,933,642,4 627,485,762,606,0 780,534,796,554,4 43,530,77,547,1 304,525,314,537,4
/data/user7/wt/datasets/M3FD/M3FD/VOCdevkit/VOC2007/JPEGImages/03710.jpg 351,537,380,550,1 477,540,590,639,1 572,546,601,603,1 561,527,592,546,1 628,543,655,579,1 96,529,173,742,4 646,471,838,638,0 835,535,849,559,4 386,539,411,547,1 283,528,291,544,4 245,529,253,544,4
/data/user7/wt/datasets/M3FD/M3FD/VOCdevkit/VOC2007/JPEGImages/03712.jpg 325,542,361,559,1 399,543,432,554,1 499,543,624,648,1 602,549,646,610,1 656,551,705,587,1 591,532,622,553,1 694,439,1024,694,0 246,532,256,550,4 287,533,294,549,4
/data/user7/wt/datasets/M3FD/M3FD/VOCdevkit/VOC2007/JPEGImages/03713.jpg 298,542,342,563,1 408,546,447,556,1 526,547,655,656,1 629,554,692,615,1 678,553,728,590,1 609,535,643,555,1 751,376,1024,762,0 289,534,298,550,4 249,533,258,551,4
/data/user7/wt/datasets/M3FD/M3FD/VOCdevkit/VOC2007/JPEGImages/03714.jpg 269,540,319,565,1 419,545,451,555,1 550,545,677,657,1 658,555,725,618,1 705,553,745,591,1 622,540,659,557,1 320,536,346,554,1 811,353,1024,768,0 249,530,260,553,4 291,532,299,542,4
/data/user7/wt/datasets/M3FD/M3FD/VOCdevkit/VOC2007/JPEGImages/03715.jpg 218,537,282,564,1 328,536,364,551,1 439,542,469,553,1 578,546,711,658,1 699,553,772,621,1 649,540,681,551,1 933,380,1024,765,0 849,546,860,561,4 858,546,867,560,4 292,529,302,553,4 421,542,438,552,1
/data/user7/wt/datasets/M3FD/M3FD/VOCdevkit/VOC2007/JPEGImages/03716.jpg 148,536,234,572,1 331,540,374,558,1 441,546,477,559,1 611,546,745,670,1 735,554,778,574,1 734,559,815,628,1 248,529,261,554,4 289,531,302,552,4 877,551,889,569,4 888,556,895,568,4
/data/user7/wt/datasets/M3FD/M3FD/VOCdevkit/VOC2007/JPEGImages/03717.jpg 1,533,100,581,1 326,542,361,559,1 419,548,480,561,1 653,553,669,567,1 680,546,714,557,1 642,552,787,679,1 762,558,798,585,1 784,562,871,640,1 230,529,243,553,4 273,531,285,553,4 906,556,917,570,4 915,556,923,570,4
/data/user7/wt/datasets/M3FD/M3FD/VOCdevkit/VOC2007/JPEGImages/03720.jpg 274,531,318,548,1 396,539,440,556,1 648,544,662,556,1 673,546,686,559,1 684,538,712,567,1 693,547,864,684,1 855,557,970,644,1 137,521,152,548,4 180,520,194,558,4 710,543,722,559,1 954,541,964,565,4 963,546,974,566,4 597,536,623,547,5
/data/user7/wt/datasets/M3FD/M3FD/VOCdevkit/VOC2007/JPEGImages/03721.jpg 336,304,444,464,4 452,274,533,379,4 376,287,526,533,3
/data/user7/wt/datasets/M3FD/M3FD/VOCdevkit/VOC2007/JPEGImages/03722.jpg 349,275,452,412,4 456,274,533,380,4 375,288,529,529,3
/data/user7/wt/datasets/M3FD/M3FD/VOCdevkit/VOC2007/JPEGImages/03723.jpg 366,260,489,349,4 458,271,538,379,4 377,285,531,530,3
/data/user7/wt/datasets/M3FD/M3FD/VOCdevkit/VOC2007/JPEGImages/03724.jpg 379,264,501,359,4 458,277,533,379,4 377,289,527,532,3
/data/user7/wt/datasets/M3FD/M3FD/VOCdevkit/VOC2007/JPEGImages/03725.jpg 382,261,501,354,4 459,275,533,381,4 376,289,532,528,3
/data/user7/wt/datasets/M3FD/M3FD/VOCdevkit/VOC2007/JPEGImages/03726.jpg 379,256,504,362,4 460,277,537,381,4 375,287,531,529,3
/data/user7/wt/datasets/M3FD/M3FD/VOCdevkit/VOC2007/JPEGImages/03727.jpg 385,260,501,360,4 459,280,536,382,4 372,282,531,533,3
/data/user7/wt/datasets/M3FD/M3FD/VOCdevkit/VOC2007/JPEGImages/03728.jpg 382,260,506,363,4 463,276,539,380,4 378,282,533,531,3
/data/user7/wt/datasets/M3FD/M3FD/VOCdevkit/VOC2007/JPEGImages/03730.jpg 360,251,495,363,4 442,268,530,378,4 350,282,531,542,3
/data/user7/wt/datasets/M3FD/M3FD/VOCdevkit/VOC2007/JPEGImages/03731.jpg 338,239,474,363,4 420,258,522,381,4 332,272,531,558,3
/data/user7/wt/datasets/M3FD/M3FD/VOCdevkit/VOC2007/JPEGImages/03732.jpg 297,231,441,352,4 415,247,499,376,4 287,263,536,570,3
/data/user7/wt/datasets/M3FD/M3FD/VOCdevkit/VOC2007/JPEGImages/03733.jpg 258,212,407,356,4 364,236,473,371,4 237,253,529,584,3
/data/user7/wt/datasets/M3FD/M3FD/VOCdevkit/VOC2007/JPEGImages/03734.jpg 188,194,348,355,4 325,218,428,376,4 132,237,513,605,3
/data/user7/wt/datasets/M3FD/M3FD/VOCdevkit/VOC2007/JPEGImages/03735.jpg 115,168,258,341,4 212,198,367,511,4 1,218,496,635,3
/data/user7/wt/datasets/M3FD/M3FD/VOCdevkit/VOC2007/JPEGImages/03736.jpg 6,148,191,336,4 136,177,303,528,4 1,283,463,622,3
/data/user7/wt/datasets/M3FD/M3FD/VOCdevkit/VOC2007/JPEGImages/03737.jpg 1,121,74,330,4 1,145,204,539,4 1,324,411,604,3
/data/user7/wt/datasets/M3FD/M3FD/VOCdevkit/VOC2007/JPEGImages/03738.jpg 1,99,68,404,4 1,328,341,635,3
/data/user7/wt/datasets/M3FD/M3FD/VOCdevkit/VOC2007/JPEGImages/03739.jpg 1,295,241,678,3
/data/user7/wt/datasets/M3FD/M3FD/VOCdevkit/VOC2007/JPEGImages/03740.jpg 1,292,145,624,3
/data/user7/wt/datasets/M3FD/M3FD/VOCdevkit/VOC2007/JPEGImages/03741.jpg 89,365,116,432,4 121,369,147,433,4 867,365,1024,499,1 727,375,901,482,1 526,376,734,464,1 432,383,541,462,1 351,378,484,449,1
/data/user7/wt/datasets/M3FD/M3FD/VOCdevkit/VOC2007/JPEGImages/03742.jpg 103,368,131,435,4 130,370,158,436,4 872,370,1024,501,1 723,377,898,483,1 525,377,733,467,1 433,383,537,461,1 350,380,484,449,1
/data/user7/wt/datasets/M3FD/M3FD/VOCdevkit/VOC2007/JPEGImages/03743.jpg 1,297,117,395,1 277,317,411,390,1 357,326,470,398,1 452,314,657,404,1 653,313,820,418,1 793,308,1024,437,1
/data/user7/wt/datasets/M3FD/M3FD/VOCdevkit/VOC2007/JPEGImages/03744.jpg 114,364,142,433,4 141,367,168,435,4 869,364,1024,496,1 723,377,899,484,1 528,377,733,466,1 434,387,540,460,1 350,377,484,451,1
/data/user7/wt/datasets/M3FD/M3FD/VOCdevkit/VOC2007/JPEGImages/03745.jpg 125,367,154,435,4 151,370,177,438,4 869,369,1024,501,1 727,376,901,482,1 527,372,735,469,1 429,384,541,462,1 351,377,487,450,1
/data/user7/wt/datasets/M3FD/M3FD/VOCdevkit/VOC2007/JPEGImages/03748.jpg 160,362,187,439,4 184,366,211,442,4 870,366,1024,500,1 723,372,899,480,1 528,376,735,464,1 432,385,539,458,1 350,379,485,449,1
/data/user7/wt/datasets/M3FD/M3FD/VOCdevkit/VOC2007/JPEGImages/03751.jpg 187,361,218,444,4 209,367,241,444,4 876,372,1024,495,1 725,378,898,479,1 520,375,734,465,1 429,385,539,457,1 350,379,483,448,1
/data/user7/wt/datasets/M3FD/M3FD/VOCdevkit/VOC2007/JPEGImages/03752.jpg 199,359,237,445,4 225,362,259,445,4 867,371,1024,498,1 723,374,901,480,1 527,375,733,469,1 431,385,537,461,1 351,379,489,448,1
/data/user7/wt/datasets/M3FD/M3FD/VOCdevkit/VOC2007/JPEGImages/03753.jpg 212,356,248,450,4 236,364,275,450,4 871,370,1024,497,1 722,378,893,481,1 525,374,735,467,1 438,383,543,459,1 352,378,483,450,1
/data/user7/wt/datasets/M3FD/M3FD/VOCdevkit/VOC2007/JPEGImages/03754.jpg 222,359,260,451,4 252,362,289,452,4 870,369,1024,493,1 725,377,901,474,1 525,370,741,466,1 431,382,538,460,1 350,378,484,451,1
/data/user7/wt/datasets/M3FD/M3FD/VOCdevkit/VOC2007/JPEGImages/03756.jpg 253,387,294,486,4 284,393,318,490,4 879,388,1023,514,1 731,399,906,507,1 532,401,735,494,1 436,412,554,488,1 354,409,505,482,1
/data/user7/wt/datasets/M3FD/M3FD/VOCdevkit/VOC2007/JPEGImages/03757.jpg 271,397,313,500,4 306,404,343,503,4 880,398,1024,523,1 736,403,904,514,1 536,408,744,503,1 437,421,547,499,1 358,416,510,489,1
/data/user7/wt/datasets/M3FD/M3FD/VOCdevkit/VOC2007/JPEGImages/03758.jpg 284,408,328,515,4 323,415,365,515,4 879,405,1024,534,1 736,418,908,525,1 534,420,756,513,1 437,432,552,512,1 357,432,497,500,1
/data/user7/wt/datasets/M3FD/M3FD/VOCdevkit/VOC2007/JPEGImages/03759.jpg 303,438,341,551,4 344,447,380,553,4 881,433,1024,564,1 736,441,907,549,1 535,450,757,541,1 437,459,545,539,1 364,461,495,532,1
/data/user7/wt/datasets/M3FD/M3FD/VOCdevkit/VOC2007/JPEGImages/03760.jpg 434,400,578,471,1 514,370,997,592,1 979,403,1024,549,1
/data/user7/wt/datasets/M3FD/M3FD/VOCdevkit/VOC2007/JPEGImages/03762.jpg 340,492,382,620,4 375,499,411,617,4 842,473,1024,610,1 697,491,864,600,1 497,503,708,601,1 406,521,515,599,1 320,521,460,591,1
/data/user7/wt/datasets/M3FD/M3FD/VOCdevkit/VOC2007/JPEGImages/03763.jpg 365,503,413,636,4 404,512,445,637,4 842,479,1024,619,1 696,503,862,614,1 497,518,703,611,1 318,534,389,612,1 440,536,510,611,1
/data/user7/wt/datasets/M3FD/M3FD/VOCdevkit/VOC2007/JPEGImages/03764.jpg 394,499,446,644,4 433,509,483,643,4 837,483,1024,618,1 692,505,854,617,1 487,521,708,616,1 310,537,414,617,1
/data/user7/wt/datasets/M3FD/M3FD/VOCdevkit/VOC2007/JPEGImages/03765.jpg 412,497,464,647,4 452,502,502,647,4 820,483,1024,621,1 678,505,842,615,1 490,523,681,618,1 291,538,430,617,1 379,550,432,618,1
/data/user7/wt/datasets/M3FD/M3FD/VOCdevkit/VOC2007/JPEGImages/03766.jpg 418,489,475,648,4 467,501,515,647,4 800,487,1018,623,1 657,503,830,614,1 496,519,672,611,1 363,551,458,616,1 283,538,422,616,1
/data/user7/wt/datasets/M3FD/M3FD/VOCdevkit/VOC2007/JPEGImages/03768.jpg 454,472,510,647,4 491,480,546,643,4 925,460,1024,618,1 736,483,942,615,1 595,501,769,611,1 211,532,327,611,1 299,533,405,611,1 395,515,605,615,1
/data/user7/wt/datasets/M3FD/M3FD/VOCdevkit/VOC2007/JPEGImages/03771.jpg 900,442,1024,584,1 711,452,915,583,1 570,470,739,577,1 375,476,572,572,1 279,494,384,572,1 193,493,325,570,1
/data/user7/wt/datasets/M3FD/M3FD/VOCdevkit/VOC2007/JPEGImages/03772.jpg 908,468,1024,618,1 718,489,923,621,1 575,506,740,618,1 377,520,587,620,1 278,541,387,624,1 193,543,336,621,1
/data/user7/wt/datasets/M3FD/M3FD/VOCdevkit/VOC2007/JPEGImages/03773.jpg 901,460,1024,622,1 718,480,917,618,1 577,505,743,620,1 372,520,586,618,1 279,541,384,623,1 193,542,336,620,1
/data/user7/wt/datasets/M3FD/M3FD/VOCdevkit/VOC2007/JPEGImages/03774.jpg 907,440,1024,595,1 719,457,925,589,1 579,480,746,584,1 387,485,590,587,1 290,505,393,583,1 205,508,338,585,1
/data/user7/wt/datasets/M3FD/M3FD/VOCdevkit/VOC2007/JPEGImages/03775.jpg 1,313,121,411,1 285,331,425,408,1 368,338,543,414,1 461,324,668,417,1 658,332,827,432,1 795,318,1024,449,1
/data/user7/wt/datasets/M3FD/M3FD/VOCdevkit/VOC2007/JPEGImages/03776.jpg 202,378,295,447,1 428,383,555,453,1 469,311,1024,577,1
/data/user7/wt/datasets/M3FD/M3FD/VOCdevkit/VOC2007/JPEGImages/03778.jpg 176,328,305,428,1 275,314,451,436,1 421,301,659,438,1 594,318,907,457,1
/data/user7/wt/datasets/M3FD/M3FD/VOCdevkit/VOC2007/JPEGImages/03779.jpg 174,328,295,429,1 271,316,442,435,1 422,304,653,447,1 591,317,898,455,1
/data/user7/wt/datasets/M3FD/M3FD/VOCdevkit/VOC2007/JPEGImages/03782.jpg 170,318,293,422,1 273,307,446,431,1 417,299,649,438,1 593,306,897,451,1
/data/user7/wt/datasets/M3FD/M3FD/VOCdevkit/VOC2007/JPEGImages/03783.jpg 172,328,302,426,1 268,313,445,432,1 418,301,652,443,1 589,312,895,454,1
/data/user7/wt/datasets/M3FD/M3FD/VOCdevkit/VOC2007/JPEGImages/03784.jpg 169,326,295,424,1 267,309,444,431,1 416,300,661,445,1 586,310,896,457,1
/data/user7/wt/datasets/M3FD/M3FD/VOCdevkit/VOC2007/JPEGImages/03786.jpg 108,332,245,438,1 209,312,389,439,1 361,301,597,441,1 529,305,835,447,1
/data/user7/wt/datasets/M3FD/M3FD/VOCdevkit/VOC2007/JPEGImages/03787.jpg 119,322,251,427,1 216,307,405,428,1 367,298,603,439,1 540,307,845,452,1
/data/user7/wt/datasets/M3FD/M3FD/VOCdevkit/VOC2007/JPEGImages/03789.jpg 102,326,230,431,1 203,309,385,432,1 353,299,592,440,1 526,302,832,447,1
/data/user7/wt/datasets/M3FD/M3FD/VOCdevkit/VOC2007/JPEGImages/03790.jpg 105,326,230,433,1 203,312,388,433,1 359,298,590,439,1 523,307,833,443,1
/data/user7/wt/datasets/M3FD/M3FD/VOCdevkit/VOC2007/JPEGImages/03791.jpg 107,313,249,418,1 209,302,393,427,1 363,294,602,433,1 529,304,835,445,1
/data/user7/wt/datasets/M3FD/M3FD/VOCdevkit/VOC2007/JPEGImages/03793.jpg 189,309,302,415,1 290,300,462,422,1 432,290,678,431,1 605,304,916,447,1
/data/user7/wt/datasets/M3FD/M3FD/VOCdevkit/VOC2007/JPEGImages/03795.jpg 188,315,315,417,1 285,300,462,428,1 439,296,675,435,1 607,305,918,449,1
/data/user7/wt/datasets/M3FD/M3FD/VOCdevkit/VOC2007/JPEGImages/03796.jpg 191,328,319,434,1 292,311,466,438,1 440,303,676,444,1 611,312,922,455,1
/data/user7/wt/datasets/M3FD/M3FD/VOCdevkit/VOC2007/JPEGImages/03797.jpg 193,321,321,425,1 291,309,471,430,1 442,296,673,440,1 609,312,923,451,1
/data/user7/wt/datasets/M3FD/M3FD/VOCdevkit/VOC2007/JPEGImages/03801.jpg 192,306,323,408,1 291,292,464,417,1 440,287,677,429,1 612,301,921,443,1
/data/user7/wt/datasets/M3FD/M3FD/VOCdevkit/VOC2007/JPEGImages/03803.jpg 197,300,333,403,1 297,289,474,415,1 447,285,682,424,1 612,298,926,441,1
/data/user7/wt/datasets/M3FD/M3FD/VOCdevkit/VOC2007/JPEGImages/03804.jpg 197,311,331,413,1 298,299,477,423,1 451,294,688,432,1 618,308,933,453,1
/data/user7/wt/datasets/M3FD/M3FD/VOCdevkit/VOC2007/JPEGImages/03805.jpg 201,300,332,402,1 299,287,475,413,1 447,283,688,424,1 620,301,931,440,1
/data/user7/wt/datasets/M3FD/M3FD/VOCdevkit/VOC2007/JPEGImages/03807.jpg 198,293,326,394,1 299,281,483,407,1 447,280,687,418,1 620,297,928,439,1
/data/user7/wt/datasets/M3FD/M3FD/VOCdevkit/VOC2007/JPEGImages/03808.jpg 200,295,354,396,1 297,284,482,407,1 449,278,684,419,1 616,298,931,439,1
/data/user7/wt/datasets/M3FD/M3FD/VOCdevkit/VOC2007/JPEGImages/03809.jpg 197,298,331,397,1 295,285,472,409,1 448,277,690,425,1 615,294,929,440,1
/data/user7/wt/datasets/M3FD/M3FD/VOCdevkit/VOC2007/JPEGImages/03810.jpg 199,297,324,398,1 305,292,467,410,1 447,276,615,423,1 674,299,928,439,1 565,197,658,500,4 612,229,712,503,4
/data/user7/wt/datasets/M3FD/M3FD/VOCdevkit/VOC2007/JPEGImages/03811.jpg 201,301,322,402,1 304,288,459,411,1 444,285,685,424,1 617,298,928,443,1 507,197,593,498,4
/data/user7/wt/datasets/M3FD/M3FD/VOCdevkit/VOC2007/JPEGImages/03812.jpg 198,296,320,397,1 298,286,437,410,1 529,284,682,421,1 613,300,928,441,1 399,202,527,487,4 452,216,560,482,4
/data/user7/wt/datasets/M3FD/M3FD/VOCdevkit/VOC2007/JPEGImages/03813.jpg 200,297,326,401,1 299,295,363,401,1 455,285,685,416,1 613,299,928,440,1 338,205,414,469,4 410,221,459,463,4
/data/user7/wt/datasets/M3FD/M3FD/VOCdevkit/VOC2007/JPEGImages/03814.jpg 200,299,292,401,1 382,287,486,412,1 444,282,688,419,1 617,297,926,440,1 274,224,337,465,4 334,235,393,455,4
/data/user7/wt/datasets/M3FD/M3FD/VOCdevkit/VOC2007/JPEGImages/03815.jpg 330,285,475,409,1 453,285,683,421,1 620,300,929,442,1 210,231,281,458,4 278,247,352,446,4
/data/user7/wt/datasets/M3FD/M3FD/VOCdevkit/VOC2007/JPEGImages/03816.jpg 201,300,331,401,1 297,288,473,412,1 447,283,680,420,1 622,297,928,444,1
/data/user7/wt/datasets/M3FD/M3FD/VOCdevkit/VOC2007/JPEGImages/03817.jpg 201,297,332,399,1 295,285,479,410,1 450,280,686,419,1 620,297,932,440,1
/data/user7/wt/datasets/M3FD/M3FD/VOCdevkit/VOC2007/JPEGImages/03819.jpg 201,293,331,393,1 306,279,473,405,1 450,279,690,417,1 617,294,930,438,1
/data/user7/wt/datasets/M3FD/M3FD/VOCdevkit/VOC2007/JPEGImages/03820.jpg 199,290,312,392,1 301,283,463,405,1 449,274,690,413,1 621,294,929,437,1
/data/user7/wt/datasets/M3FD/M3FD/VOCdevkit/VOC2007/JPEGImages/03821.jpg 198,293,330,391,1 296,278,474,402,1 448,275,683,414,1 614,293,923,436,1
/data/user7/wt/datasets/M3FD/M3FD/VOCdevkit/VOC2007/JPEGImages/03824.jpg 326,523,455,632,1 428,503,607,635,1 573,480,807,628,1 751,482,1024,636,1
/data/user7/wt/datasets/M3FD/M3FD/VOCdevkit/VOC2007/JPEGImages/03825.jpg 641,424,769,526,1 742,404,934,534,1 898,393,1024,539,1 220,423,247,518,4 247,430,278,520,4 182,457,197,488,4
/data/user7/wt/datasets/M3FD/M3FD/VOCdevkit/VOC2007/JPEGImages/03826.jpg 667,405,801,507,1 767,398,970,523,1 930,395,1024,535,1 237,387,269,476,4 265,389,293,477,4 212,415,226,450,4
/data/user7/wt/datasets/M3FD/M3FD/VOCdevkit/VOC2007/JPEGImages/03827.jpg 701,403,838,504,1 809,394,995,522,1 245,381,274,469,4 268,388,293,468,4 963,384,1024,534,1
/data/user7/wt/datasets/M3FD/M3FD/VOCdevkit/VOC2007/JPEGImages/03828.jpg 728,379,863,484,1 831,369,1024,499,1 262,363,290,449,4 290,367,318,449,4
/data/user7/wt/datasets/M3FD/M3FD/VOCdevkit/VOC2007/JPEGImages/03829.jpg 738,416,885,521,1 842,406,1024,535,1 269,401,299,481,4 295,410,318,484,4
/data/user7/wt/datasets/M3FD/M3FD/VOCdevkit/VOC2007/JPEGImages/03830.jpg 739,422,875,525,1 845,411,1024,545,1 271,410,299,487,4 300,414,325,488,4
/data/user7/wt/datasets/M3FD/M3FD/VOCdevkit/VOC2007/JPEGImages/03831.jpg 746,410,887,509,1 849,393,1024,524,1 286,394,310,466,4 312,400,338,465,4
/data/user7/wt/datasets/M3FD/M3FD/VOCdevkit/VOC2007/JPEGImages/03832.jpg 743,404,878,506,1 846,393,1024,525,1 288,391,311,462,4 310,394,333,461,4
/data/user7/wt/datasets/M3FD/M3FD/VOCdevkit/VOC2007/JPEGImages/03833.jpg 723,431,879,533,1 832,420,1024,550,1 282,423,307,489,4 305,428,330,490,4 274,436,286,471,4
/data/user7/wt/datasets/M3FD/M3FD/VOCdevkit/VOC2007/JPEGImages/03834.jpg 730,455,863,556,1 831,445,1024,572,1 276,447,304,514,4 310,454,332,515,4
/data/user7/wt/datasets/M3FD/M3FD/VOCdevkit/VOC2007/JPEGImages/03835.jpg 725,503,857,609,1 828,493,1024,621,1 274,511,301,574,4 259,523,278,560,4 301,512,333,576,4
/data/user7/wt/datasets/M3FD/M3FD/VOCdevkit/VOC2007/JPEGImages/03836.jpg 722,501,856,602,1 827,483,1024,618,1 263,520,278,558,4 284,504,309,570,4 311,510,335,569,4
/data/user7/wt/datasets/M3FD/M3FD/VOCdevkit/VOC2007/JPEGImages/03837.jpg 730,501,867,609,1 830,493,1024,619,1 269,521,284,558,4 286,508,311,572,4 318,512,339,570,4
/data/user7/wt/datasets/M3FD/M3FD/VOCdevkit/VOC2007/JPEGImages/03838.jpg 727,499,868,604,1 831,482,1024,615,1 271,514,283,550,4 283,501,308,564,4 310,506,336,564,4
/data/user7/wt/datasets/M3FD/M3FD/VOCdevkit/VOC2007/JPEGImages/03839.jpg 727,492,865,596,1 831,480,1024,612,1 269,511,282,548,4 280,502,300,559,4 311,504,330,559,4
/data/user7/wt/datasets/M3FD/M3FD/VOCdevkit/VOC2007/JPEGImages/03840.jpg 728,493,862,599,1 840,480,1024,612,1 276,501,298,556,4 309,507,334,557,4 270,513,282,548,4
/data/user7/wt/datasets/M3FD/M3FD/VOCdevkit/VOC2007/JPEGImages/03841.jpg 733,490,876,595,1 839,477,1024,610,1 278,499,298,555,4 298,506,319,557,4
/data/user7/wt/datasets/M3FD/M3FD/VOCdevkit/VOC2007/JPEGImages/03842.jpg 736,492,872,596,1 840,478,1024,610,1 276,504,297,558,4 294,507,315,558,4
/data/user7/wt/datasets/M3FD/M3FD/VOCdevkit/VOC2007/JPEGImages/03843.jpg 731,481,870,583,1 839,465,1019,597,1 262,489,284,540,4 283,493,302,539,4
/data/user7/wt/datasets/M3FD/M3FD/VOCdevkit/VOC2007/JPEGImages/03844.jpg 732,482,877,585,1 836,467,1024,597,1 258,487,279,539,4 278,492,297,538,4
/data/user7/wt/datasets/M3FD/M3FD/VOCdevkit/VOC2007/JPEGImages/03845.jpg 732,462,886,571,1 833,454,1024,583,1 250,472,267,522,4 272,475,289,521,4
/data/user7/wt/datasets/M3FD/M3FD/VOCdevkit/VOC2007/JPEGImages/03846.jpg 733,466,866,569,1 837,451,1024,583,1 245,474,266,523,4 269,479,290,522,4
/data/user7/wt/datasets/M3FD/M3FD/VOCdevkit/VOC2007/JPEGImages/03847.jpg 730,458,866,561,1 833,446,1024,575,1 234,467,255,513,4 250,469,265,514,4 287,477,300,513,4
/data/user7/wt/datasets/M3FD/M3FD/VOCdevkit/VOC2007/JPEGImages/03848.jpg 728,455,866,557,1 832,434,1024,568,1 227,461,243,508,4 242,464,258,507,4 289,470,304,508,4
/data/user7/wt/datasets/M3FD/M3FD/VOCdevkit/VOC2007/JPEGImages/03849.jpg 726,441,868,548,1 830,432,1024,560,1 215,452,232,493,4 229,452,243,493,4 297,456,310,493,4
/data/user7/wt/datasets/M3FD/M3FD/VOCdevkit/VOC2007/JPEGImages/03851.jpg 696,306,829,410,1 804,289,987,420,1 173,332,189,371,4 186,334,200,372,4 282,338,298,374,4 957,288,1024,422,1
/data/user7/wt/datasets/M3FD/M3FD/VOCdevkit/VOC2007/JPEGImages/03852.jpg 672,339,806,440,1 770,321,982,452,1 141,351,159,393,4 155,352,174,394,4 261,357,278,394,4 930,318,1024,460,1
/data/user7/wt/datasets/M3FD/M3FD/VOCdevkit/VOC2007/JPEGImages/03853.jpg 630,336,767,435,1 729,320,920,447,1 883,312,1024,456,1 84,349,104,388,4 103,349,120,388,4 218,354,233,392,4
/data/user7/wt/datasets/M3FD/M3FD/VOCdevkit/VOC2007/JPEGImages/03854.jpg 623,339,769,438,1 732,329,921,459,1 880,314,1024,463,1 84,351,99,389,4 97,353,112,389,4 217,359,234,394,4
/data/user7/wt/datasets/M3FD/M3FD/VOCdevkit/VOC2007/JPEGImages/03855.jpg 289,298,361,508,4 387,293,481,521,4 553,158,603,300,4 605,170,652,299,4 555,275,613,462,4 583,287,642,516,4 624,301,693,528,4 674,283,736,465,4 758,291,833,523,4 803,281,846,520,4 835,304,893,522,4 877,299,947,529,4
/data/user7/wt/datasets/M3FD/M3FD/VOCdevkit/VOC2007/JPEGImages/03856.jpg 295,301,357,506,4 386,303,480,521,4 547,151,597,300,4 605,170,650,297,4 555,290,627,473,4 615,287,683,507,4 619,309,681,531,4 685,279,749,468,4 757,287,831,523,4 825,293,888,518,4 874,308,953,532,4
/data/user7/wt/datasets/M3FD/M3FD/VOCdevkit/VOC2007/JPEGImages/03857.jpg 296,297,358,513,4 396,291,477,520,4 552,158,602,299,4 602,168,653,301,4 563,279,632,474,4 609,302,689,525,4 647,287,737,518,4 693,299,756,480,4 759,290,827,524,4 822,303,901,514,4 859,307,943,523,4
/data/user7/wt/datasets/M3FD/M3FD/VOCdevkit/VOC2007/JPEGImages/03858.jpg 297,301,358,509,4 413,292,500,521,4 558,154,607,302,4 605,170,648,297,4 591,291,647,466,4 620,302,698,525,4 670,297,736,518,4 712,298,771,495,4 787,301,857,520,4 838,301,898,518,4 878,303,959,532,4
/data/user7/wt/datasets/M3FD/M3FD/VOCdevkit/VOC2007/JPEGImages/03859.jpg 309,301,380,510,4 462,289,532,514,4 558,158,605,310,4 605,168,650,300,4 610,299,652,491,4 651,294,712,527,4 682,287,738,523,4 715,291,770,497,4 795,294,871,517,4 849,302,899,514,4 885,303,963,528,4
/data/user7/wt/datasets/M3FD/M3FD/VOCdevkit/VOC2007/JPEGImages/03860.jpg 336,298,424,509,4 514,283,601,510,4 547,161,610,305,4 597,168,651,293,4 620,301,679,495,4 666,300,717,523,4 693,295,750,515,4 721,295,801,495,4 826,295,905,522,4 897,304,981,524,4
/data/user7/wt/datasets/M3FD/M3FD/VOCdevkit/VOC2007/JPEGImages/03861.jpg 351,301,430,513,4 492,290,567,511,4 532,161,597,309,4 578,178,632,308,4 617,305,670,493,4 664,304,750,536,4 730,293,799,501,4 810,306,872,522,4 855,305,888,486,4 877,301,923,520,4 921,310,979,520,4
/data/user7/wt/datasets/M3FD/M3FD/VOCdevkit/VOC2007/JPEGImages/03862.jpg 374,301,439,518,4 493,295,567,513,4 544,168,593,314,4 598,183,645,311,4 638,308,694,501,4 688,293,778,533,4 691,291,736,518,4 764,299,817,509,4 796,319,865,517,4 847,317,915,493,4 920,302,999,528,4
/data/user7/wt/datasets/M3FD/M3FD/VOCdevkit/VOC2007/JPEGImages/03865.jpg 493,324,584,546,4 540,314,597,531,4 591,209,643,363,4 636,222,693,357,4 738,334,813,551,4 738,312,817,540,4 813,339,887,543,4 858,328,929,523,4
/data/user7/wt/datasets/M3FD/M3FD/VOCdevkit/VOC2007/JPEGImages/03866.jpg 627,229,679,382,4 682,235,727,380,4 563,334,665,563,4 756,345,823,565,4 835,335,916,561,4 793,358,863,554,4 906,343,990,543,4 553,327,660,540,4
/data/user7/wt/datasets/M3FD/M3FD/VOCdevkit/VOC2007/JPEGImages/03868.jpg 417,328,492,550,4 448,237,505,415,4 508,248,551,402,4 573,321,629,512,4 589,351,668,557,4 675,339,750,545,4 775,360,852,542,4 922,369,1005,554,4 808,378,1016,490,1
/data/user7/wt/datasets/M3FD/M3FD/VOCdevkit/VOC2007/JPEGImages/03869.jpg 232,389,285,543,4 287,397,341,555,4 232,474,297,697,4 377,459,454,654,4 382,493,460,704,4 493,481,571,695,4 590,505,652,688,4 656,505,731,655,4 720,501,775,689,4 794,514,838,685,4 555,525,795,644,1 826,297,1024,669,0
/data/user7/wt/datasets/M3FD/M3FD/VOCdevkit/VOC2007/JPEGImages/03870.jpg 19,560,74,671,4 1,624,75,768,4 143,622,199,768,4 151,640,230,766,4 266,636,332,768,4 259,635,333,755,4 343,639,406,768,4 422,644,479,768,4 486,636,541,768,4 321,650,509,761,1 533,418,1024,768,0
/data/user7/wt/datasets/M3FD/M3FD/VOCdevkit/VOC2007/JPEGImages/03871.jpg 1,680,25,768,4 51,689,105,768,4 112,697,182,768,4 194,694,229,768,4 213,470,844,768,0
/data/user7/wt/datasets/M3FD/M3FD/VOCdevkit/VOC2007/JPEGImages/03872.jpg 7,513,66,687,4 22,507,91,705,4 93,531,164,705,4 144,534,196,688,4 5,533,170,639,1 219,340,825,707,0
/data/user7/wt/datasets/M3FD/M3FD/VOCdevkit/VOC2007/JPEGImages/03873.jpg 29,435,98,635,4 41,450,116,641,4 149,451,214,622,4 163,443,225,639,4 235,464,320,630,4 88,464,287,588,1 311,269,932,643,0
/data/user7/wt/datasets/M3FD/M3FD/VOCdevkit/VOC2007/JPEGImages/03874.jpg 41,470,109,652,4 109,466,151,667,4 140,481,196,668,4 221,471,289,658,4 232,484,276,651,4 316,495,370,652,4 176,489,340,601,1 361,289,977,663,0
/data/user7/wt/datasets/M3FD/M3FD/VOCdevkit/VOC2007/JPEGImages/03875.jpg 112,456,164,608,4 153,458,214,640,4 188,477,242,648,4 279,458,352,648,4 234,482,353,580,1 389,277,1015,651,0
/data/user7/wt/datasets/M3FD/M3FD/VOCdevkit/VOC2007/JPEGImages/03877.jpg 78,453,145,665,4 55,455,112,647,4 238,481,291,657,4 274,477,312,653,4 334,476,383,646,4 346,469,415,653,4 132,489,378,605,1 397,281,1024,656,0
/data/user7/wt/datasets/M3FD/M3FD/VOCdevkit/VOC2007/JPEGImages/03878.jpg 87,480,166,648,4 140,462,229,662,4 255,478,312,651,4 296,471,336,646,4 357,470,391,643,4 380,468,416,652,4 182,484,375,599,1 399,280,1024,657,0
/data/user7/wt/datasets/M3FD/M3FD/VOCdevkit/VOC2007/JPEGImages/03879.jpg 122,483,177,656,4 177,465,226,667,4 250,483,306,659,4 257,492,318,657,4 312,478,360,649,4 359,480,405,651,4 220,489,372,609,1 396,282,1024,657,0
/data/user7/wt/datasets/M3FD/M3FD/VOCdevkit/VOC2007/JPEGImages/03880.jpg 176,484,218,652,4 209,470,263,657,4 262,473,328,660,4 299,471,334,655,4 335,478,383,644,4 142,497,302,598,1 382,481,435,653,4 399,277,1024,653,0
/data/user7/wt/datasets/M3FD/M3FD/VOCdevkit/VOC2007/JPEGImages/03881.jpg 197,474,243,652,4 225,461,265,654,4 270,469,352,654,4 298,474,339,649,4 359,480,405,640,4 140,483,375,583,1 401,277,1024,649,0
/data/user7/wt/datasets/M3FD/M3FD/VOCdevkit/VOC2007/JPEGImages/03882.jpg 215,476,251,634,4 226,460,281,651,4 277,470,353,649,4 303,479,350,641,4 367,472,409,632,4 142,482,390,577,1 405,271,1023,650,0
/data/user7/wt/datasets/M3FD/M3FD/VOCdevkit/VOC2007/JPEGImages/03883.jpg 215,472,247,648,4 227,462,271,651,4 277,479,341,647,4 308,478,370,644,4 382,481,416,637,4 143,482,379,582,1 401,271,1024,650,0
/data/user7/wt/datasets/M3FD/M3FD/VOCdevkit/VOC2007/JPEGImages/03884.jpg 217,474,251,638,4 236,460,282,655,4 288,481,377,647,4 328,478,384,644,4 389,475,418,620,4 147,483,383,592,1 403,272,1024,647,0
/data/user7/wt/datasets/M3FD/M3FD/VOCdevkit/VOC2007/JPEGImages/03885.jpg 213,474,255,633,4 222,462,282,651,4 297,481,367,646,4 355,480,431,643,4 150,482,390,585,1 406,268,1024,640,0
/data/user7/wt/datasets/M3FD/M3FD/VOCdevkit/VOC2007/JPEGImages/03886.jpg 217,466,270,627,4 216,458,287,643,4 352,470,416,636,4 143,473,379,582,1 405,257,1024,634,0
/data/user7/wt/datasets/M3FD/M3FD/VOCdevkit/VOC2007/JPEGImages/03887.jpg 220,455,278,616,4 232,443,307,625,4 377,451,428,617,4 142,463,372,568,1 399,244,1024,616,0
/data/user7/wt/datasets/M3FD/M3FD/VOCdevkit/VOC2007/JPEGImages/03888.jpg 246,444,311,609,4 278,435,338,614,4 381,449,424,604,4 140,459,374,558,1 396,234,1024,609,0
/data/user7/wt/datasets/M3FD/M3FD/VOCdevkit/VOC2007/JPEGImages/03889.jpg 282,447,332,614,4 306,428,375,619,4 380,453,416,613,4 135,459,367,559,1 395,235,1024,613,0
/data/user7/wt/datasets/M3FD/M3FD/VOCdevkit/VOC2007/JPEGImages/03890.jpg 310,466,354,634,4 332,453,393,633,4 139,477,350,581,1 391,254,1018,631,0
/data/user7/wt/datasets/M3FD/M3FD/VOCdevkit/VOC2007/JPEGImages/03893.jpg 357,459,421,629,4 129,480,357,586,1 388,249,1022,618,0
/data/user7/wt/datasets/M3FD/M3FD/VOCdevkit/VOC2007/JPEGImages/03894.jpg 375,480,420,625,4 131,474,371,577,1 391,244,1021,617,0
/data/user7/wt/datasets/M3FD/M3FD/VOCdevkit/VOC2007/JPEGImages/03897.jpg 134,451,361,550,1 382,229,1019,594,0
/data/user7/wt/datasets/M3FD/M3FD/VOCdevkit/VOC2007/JPEGImages/03898.jpg 129,447,371,555,1 377,223,1012,587,0
/data/user7/wt/datasets/M3FD/M3FD/VOCdevkit/VOC2007/JPEGImages/03902.jpg 133,479,363,587,1 380,243,1016,617,0
/data/user7/wt/datasets/M3FD/M3FD/VOCdevkit/VOC2007/JPEGImages/03903.jpg 160,537,390,639,1 407,284,1024,667,0
/data/user7/wt/datasets/M3FD/M3FD/VOCdevkit/VOC2007/JPEGImages/03904.jpg 138,477,370,588,1 387,239,1024,608,0
/data/user7/wt/datasets/M3FD/M3FD/VOCdevkit/VOC2007/JPEGImages/03905.jpg 138,461,368,564,1 391,222,1024,592,0
/data/user7/wt/datasets/M3FD/M3FD/VOCdevkit/VOC2007/JPEGImages/03906.jpg 138,465,368,563,1 389,223,1024,597,0
/data/user7/wt/datasets/M3FD/M3FD/VOCdevkit/VOC2007/JPEGImages/03908.jpg 136,459,370,560,1 388,219,1024,589,0
/data/user7/wt/datasets/M3FD/M3FD/VOCdevkit/VOC2007/JPEGImages/03909.jpg 140,454,372,553,1 389,212,1024,585,0
/data/user7/wt/datasets/M3FD/M3FD/VOCdevkit/VOC2007/JPEGImages/03910.jpg 142,459,372,559,1 392,217,1024,588,0
/data/user7/wt/datasets/M3FD/M3FD/VOCdevkit/VOC2007/JPEGImages/03911.jpg 142,451,371,551,1 395,207,1024,576,0
/data/user7/wt/datasets/M3FD/M3FD/VOCdevkit/VOC2007/JPEGImages/03912.jpg 149,437,377,538,1 400,203,1024,568,0
/data/user7/wt/datasets/M3FD/M3FD/VOCdevkit/VOC2007/JPEGImages/03913.jpg 145,439,375,537,1 398,199,1024,570,0
/data/user7/wt/datasets/M3FD/M3FD/VOCdevkit/VOC2007/JPEGImages/03914.jpg 153,433,375,540,1 399,199,1024,568,0
/data/user7/wt/datasets/M3FD/M3FD/VOCdevkit/VOC2007/JPEGImages/03915.jpg 150,428,376,535,1 401,194,1024,564,0
/data/user7/wt/datasets/M3FD/M3FD/VOCdevkit/VOC2007/JPEGImages/03916.jpg 147,434,375,537,1 399,199,1024,565,0
/data/user7/wt/datasets/M3FD/M3FD/VOCdevkit/VOC2007/JPEGImages/03917.jpg 148,428,376,532,1 401,194,1024,566,0
/data/user7/wt/datasets/M3FD/M3FD/VOCdevkit/VOC2007/JPEGImages/03918.jpg 142,428,369,529,1 393,191,1024,561,0
/data/user7/wt/datasets/M3FD/M3FD/VOCdevkit/VOC2007/JPEGImages/03919.jpg 142,414,365,519,1 385,182,1019,552,0
/data/user7/wt/datasets/M3FD/M3FD/VOCdevkit/VOC2007/JPEGImages/03920.jpg 136,414,361,514,1 383,177,1015,545,0
/data/user7/wt/datasets/M3FD/M3FD/VOCdevkit/VOC2007/JPEGImages/03921.jpg 139,408,369,509,1 387,174,1015,543,0
/data/user7/wt/datasets/M3FD/M3FD/VOCdevkit/VOC2007/JPEGImages/03922.jpg 132,398,361,499,1 386,169,1018,534,0
/data/user7/wt/datasets/M3FD/M3FD/VOCdevkit/VOC2007/JPEGImages/03923.jpg 141,397,370,496,1 391,168,1023,533,0
/data/user7/wt/datasets/M3FD/M3FD/VOCdevkit/VOC2007/JPEGImages/03924.jpg 146,378,376,476,1 398,152,1024,522,0
/data/user7/wt/datasets/M3FD/M3FD/VOCdevkit/VOC2007/JPEGImages/03925.jpg 140,400,370,497,1 392,171,1024,542,0
/data/user7/wt/datasets/M3FD/M3FD/VOCdevkit/VOC2007/JPEGImages/03926.jpg 143,419,372,521,1 391,189,1024,561,0
/data/user7/wt/datasets/M3FD/M3FD/VOCdevkit/VOC2007/JPEGImages/03928.jpg 157,481,383,583,1 409,241,1024,614,0
/data/user7/wt/datasets/M3FD/M3FD/VOCdevkit/VOC2007/JPEGImages/03929.jpg 169,459,395,562,1 421,227,1024,591,0
/data/user7/wt/datasets/M3FD/M3FD/VOCdevkit/VOC2007/JPEGImages/03931.jpg 118,414,178,588,4 167,439,356,543,1 379,203,1007,579,0
/data/user7/wt/datasets/M3FD/M3FD/VOCdevkit/VOC2007/JPEGImages/03932.jpg 176,303,336,695,4 136,409,367,512,1 393,178,1024,553,0
/data/user7/wt/datasets/M3FD/M3FD/VOCdevkit/VOC2007/JPEGImages/03934.jpg 697,193,1022,768,4 140,394,368,494,1 392,165,1024,538,0
/data/user7/wt/datasets/M3FD/M3FD/VOCdevkit/VOC2007/JPEGImages/03936.jpg 144,382,375,492,1 393,162,1024,537,0
/data/user7/wt/datasets/M3FD/M3FD/VOCdevkit/VOC2007/JPEGImages/03937.jpg 150,376,379,479,1 402,157,1024,534,0
/data/user7/wt/datasets/M3FD/M3FD/VOCdevkit/VOC2007/JPEGImages/03938.jpg 132,524,367,632,1 390,290,1024,666,0
/data/user7/wt/datasets/M3FD/M3FD/VOCdevkit/VOC2007/JPEGImages/03940.jpg 140,464,375,574,1 398,245,1024,622,0
/data/user7/wt/datasets/M3FD/M3FD/VOCdevkit/VOC2007/JPEGImages/03941.jpg 172,433,401,545,1 431,214,1024,591,0
/data/user7/wt/datasets/M3FD/M3FD/VOCdevkit/VOC2007/JPEGImages/03942.jpg 192,387,421,498,1 451,161,1024,541,0
/data/user7/wt/datasets/M3FD/M3FD/VOCdevkit/VOC2007/JPEGImages/03945.jpg 619,297,659,424,4 674,330,918,440,1
/data/user7/wt/datasets/M3FD/M3FD/VOCdevkit/VOC2007/JPEGImages/03946.jpg 662,318,701,447,4 707,350,949,455,1
/data/user7/wt/datasets/M3FD/M3FD/VOCdevkit/VOC2007/JPEGImages/03948.jpg 819,282,861,424,4 861,316,1024,420,1
/data/user7/wt/datasets/M3FD/M3FD/VOCdevkit/VOC2007/JPEGImages/03950.jpg 827,283,871,434,4 856,314,1024,427,1
/data/user7/wt/datasets/M3FD/M3FD/VOCdevkit/VOC2007/JPEGImages/03951.jpg 777,287,830,434,4 816,318,1024,432,1
/data/user7/wt/datasets/M3FD/M3FD/VOCdevkit/VOC2007/JPEGImages/03952.jpg 312,320,592,480,1 588,328,848,486,1
/data/user7/wt/datasets/M3FD/M3FD/VOCdevkit/VOC2007/JPEGImages/03954.jpg 308,319,570,474,1 285,145,1024,737,1
/data/user7/wt/datasets/M3FD/M3FD/VOCdevkit/VOC2007/JPEGImages/03955.jpg 1,136,1024,702,1
/data/user7/wt/datasets/M3FD/M3FD/VOCdevkit/VOC2007/JPEGImages/03956.jpg 2,172,1005,743,1
/data/user7/wt/datasets/M3FD/M3FD/VOCdevkit/VOC2007/JPEGImages/03957.jpg 588,328,846,480,1 1,201,613,715,1
/data/user7/wt/datasets/M3FD/M3FD/VOCdevkit/VOC2007/JPEGImages/03958.jpg 312,317,601,480,1 588,328,846,480,1 1,275,249,601,1
/data/user7/wt/datasets/M3FD/M3FD/VOCdevkit/VOC2007/JPEGImages/03959.jpg 312,317,601,480,1 588,328,849,481,1
/data/user7/wt/datasets/M3FD/M3FD/VOCdevkit/VOC2007/JPEGImages/03960.jpg 312,317,601,480,1 588,328,850,485,1
/data/user7/wt/datasets/M3FD/M3FD/VOCdevkit/VOC2007/JPEGImages/03961.jpg 312,317,601,480,1 588,328,850,480,1
/data/user7/wt/datasets/M3FD/M3FD/VOCdevkit/VOC2007/JPEGImages/03962.jpg 312,317,601,478,1 591,328,845,485,1
/data/user7/wt/datasets/M3FD/M3FD/VOCdevkit/VOC2007/JPEGImages/03963.jpg 1,131,25,253,4 122,158,165,250,4 343,127,369,174,4 659,157,705,293,4 702,160,747,284,4 413,313,505,512,4 539,296,613,531,4 652,303,749,520,4 670,281,739,463,4 767,281,829,460,4 782,312,858,529,4 872,302,960,537,4 920,293,980,475,4 965,321,1015,531,4 995,309,1024,550,4
/data/user7/wt/datasets/M3FD/M3FD/VOCdevkit/VOC2007/JPEGImages/03964.jpg 1,120,23,232,4 198,99,228,157,4 564,147,609,282,4 617,147,664,270,4 330,297,412,501,4 453,281,535,519,4 571,287,655,507,4 582,267,647,443,4 667,263,729,443,4 696,301,763,511,4 770,286,859,521,4 836,282,887,458,4 847,299,935,516,4 894,302,977,524,4
/data/user7/wt/datasets/M3FD/M3FD/VOCdevkit/VOC2007/JPEGImages/03966.jpg 305,305,372,513,4 409,288,506,521,4 551,161,599,302,4 598,166,640,301,4 539,289,635,512,4 525,282,587,467,4 651,274,716,451,4 673,301,737,520,4 746,300,832,527,4 791,293,847,465,4 810,314,888,526,4 870,305,951,531,4
/data/user7/wt/datasets/M3FD/M3FD/VOCdevkit/VOC2007/JPEGImages/03968.jpg 311,304,377,512,4 401,290,500,522,4 559,162,604,297,4 597,168,639,293,4 542,289,627,517,4 524,278,586,463,4 651,274,716,451,4 678,301,752,528,4 743,299,832,524,4 798,295,856,463,4 810,308,888,520,4 860,305,941,532,4
/data/user7/wt/datasets/M3FD/M3FD/VOCdevkit/VOC2007/JPEGImages/03970.jpg 304,304,372,512,4 405,295,505,523,4 556,159,604,297,4 597,165,638,293,4 540,289,636,514,4 524,278,586,463,4 646,271,713,451,4 673,301,731,523,4 756,298,832,522,4 826,298,881,467,4 810,308,888,520,4 863,305,944,531,4
/data/user7/wt/datasets/M3FD/M3FD/VOCdevkit/VOC2007/JPEGImages/03971.jpg 309,311,374,514,4 392,293,505,526,4 557,159,601,297,4 597,161,647,293,4 546,289,633,515,4 524,278,586,463,4 651,271,716,451,4 630,307,693,534,4 755,300,843,525,4 833,298,893,476,4 811,318,889,531,4 870,314,946,539,4
/data/user7/wt/datasets/M3FD/M3FD/VOCdevkit/VOC2007/JPEGImages/03972.jpg 308,311,374,510,4 392,288,508,526,4 553,155,604,297,4 597,167,638,293,4 539,289,633,518,4 524,278,586,463,4 651,274,720,451,4 640,306,715,531,4 750,307,833,533,4 833,302,892,476,4 800,319,878,532,4 869,309,950,535,4
/data/user7/wt/datasets/M3FD/M3FD/VOCdevkit/VOC2007/JPEGImages/03973.jpg 309,311,374,508,4 405,294,506,522,4 557,160,604,297,4 597,164,639,293,4 547,289,633,513,4 533,278,586,457,4 651,272,713,451,4 638,307,721,531,4 740,304,828,525,4 833,298,893,476,4 810,318,888,531,4 857,308,949,533,4
/data/user7/wt/datasets/M3FD/M3FD/VOCdevkit/VOC2007/JPEGImages/03974.jpg 310,309,376,508,4 407,300,509,521,4 549,161,595,297,4 597,165,639,293,4 541,289,633,513,4 537,278,586,458,4 651,272,713,451,4 648,309,725,529,4 752,310,832,526,4 833,298,893,476,4 819,319,897,532,4 862,311,948,532,4
/data/user7/wt/datasets/M3FD/M3FD/VOCdevkit/VOC2007/JPEGImages/03975.jpg 309,307,376,511,4 409,288,508,524,4 560,161,610,303,4 597,163,639,293,4 543,289,633,512,4 522,282,583,451,4 651,270,712,451,4 651,308,728,534,4 748,299,832,522,4 828,298,888,476,4 816,307,894,520,4 870,313,951,532,4
/data/user7/wt/datasets/M3FD/M3FD/VOCdevkit/VOC2007/JPEGImages/03976.jpg 293,305,363,509,4 415,288,508,523,4 552,163,604,297,4 597,158,639,293,4 545,289,633,514,4 538,271,600,456,4 632,275,699,455,4 653,308,724,531,4 747,301,843,525,4 833,298,893,476,4 834,318,892,525,4 870,313,951,539,4
/data/user7/wt/datasets/M3FD/M3FD/VOCdevkit/VOC2007/JPEGImages/03977.jpg 309,303,372,507,4 402,288,508,522,4 557,158,604,297,4 597,158,639,293,4 539,289,633,518,4 542,282,604,467,4 642,273,710,453,4 652,307,728,531,4 749,301,843,525,4 833,298,893,476,4 811,318,889,531,4 872,307,953,533,4
/data/user7/wt/datasets/M3FD/M3FD/VOCdevkit/VOC2007/JPEGImages/03978.jpg 307,304,366,505,4 401,288,508,522,4 556,159,604,297,4 597,163,639,293,4 539,289,629,514,4 514,278,598,455,4 651,271,708,451,4 655,306,724,529,4 745,300,841,523,4 833,298,893,476,4 820,314,898,527,4 869,305,950,531,4
/data/user7/wt/datasets/M3FD/M3FD/VOCdevkit/VOC2007/JPEGImages/03979.jpg 296,300,374,509,4 418,289,508,526,4 559,162,604,297,4 597,161,638,293,4 553,289,633,512,4 524,278,599,455,4 651,270,711,451,4 654,303,722,529,4 747,302,843,525,4 833,298,893,476,4 811,318,889,531,4 872,308,949,529,4
/data/user7/wt/datasets/M3FD/M3FD/VOCdevkit/VOC2007/JPEGImages/03981.jpg 313,306,374,509,4 402,291,508,526,4 557,143,604,297,4 597,158,639,293,4 543,289,633,514,4 516,279,589,456,4 641,260,728,452,4 654,307,726,530,4 756,291,848,525,4 833,298,893,476,4 818,318,889,520,4 870,303,951,529,4
/data/user7/wt/datasets/M3FD/M3FD/VOCdevkit/VOC2007/JPEGImages/03982.jpg 302,305,369,507,4 408,288,508,521,4 555,160,604,297,4 597,163,638,293,4 559,289,633,512,4 533,278,586,453,4 629,269,706,460,4 644,307,718,528,4 743,301,835,526,4 833,298,893,476,4 823,319,894,525,4 862,313,943,539,4
/data/user7/wt/datasets/M3FD/M3FD/VOCdevkit/VOC2007/JPEGImages/03983.jpg 307,309,367,505,4 431,292,508,522,4 556,159,604,297,4 597,162,637,293,4 562,289,633,512,4 534,275,599,451,4 647,273,700,450,4 641,307,711,531,4 747,300,836,522,4 833,298,893,476,4 815,311,893,524,4 869,301,950,527,4
/data/user7/wt/datasets/M3FD/M3FD/VOCdevkit/VOC2007/JPEGImages/03984.jpg 306,305,369,507,4 414,292,499,522,4 559,161,604,297,4 597,162,641,293,4 539,289,631,513,4 517,278,586,456,4 640,305,723,532,4 740,302,833,528,4 833,298,893,476,4 842,315,902,522,4 866,303,947,529,4 656,272,716,443,4
/data/user7/wt/datasets/M3FD/M3FD/VOCdevkit/VOC2007/JPEGImages/03985.jpg 298,303,363,509,4 407,289,496,527,4 557,159,604,297,4 595,161,643,291,4 556,289,633,513,4 539,275,601,460,4 651,271,719,451,4 642,307,718,532,4 751,300,843,525,4 833,298,893,476,4 831,318,889,528,4 868,304,942,531,4
/data/user7/wt/datasets/M3FD/M3FD/VOCdevkit/VOC2007/JPEGImages/03986.jpg 307,307,363,510,4 408,292,491,526,4 558,162,604,297,4 556,289,633,512,4 513,282,579,457,4 640,275,702,454,4 641,305,711,533,4 745,300,839,525,4 833,298,893,476,4 839,310,900,527,4 869,304,940,533,4 597,163,642,291,4
/data/user7/wt/datasets/M3FD/M3FD/VOCdevkit/VOC2007/JPEGImages/03987.jpg 306,307,366,508,4 405,294,491,524,4 557,160,597,297,4 597,162,637,293,4 537,291,631,520,4 534,280,598,454,4 637,269,714,460,4 647,307,722,532,4 748,297,840,525,4 833,318,889,521,4 869,310,943,532,4 832,293,886,471,4
/data/user7/wt/datasets/M3FD/M3FD/VOCdevkit/VOC2007/JPEGImages/03988.jpg 302,310,363,511,4 403,289,488,529,4 556,157,605,301,4 597,164,645,293,4 546,298,639,514,4 520,278,582,463,4 639,269,712,450,4 666,302,736,529,4 747,301,834,523,4 833,298,893,476,4 833,318,889,528,4 870,310,948,528,4
/data/user7/wt/datasets/M3FD/M3FD/VOCdevkit/VOC2007/JPEGImages/03989.jpg 274,308,374,509,4 401,290,488,527,4 556,155,604,297,4 547,289,640,513,4 537,281,597,463,4 645,270,712,452,4 667,304,742,530,4 751,291,843,525,4 823,298,883,476,4 839,318,889,531,4 872,309,937,533,4 595,162,642,295,4
/data/user7/wt/datasets/M3FD/M3FD/VOCdevkit/VOC2007/JPEGImages/03990.jpg 594,364,882,471,1 278,239,373,528,4
/data/user7/wt/datasets/M3FD/M3FD/VOCdevkit/VOC2007/JPEGImages/03991.jpg 591,368,885,470,1 339,238,460,534,4
/data/user7/wt/datasets/M3FD/M3FD/VOCdevkit/VOC2007/JPEGImages/03992.jpg 598,368,881,469,1 366,238,515,538,4
/data/user7/wt/datasets/M3FD/M3FD/VOCdevkit/VOC2007/JPEGImages/03994.jpg 598,365,880,469,1 397,244,503,533,4
/data/user7/wt/datasets/M3FD/M3FD/VOCdevkit/VOC2007/JPEGImages/03995.jpg 597,366,881,470,1 378,244,490,529,4
/data/user7/wt/datasets/M3FD/M3FD/VOCdevkit/VOC2007/JPEGImages/03996.jpg 596,365,881,471,1 408,255,495,528,4
/data/user7/wt/datasets/M3FD/M3FD/VOCdevkit/VOC2007/JPEGImages/03997.jpg 592,364,888,472,1 424,255,505,525,4
/data/user7/wt/datasets/M3FD/M3FD/VOCdevkit/VOC2007/JPEGImages/03999.jpg 602,365,883,471,1 526,256,613,528,4
/data/user7/wt/datasets/M3FD/M3FD/VOCdevkit/VOC2007/JPEGImages/04000.jpg 651,367,885,471,1 555,261,670,534,4
/data/user7/wt/datasets/M3FD/M3FD/VOCdevkit/VOC2007/JPEGImages/04001.jpg 596,362,888,470,1 587,249,717,531,4
/data/user7/wt/datasets/M3FD/M3FD/VOCdevkit/VOC2007/JPEGImages/04002.jpg 599,363,882,470,1 621,259,735,535,4
/data/user7/wt/datasets/M3FD/M3FD/VOCdevkit/VOC2007/JPEGImages/04003.jpg 595,364,885,469,1 639,252,762,535,4
/data/user7/wt/datasets/M3FD/M3FD/VOCdevkit/VOC2007/JPEGImages/04004.jpg 593,367,882,472,1 673,254,791,539,4
/data/user7/wt/datasets/M3FD/M3FD/VOCdevkit/VOC2007/JPEGImages/04006.jpg 593,362,881,462,1 753,249,870,541,4
/data/user7/wt/datasets/M3FD/M3FD/VOCdevkit/VOC2007/JPEGImages/04009.jpg 69,204,193,553,4 690,169,812,570,4
/data/user7/wt/datasets/M3FD/M3FD/VOCdevkit/VOC2007/JPEGImages/04010.jpg 66,197,186,554,4 688,169,812,567,4
/data/user7/wt/datasets/M3FD/M3FD/VOCdevkit/VOC2007/JPEGImages/04011.jpg 93,203,177,554,4 690,170,812,568,4
/data/user7/wt/datasets/M3FD/M3FD/VOCdevkit/VOC2007/JPEGImages/04012.jpg 78,205,189,554,4 693,165,813,564,4
/data/user7/wt/datasets/M3FD/M3FD/VOCdevkit/VOC2007/JPEGImages/04013.jpg 41,200,178,556,4 690,166,817,568,4
/data/user7/wt/datasets/M3FD/M3FD/VOCdevkit/VOC2007/JPEGImages/04014.jpg 16,200,149,557,4 690,166,815,569,4
/data/user7/wt/datasets/M3FD/M3FD/VOCdevkit/VOC2007/JPEGImages/04015.jpg 690,170,811,567,4 41,197,151,555,4 1,172,101,613,4
/data/user7/wt/datasets/M3FD/M3FD/VOCdevkit/VOC2007/JPEGImages/04016.jpg 56,201,151,549,4 332,155,577,613,4 692,170,813,564,4
/data/user7/wt/datasets/M3FD/M3FD/VOCdevkit/VOC2007/JPEGImages/04017.jpg 82,199,174,555,4 690,166,815,569,4 893,147,1024,631,4
/data/user7/wt/datasets/M3FD/M3FD/VOCdevkit/VOC2007/JPEGImages/04018.jpg 82,199,170,555,4 688,166,813,568,4
/data/user7/wt/datasets/M3FD/M3FD/VOCdevkit/VOC2007/JPEGImages/04020.jpg 83,197,170,553,4 683,162,805,564,4
/data/user7/wt/datasets/M3FD/M3FD/VOCdevkit/VOC2007/JPEGImages/04021.jpg 88,204,255,552,4 550,201,695,549,4
/data/user7/wt/datasets/M3FD/M3FD/VOCdevkit/VOC2007/JPEGImages/04022.jpg 208,203,371,560,4 387,210,550,541,4
/data/user7/wt/datasets/M3FD/M3FD/VOCdevkit/VOC2007/JPEGImages/04024.jpg 598,189,742,565,4 170,194,263,537,4
/data/user7/wt/datasets/M3FD/M3FD/VOCdevkit/VOC2007/JPEGImages/04025.jpg 793,194,995,579,4 68,193,191,548,4
/data/user7/wt/datasets/M3FD/M3FD/VOCdevkit/VOC2007/JPEGImages/04026.jpg 197,127,322,612,4 627,169,771,584,4
/data/user7/wt/datasets/M3FD/M3FD/VOCdevkit/VOC2007/JPEGImages/04030.jpg 71,434,106,569,4 145,433,180,565,4 306,451,478,533,1 476,428,726,529,1 817,392,1024,528,1
/data/user7/wt/datasets/M3FD/M3FD/VOCdevkit/VOC2007/JPEGImages/04031.jpg 81,421,128,558,4 145,421,178,549,4 305,445,479,522,1 480,420,728,524,1 818,382,1024,521,1 61,479,76,511,4
/data/user7/wt/datasets/M3FD/M3FD/VOCdevkit/VOC2007/JPEGImages/04033.jpg 205,435,240,545,4 173,436,203,545,4 305,448,480,529,1 479,427,731,532,1 820,397,1024,546,1 6,489,22,513,4
/data/user7/wt/datasets/M3FD/M3FD/VOCdevkit/VOC2007/JPEGImages/04034.jpg 236,420,282,542,4 196,427,234,541,4 299,449,475,524,1 475,425,716,527,1 812,397,1024,535,1 1,480,15,506,4
/data/user7/wt/datasets/M3FD/M3FD/VOCdevkit/VOC2007/JPEGImages/04035.jpg 274,421,320,548,4 235,424,279,546,4 313,444,478,523,1 476,423,720,525,1 815,397,1024,534,1
/data/user7/wt/datasets/M3FD/M3FD/VOCdevkit/VOC2007/JPEGImages/04036.jpg 318,409,368,553,4 270,415,313,552,4 304,444,480,520,1 478,429,723,524,1 818,399,1024,535,1
/data/user7/wt/datasets/M3FD/M3FD/VOCdevkit/VOC2007/JPEGImages/04037.jpg 378,394,425,550,4 320,398,370,550,4 305,438,476,512,1 474,417,721,518,1 820,392,1024,529,1
/data/user7/wt/datasets/M3FD/M3FD/VOCdevkit/VOC2007/JPEGImages/04038.jpg 432,388,496,558,4 383,391,432,559,4 306,437,385,514,1 477,420,718,519,1 818,396,1024,533,1
/data/user7/wt/datasets/M3FD/M3FD/VOCdevkit/VOC2007/JPEGImages/04039.jpg 522,374,582,569,4 460,382,513,571,4 301,443,467,518,1 503,427,721,517,1 817,393,1024,534,1
/data/user7/wt/datasets/M3FD/M3FD/VOCdevkit/VOC2007/JPEGImages/04040.jpg 641,353,712,581,4 564,362,640,589,4 301,432,475,515,1 476,420,654,517,1 819,393,1024,531,1
/data/user7/wt/datasets/M3FD/M3FD/VOCdevkit/VOC2007/JPEGImages/04041.jpg 794,334,915,599,4 706,339,791,603,4 306,434,475,512,1 477,417,711,513,1 879,391,1024,527,1
/data/user7/wt/datasets/M3FD/M3FD/VOCdevkit/VOC2007/JPEGImages/04042.jpg 896,302,1022,629,4 306,425,484,504,1 479,411,720,507,1 819,384,1024,517,1
/data/user7/wt/datasets/M3FD/M3FD/VOCdevkit/VOC2007/JPEGImages/04043.jpg 303,429,480,505,1 475,409,722,508,1 820,387,1024,528,1
/data/user7/wt/datasets/M3FD/M3FD/VOCdevkit/VOC2007/JPEGImages/04044.jpg 301,432,478,509,1 481,414,721,512,1 820,391,1024,530,1
/data/user7/wt/datasets/M3FD/M3FD/VOCdevkit/VOC2007/JPEGImages/04046.jpg 683,350,756,582,4 528,318,636,600,4 303,425,480,506,1 480,408,701,508,1 818,386,1024,525,1
/data/user7/wt/datasets/M3FD/M3FD/VOCdevkit/VOC2007/JPEGImages/04047.jpg 622,369,689,561,4 407,339,479,577,4 303,428,415,503,1 490,412,718,510,1 815,390,1024,527,1
/data/user7/wt/datasets/M3FD/M3FD/VOCdevkit/VOC2007/JPEGImages/04048.jpg 528,378,575,545,4 349,355,413,560,4 305,425,478,502,1 478,413,721,504,1 818,388,1024,524,1
/data/user7/wt/datasets/M3FD/M3FD/VOCdevkit/VOC2007/JPEGImages/04049.jpg 415,380,459,535,4 263,370,343,541,4 325,422,479,500,1 479,407,723,507,1 822,382,1024,521,1
/data/user7/wt/datasets/M3FD/M3FD/VOCdevkit/VOC2007/JPEGImages/04050.jpg 313,383,363,530,4 208,375,266,529,4 306,424,482,496,1 474,411,713,502,1 820,384,1024,522,1
/data/user7/wt/datasets/M3FD/M3FD/VOCdevkit/VOC2007/JPEGImages/04051.jpg 218,394,259,528,4 152,390,201,528,4 307,424,478,500,1 473,410,716,504,1 821,390,1024,528,1
/data/user7/wt/datasets/M3FD/M3FD/VOCdevkit/VOC2007/JPEGImages/04052.jpg 158,399,194,522,4 104,396,160,522,4 305,423,482,505,1 477,410,721,509,1 819,387,1024,525,1 1,416,31,525,1
/data/user7/wt/datasets/M3FD/M3FD/VOCdevkit/VOC2007/JPEGImages/04053.jpg 109,404,137,519,4 71,395,110,517,4 305,424,480,501,1 477,409,724,505,1 822,385,1024,524,1 1,395,61,530,1
/data/user7/wt/datasets/M3FD/M3FD/VOCdevkit/VOC2007/JPEGImages/04054.jpg 110,405,145,507,4 1,387,142,535,1 306,421,479,500,1 474,408,723,504,1 817,384,1024,523,1
/data/user7/wt/datasets/M3FD/M3FD/VOCdevkit/VOC2007/JPEGImages/04056.jpg 7,406,44,503,4 40,406,67,502,4 59,371,488,539,1 475,404,720,507,1 818,383,1024,518,1
/data/user7/wt/datasets/M3FD/M3FD/VOCdevkit/VOC2007/JPEGImages/04057.jpg 294,239,416,608,4 120,220,293,612,4 389,393,478,468,1 478,381,651,478,1 636,378,842,493,1 822,363,1024,503,1
/data/user7/wt/datasets/M3FD/M3FD/VOCdevkit/VOC2007/JPEGImages/04058.jpg 344,220,499,633,4 135,194,304,648,4 304,396,482,472,1 481,385,644,479,1 633,377,847,497,1 820,362,1024,504,1
/data/user7/wt/datasets/M3FD/M3FD/VOCdevkit/VOC2007/JPEGImages/04059.jpg 306,347,482,419,1 477,337,649,435,1 640,326,847,442,1 816,317,1024,454,1 655,310,678,348,4
/data/user7/wt/datasets/M3FD/M3FD/VOCdevkit/VOC2007/JPEGImages/04060.jpg 215,409,247,494,4 273,422,443,497,1 431,408,751,557,1 788,427,1024,563,1
/data/user7/wt/datasets/M3FD/M3FD/VOCdevkit/VOC2007/JPEGImages/04061.jpg 199,408,226,484,4 272,420,402,492,1 336,405,630,544,1 788,426,1024,560,1 605,440,688,518,1
/data/user7/wt/datasets/M3FD/M3FD/VOCdevkit/VOC2007/JPEGImages/04062.jpg 182,411,206,484,4 275,421,351,485,1 280,401,558,533,1 538,424,691,519,1 788,425,1024,561,1
/data/user7/wt/datasets/M3FD/M3FD/VOCdevkit/VOC2007/JPEGImages/04063.jpg 162,410,185,479,4 242,401,493,525,1 468,415,691,521,1 791,423,1024,562,1
/data/user7/wt/datasets/M3FD/M3FD/VOCdevkit/VOC2007/JPEGImages/04064.jpg 141,414,166,475,4 229,401,439,518,1 446,418,689,521,1 789,425,1024,564,1
/data/user7/wt/datasets/M3FD/M3FD/VOCdevkit/VOC2007/JPEGImages/04065.jpg 129,415,145,472,4 225,401,391,513,1 373,422,450,498,1 446,422,690,521,1 783,420,1024,563,1
/data/user7/wt/datasets/M3FD/M3FD/VOCdevkit/VOC2007/JPEGImages/04066.jpg 114,415,137,470,4 213,403,367,510,1 347,421,447,498,1 451,419,688,515,1 792,422,1024,560,1
/data/user7/wt/datasets/M3FD/M3FD/VOCdevkit/VOC2007/JPEGImages/04067.jpg 101,412,121,470,4 206,405,342,504,1 330,423,445,497,1 450,421,664,520,1 647,319,1024,642,1
/data/user7/wt/datasets/M3FD/M3FD/VOCdevkit/VOC2007/JPEGImages/04068.jpg 91,417,110,468,4 188,406,313,502,1 270,355,703,588,1 790,423,1024,562,1
/data/user7/wt/datasets/M3FD/M3FD/VOCdevkit/VOC2007/JPEGImages/04069.jpg 75,373,321,524,1 320,420,444,500,1 447,417,688,524,1 791,427,1024,561,1
/data/user7/wt/datasets/M3FD/M3FD/VOCdevkit/VOC2007/JPEGImages/04070.jpg 1,384,139,497,1 151,411,286,499,1 280,421,447,499,1 447,418,688,522,1 792,424,1024,566,1
/data/user7/wt/datasets/M3FD/M3FD/VOCdevkit/VOC2007/JPEGImages/04072.jpg 61,416,78,465,4 148,417,246,494,1 273,418,447,495,1 446,420,688,521,1 789,426,1024,558,1
/data/user7/wt/datasets/M3FD/M3FD/VOCdevkit/VOC2007/JPEGImages/04073.jpg 70,418,87,461,4 155,414,236,493,1 271,420,447,496,1 446,419,682,521,1 791,426,1024,564,1
/data/user7/wt/datasets/M3FD/M3FD/VOCdevkit/VOC2007/JPEGImages/04074.jpg 157,420,232,487,1 274,418,447,497,1 445,418,690,520,1 791,426,1024,566,1
/data/user7/wt/datasets/M3FD/M3FD/VOCdevkit/VOC2007/JPEGImages/04075.jpg 137,417,228,486,1 271,420,444,499,1 447,418,690,520,1 791,426,1024,567,1
/data/user7/wt/datasets/M3FD/M3FD/VOCdevkit/VOC2007/JPEGImages/04076.jpg 86,417,206,478,1 274,421,445,496,1 446,420,690,520,1 794,426,1024,565,1
/data/user7/wt/datasets/M3FD/M3FD/VOCdevkit/VOC2007/JPEGImages/04077.jpg 1,410,139,472,1 272,418,446,498,1 444,420,692,523,1 790,428,1024,562,1
/data/user7/wt/datasets/M3FD/M3FD/VOCdevkit/VOC2007/JPEGImages/04078.jpg 1,406,47,466,1 271,421,441,499,1 446,417,686,521,1 791,427,1024,565,1
/data/user7/wt/datasets/M3FD/M3FD/VOCdevkit/VOC2007/JPEGImages/04079.jpg 270,422,448,500,1 450,420,690,521,1 790,425,1024,567,1
/data/user7/wt/datasets/M3FD/M3FD/VOCdevkit/VOC2007/JPEGImages/04080.jpg 270,419,447,498,1 445,420,691,520,1 792,426,1024,562,1
/data/user7/wt/datasets/M3FD/M3FD/VOCdevkit/VOC2007/JPEGImages/04081.jpg 272,417,448,499,1 450,419,690,520,1 793,427,1024,565,1
/data/user7/wt/datasets/M3FD/M3FD/VOCdevkit/VOC2007/JPEGImages/04082.jpg 271,417,447,496,1 446,420,690,521,1 787,429,1024,565,1
/data/user7/wt/datasets/M3FD/M3FD/VOCdevkit/VOC2007/JPEGImages/04083.jpg 1,393,44,483,1 269,420,446,498,1 444,417,689,525,1 790,425,1024,566,1
/data/user7/wt/datasets/M3FD/M3FD/VOCdevkit/VOC2007/JPEGImages/04084.jpg 1,389,63,486,1 272,420,443,500,1 447,418,685,526,1 790,426,1024,565,1
/data/user7/wt/datasets/M3FD/M3FD/VOCdevkit/VOC2007/JPEGImages/04085.jpg 1,388,76,486,1 270,418,446,495,1 444,418,691,524,1 791,425,1024,566,1
/data/user7/wt/datasets/M3FD/M3FD/VOCdevkit/VOC2007/JPEGImages/04086.jpg 1,383,87,489,1 270,420,449,497,1 449,418,686,520,1 792,425,1024,567,1
/data/user7/wt/datasets/M3FD/M3FD/VOCdevkit/VOC2007/JPEGImages/04087.jpg 1,385,95,490,1 273,420,445,497,1 444,419,687,518,1 789,429,1024,566,1
/data/user7/wt/datasets/M3FD/M3FD/VOCdevkit/VOC2007/JPEGImages/04088.jpg 1,390,95,490,1 270,420,448,497,1 449,425,688,524,1 787,422,1024,564,1
/data/user7/wt/datasets/M3FD/M3FD/VOCdevkit/VOC2007/JPEGImages/04089.jpg 1,386,99,490,1 270,420,444,497,1 446,416,689,522,1 789,424,1024,563,1
/data/user7/wt/datasets/M3FD/M3FD/VOCdevkit/VOC2007/JPEGImages/04090.jpg 1,385,102,491,1 270,419,444,496,1 446,419,692,519,1 788,425,1024,560,1
/data/user7/wt/datasets/M3FD/M3FD/VOCdevkit/VOC2007/JPEGImages/04091.jpg 1,384,106,490,1 272,419,451,498,1 448,421,689,523,1 786,426,1024,565,1
/data/user7/wt/datasets/M3FD/M3FD/VOCdevkit/VOC2007/JPEGImages/04093.jpg 141,372,460,541,1 447,419,686,522,1 791,424,1024,560,1
/data/user7/wt/datasets/M3FD/M3FD/VOCdevkit/VOC2007/JPEGImages/04094.jpg 320,366,803,604,1 798,423,1024,560,1 273,420,339,494,1
/data/user7/wt/datasets/M3FD/M3FD/VOCdevkit/VOC2007/JPEGImages/04095.jpg 272,423,452,495,1 448,421,681,520,1 680,345,1024,651,1
/data/user7/wt/datasets/M3FD/M3FD/VOCdevkit/VOC2007/JPEGImages/04096.jpg 241,422,418,497,1 415,417,659,520,1 758,422,1024,558,1
/data/user7/wt/datasets/M3FD/M3FD/VOCdevkit/VOC2007/JPEGImages/04097.jpg 240,420,417,498,1 413,418,657,518,1 759,421,1024,561,1
/data/user7/wt/datasets/M3FD/M3FD/VOCdevkit/VOC2007/JPEGImages/04098.jpg 241,421,420,493,1 416,418,659,520,1 752,423,1024,555,1
/data/user7/wt/datasets/M3FD/M3FD/VOCdevkit/VOC2007/JPEGImages/04099.jpg 240,422,421,494,1 422,417,655,521,1 756,423,1024,559,1
/data/user7/wt/datasets/M3FD/M3FD/VOCdevkit/VOC2007/JPEGImages/04101.jpg 598,368,883,473,1
/data/user7/wt/datasets/M3FD/M3FD/VOCdevkit/VOC2007/JPEGImages/04102.jpg 598,368,881,472,1
/data/user7/wt/datasets/M3FD/M3FD/VOCdevkit/VOC2007/JPEGImages/04103.jpg 609,54,1024,735,4
/data/user7/wt/datasets/M3FD/M3FD/VOCdevkit/VOC2007/JPEGImages/04105.jpg 311,78,479,698,4
/data/user7/wt/datasets/M3FD/M3FD/VOCdevkit/VOC2007/JPEGImages/04107.jpg 1,1,259,768,4
/data/user7/wt/datasets/M3FD/M3FD/VOCdevkit/VOC2007/JPEGImages/04108.jpg 13,1,369,768,4
/data/user7/wt/datasets/M3FD/M3FD/VOCdevkit/VOC2007/JPEGImages/04110.jpg 362,1,730,765,4
/data/user7/wt/datasets/M3FD/M3FD/VOCdevkit/VOC2007/JPEGImages/04111.jpg 457,1,860,768,4
/data/user7/wt/datasets/M3FD/M3FD/VOCdevkit/VOC2007/JPEGImages/04112.jpg 1,403,184,517,1 129,398,338,505,1 259,394,422,487,1 517,396,647,463,1 367,383,531,478,1 93,385,116,407,4
/data/user7/wt/datasets/M3FD/M3FD/VOCdevkit/VOC2007/JPEGImages/04113.jpg 1,403,185,518,1 128,399,339,503,1 254,395,424,488,1 485,397,646,464,1 368,382,532,477,1 346,370,379,489,4
/data/user7/wt/datasets/M3FD/M3FD/VOCdevkit/VOC2007/JPEGImages/04116.jpg 1,406,185,520,1 128,401,340,505,1 258,398,424,491,1 496,398,647,465,1 367,384,533,479,1
/data/user7/wt/datasets/M3FD/M3FD/VOCdevkit/VOC2007/JPEGImages/04117.jpg 1,405,188,523,1 126,402,337,508,1 258,397,424,486,1 516,395,646,466,1 366,382,531,478,1
/data/user7/wt/datasets/M3FD/M3FD/VOCdevkit/VOC2007/JPEGImages/04118.jpg 1,402,188,520,1 131,399,339,503,1 258,397,425,488,1 368,383,534,480,1 556,392,768,464,1
/data/user7/wt/datasets/M3FD/M3FD/VOCdevkit/VOC2007/JPEGImages/04119.jpg 1,399,187,517,1 129,396,340,504,1 257,394,423,486,1 369,380,532,477,1 753,377,977,461,1
/data/user7/wt/datasets/M3FD/M3FD/VOCdevkit/VOC2007/JPEGImages/04120.jpg 1,400,185,515,1 127,396,335,501,1 233,389,421,481,1 363,381,531,476,1 845,372,1024,457,1
/data/user7/wt/datasets/M3FD/M3FD/VOCdevkit/VOC2007/JPEGImages/04121.jpg 1,404,184,522,1 129,401,337,505,1 256,397,423,487,1 364,384,533,480,1 835,384,925,449,1
/data/user7/wt/datasets/M3FD/M3FD/VOCdevkit/VOC2007/JPEGImages/04123.jpg 1,405,185,522,1 128,401,338,506,1 255,393,424,489,1 367,384,532,479,1 907,391,975,423,1
/data/user7/wt/datasets/M3FD/M3FD/VOCdevkit/VOC2007/JPEGImages/04124.jpg 1,405,188,520,1 130,401,338,504,1 254,398,423,485,1 360,381,532,480,1 668,402,745,431,1
/data/user7/wt/datasets/M3FD/M3FD/VOCdevkit/VOC2007/JPEGImages/04125.jpg 1,405,185,521,1 133,399,336,504,1 254,394,414,485,1 367,383,531,479,1 605,407,672,436,1
/data/user7/wt/datasets/M3FD/M3FD/VOCdevkit/VOC2007/JPEGImages/04126.jpg 1,404,186,518,1 135,400,338,505,1 250,393,422,484,1 361,382,531,484,1
/data/user7/wt/datasets/M3FD/M3FD/VOCdevkit/VOC2007/JPEGImages/04127.jpg 1,402,191,523,1 132,397,335,502,1 247,397,416,480,1 368,386,531,479,1
/data/user7/wt/datasets/M3FD/M3FD/VOCdevkit/VOC2007/JPEGImages/04128.jpg 1,403,189,519,1 131,399,341,498,1 259,397,418,483,1 366,383,531,479,1
/data/user7/wt/datasets/M3FD/M3FD/VOCdevkit/VOC2007/JPEGImages/04129.jpg 279,373,412,447,1 361,379,468,456,1 453,369,660,462,1 652,373,820,480,1 791,363,1006,498,1 985,359,1024,506,1
/data/user7/wt/datasets/M3FD/M3FD/VOCdevkit/VOC2007/JPEGImages/04132.jpg 244,513,378,590,1 329,516,432,593,1 424,497,627,592,1 621,486,793,594,1 760,466,967,599,1 950,458,1024,606,1
/data/user7/wt/datasets/M3FD/M3FD/VOCdevkit/VOC2007/JPEGImages/04133.jpg 225,513,361,588,1 308,517,408,589,1 407,496,611,589,1 603,483,767,594,1 743,468,949,598,1 933,455,1023,603,1
/data/user7/wt/datasets/M3FD/M3FD/VOCdevkit/VOC2007/JPEGImages/04134.jpg 243,515,373,591,1 322,515,433,594,1 420,499,620,593,1 621,486,793,595,1 757,469,971,599,1 948,457,1019,606,1
/data/user7/wt/datasets/M3FD/M3FD/VOCdevkit/VOC2007/JPEGImages/04135.jpg 228,510,364,588,1 311,511,418,591,1 405,493,590,591,1 581,486,760,594,1 746,467,959,600,1 932,455,1024,603,1
/data/user7/wt/datasets/M3FD/M3FD/VOCdevkit/VOC2007/JPEGImages/04136.jpg 225,506,358,582,1 306,510,405,586,1 404,489,531,587,1 503,483,705,602,1 741,467,944,601,1 932,454,1024,608,1
/data/user7/wt/datasets/M3FD/M3FD/VOCdevkit/VOC2007/JPEGImages/04137.jpg 232,505,366,579,1 314,507,421,584,1 408,487,503,583,1 474,478,625,609,1 747,465,954,593,1 937,451,1024,599,1
/data/user7/wt/datasets/M3FD/M3FD/VOCdevkit/VOC2007/JPEGImages/04138.jpg 224,503,359,578,1 309,504,408,582,1 402,487,478,581,1 453,470,627,611,1 739,462,946,591,1 931,450,1024,595,1
/data/user7/wt/datasets/M3FD/M3FD/VOCdevkit/VOC2007/JPEGImages/04139.jpg 223,503,355,580,1 304,506,456,582,1 401,487,480,581,1 451,479,626,609,1 739,463,947,593,1 925,450,1024,597,1
/data/user7/wt/datasets/M3FD/M3FD/VOCdevkit/VOC2007/JPEGImages/04140.jpg 225,502,361,578,1 309,504,462,581,1 400,488,476,582,1 445,474,628,609,1 740,460,946,593,1 928,449,1024,592,1
/data/user7/wt/datasets/M3FD/M3FD/VOCdevkit/VOC2007/JPEGImages/04142.jpg 225,503,356,579,1 305,504,412,579,1 367,482,585,605,1 741,462,946,590,1 928,448,1024,595,1 570,506,642,575,1
/data/user7/wt/datasets/M3FD/M3FD/VOCdevkit/VOC2007/JPEGImages/04143.jpg 334,560,465,637,1 411,547,445,647,4 510,538,757,638,1 856,501,1024,641,1 438,560,531,640,1
/data/user7/wt/datasets/M3FD/M3FD/VOCdevkit/VOC2007/JPEGImages/04145.jpg 326,564,458,640,1 408,563,511,643,1 531,540,574,652,4 504,540,748,637,1 847,503,1023,641,1
/data/user7/wt/datasets/M3FD/M3FD/VOCdevkit/VOC2007/JPEGImages/04146.jpg 593,534,649,658,4 323,567,458,643,1 408,565,515,644,1 504,544,745,643,1 847,507,1024,642,1
/data/user7/wt/datasets/M3FD/M3FD/VOCdevkit/VOC2007/JPEGImages/04147.jpg 312,566,445,642,1 488,544,730,641,1 833,510,1024,642,1 395,565,495,641,1
/data/user7/wt/datasets/M3FD/M3FD/VOCdevkit/VOC2007/JPEGImages/04148.jpg 308,562,438,642,1 482,543,727,638,1 826,507,1024,642,1 388,563,492,640,1
/data/user7/wt/datasets/M3FD/M3FD/VOCdevkit/VOC2007/JPEGImages/04150.jpg 301,564,432,642,1 384,563,538,640,1 482,542,720,640,1 820,509,1024,641,1
/data/user7/wt/datasets/M3FD/M3FD/VOCdevkit/VOC2007/JPEGImages/04152.jpg 230,596,370,675,1 315,595,434,676,1 413,569,652,671,1 751,531,962,667,1 949,513,1024,668,1
/data/user7/wt/datasets/M3FD/M3FD/VOCdevkit/VOC2007/JPEGImages/04153.jpg 265,585,397,666,1 347,582,497,667,1 444,561,685,666,1 786,523,1000,662,1 985,511,1024,657,1
/data/user7/wt/datasets/M3FD/M3FD/VOCdevkit/VOC2007/JPEGImages/04154.jpg 281,561,414,640,1 365,562,504,639,1 460,538,699,635,1 798,502,1011,638,1 997,499,1024,627,1
/data/user7/wt/datasets/M3FD/M3FD/VOCdevkit/VOC2007/JPEGImages/04155.jpg 1,1,816,533,0
/data/user7/wt/datasets/M3FD/M3FD/VOCdevkit/VOC2007/JPEGImages/04156.jpg 1,292,111,408,1 55,305,239,416,1 238,1,911,491,0
/data/user7/wt/datasets/M3FD/M3FD/VOCdevkit/VOC2007/JPEGImages/04157.jpg 1,296,109,410,1 52,304,266,414,1 189,311,347,411,1 298,320,458,416,1 464,328,494,426,4 496,119,978,477,0
/data/user7/wt/datasets/M3FD/M3FD/VOCdevkit/VOC2007/JPEGImages/04158.jpg 1,296,109,411,1 54,303,265,415,1 189,311,351,411,1 482,333,517,425,4 547,348,572,399,4 298,321,458,416,1 769,232,1024,459,0
/data/user7/wt/datasets/M3FD/M3FD/VOCdevkit/VOC2007/JPEGImages/04159.jpg 1,296,108,411,1 53,304,265,413,1 189,311,349,410,1 297,319,459,416,1 481,333,515,422,4 548,345,573,398,4 836,262,1024,457,0
/data/user7/wt/datasets/M3FD/M3FD/VOCdevkit/VOC2007/JPEGImages/04160.jpg 1,294,109,409,1 54,303,266,413,1 190,310,351,414,1 293,320,459,417,1 485,334,519,422,4 551,349,575,400,4 886,290,1024,447,0
/data/user7/wt/datasets/M3FD/M3FD/VOCdevkit/VOC2007/JPEGImages/04161.jpg 1,297,110,412,1 53,304,267,412,1 187,312,351,411,1 294,320,458,418,1 487,337,520,420,4 551,348,575,401,4 915,301,1024,444,0
/data/user7/wt/datasets/M3FD/M3FD/VOCdevkit/VOC2007/JPEGImages/04162.jpg 1,293,110,412,1 53,305,265,416,1 189,311,350,411,1 295,318,458,417,1 489,334,520,416,4 548,351,570,397,4 929,314,1024,438,0
/data/user7/wt/datasets/M3FD/M3FD/VOCdevkit/VOC2007/JPEGImages/04163.jpg 4,300,110,411,1 54,303,267,416,1 187,312,351,411,1 295,320,459,415,1 489,338,519,414,4 553,349,572,396,4 942,324,1024,436,0
/data/user7/wt/datasets/M3FD/M3FD/VOCdevkit/VOC2007/JPEGImages/04165.jpg 1,295,109,408,1 53,303,265,414,1 188,310,350,410,1 297,318,460,415,1 502,341,529,414,4 554,351,572,396,4 920,340,1024,437,0
/data/user7/wt/datasets/M3FD/M3FD/VOCdevkit/VOC2007/JPEGImages/04166.jpg 1,297,108,410,1 54,303,265,413,1 188,311,348,412,1 296,319,456,416,1 511,343,537,411,4 550,355,570,394,4 878,344,1011,430,0
/data/user7/wt/datasets/M3FD/M3FD/VOCdevkit/VOC2007/JPEGImages/04167.jpg 1,293,110,411,1 53,304,265,414,1 187,310,351,412,1 298,319,458,414,1 518,345,542,413,4 551,353,569,396,4 829,344,982,427,0
/data/user7/wt/datasets/M3FD/M3FD/VOCdevkit/VOC2007/JPEGImages/04168.jpg 1,295,109,412,1 53,303,266,415,1 188,313,349,412,1 294,321,459,416,1 525,342,549,411,4 551,354,567,395,4 763,345,933,421,0
/data/user7/wt/datasets/M3FD/M3FD/VOCdevkit/VOC2007/JPEGImages/04169.jpg 1,292,109,412,1 56,303,265,414,1 187,312,352,413,1 296,319,459,417,1 532,344,554,412,4 549,356,567,395,4 691,342,870,416,0
/data/user7/wt/datasets/M3FD/M3FD/VOCdevkit/VOC2007/JPEGImages/04170.jpg 1,296,106,412,1 51,303,264,416,1 186,312,348,412,1 293,320,457,417,1 535,348,560,412,4 617,341,791,410,0
/data/user7/wt/datasets/M3FD/M3FD/VOCdevkit/VOC2007/JPEGImages/04171.jpg 1,296,101,412,1 45,305,259,415,1 181,312,342,414,1 288,319,451,417,1 539,344,561,411,4 533,337,699,402,0
/data/user7/wt/datasets/M3FD/M3FD/VOCdevkit/VOC2007/JPEGImages/04173.jpg 548,349,568,408,4 283,318,447,416,1 177,311,335,408,1 36,309,255,415,1 1,283,102,426,1 538,357,551,394,4
/data/user7/wt/datasets/M3FD/M3FD/VOCdevkit/VOC2007/JPEGImages/04174.jpg 551,352,573,409,4 537,358,557,395,4 286,318,446,419,1 178,312,339,413,1 45,304,254,414,1 1,281,105,426,1
/data/user7/wt/datasets/M3FD/M3FD/VOCdevkit/VOC2007/JPEGImages/04175.jpg 551,354,570,407,4 536,359,555,395,4 283,320,445,418,1 176,311,335,415,1 38,305,248,417,1 1,298,92,414,1
/data/user7/wt/datasets/M3FD/M3FD/VOCdevkit/VOC2007/JPEGImages/04176.jpg 549,347,572,406,4 532,362,548,397,4 272,320,439,417,1 168,314,328,415,1 32,302,248,416,1 1,298,87,416,1
/data/user7/wt/datasets/M3FD/M3FD/VOCdevkit/VOC2007/JPEGImages/04177.jpg 558,351,578,409,4 532,360,550,393,4 273,320,437,418,1 169,312,329,410,1 33,304,247,418,1 1,299,86,412,1
/data/user7/wt/datasets/M3FD/M3FD/VOCdevkit/VOC2007/JPEGImages/04178.jpg 564,353,587,405,4 534,361,552,395,4 278,321,436,415,1 161,313,329,416,1 33,303,242,413,1 1,301,84,412,1
/data/user7/wt/datasets/M3FD/M3FD/VOCdevkit/VOC2007/JPEGImages/04179.jpg 567,356,587,407,4 532,362,549,395,4 277,323,437,415,1 170,312,329,413,1 27,304,244,416,1 1,301,85,411,1
/data/user7/wt/datasets/M3FD/M3FD/VOCdevkit/VOC2007/JPEGImages/04180.jpg 566,354,586,405,4 526,362,546,394,4 275,324,432,419,1 161,311,326,414,1 27,302,242,415,1 1,298,84,413,1
/data/user7/wt/datasets/M3FD/M3FD/VOCdevkit/VOC2007/JPEGImages/04181.jpg 665,316,766,517,4 516,296,585,516,4 411,293,571,541,3
/data/user7/wt/datasets/M3FD/M3FD/VOCdevkit/VOC2007/JPEGImages/04182.jpg 645,296,721,512,4 546,297,613,501,4 407,289,564,540,3
/data/user7/wt/datasets/M3FD/M3FD/VOCdevkit/VOC2007/JPEGImages/04183.jpg 652,292,743,509,4 595,274,662,521,4 412,293,565,541,3
/data/user7/wt/datasets/M3FD/M3FD/VOCdevkit/VOC2007/JPEGImages/04184.jpg 532,281,644,524,4 715,289,828,497,4 415,283,566,538,3
/data/user7/wt/datasets/M3FD/M3FD/VOCdevkit/VOC2007/JPEGImages/04185.jpg 562,280,619,504,4 726,274,788,496,4 419,282,570,533,3
/data/user7/wt/datasets/M3FD/M3FD/VOCdevkit/VOC2007/JPEGImages/04186.jpg 521,282,574,508,4 566,296,619,497,4 375,287,528,534,3
/data/user7/wt/datasets/M3FD/M3FD/VOCdevkit/VOC2007/JPEGImages/04187.jpg 538,277,597,520,4 380,286,530,531,3
/data/user7/wt/datasets/M3FD/M3FD/VOCdevkit/VOC2007/JPEGImages/04188.jpg 532,278,590,518,4 377,283,532,534,3
/data/user7/wt/datasets/M3FD/M3FD/VOCdevkit/VOC2007/JPEGImages/04189.jpg 525,275,619,516,4 378,283,533,536,3
/data/user7/wt/datasets/M3FD/M3FD/VOCdevkit/VOC2007/JPEGImages/04190.jpg 524,287,597,504,4 379,285,531,532,3
/data/user7/wt/datasets/M3FD/M3FD/VOCdevkit/VOC2007/JPEGImages/04191.jpg 531,279,620,514,4 378,285,532,533,3
/data/user7/wt/datasets/M3FD/M3FD/VOCdevkit/VOC2007/JPEGImages/04193.jpg 527,252,617,541,4 591,285,658,506,4 378,281,534,532,3
/data/user7/wt/datasets/M3FD/M3FD/VOCdevkit/VOC2007/JPEGImages/04195.jpg 541,254,614,537,4 491,264,561,524,4 377,290,519,538,3
/data/user7/wt/datasets/M3FD/M3FD/VOCdevkit/VOC2007/JPEGImages/04196.jpg 540,256,624,538,4 410,257,533,456,4 376,295,529,533,3
/data/user7/wt/datasets/M3FD/M3FD/VOCdevkit/VOC2007/JPEGImages/04197.jpg 503,262,595,529,4 370,243,507,389,4 372,291,533,537,3
/data/user7/wt/datasets/M3FD/M3FD/VOCdevkit/VOC2007/JPEGImages/04198.jpg 496,260,593,525,4 366,263,484,455,4 353,306,530,533,3
/data/user7/wt/datasets/M3FD/M3FD/VOCdevkit/VOC2007/JPEGImages/04199.jpg 454,242,538,465,4 340,299,446,466,4 384,307,527,533,3
